                                                                        S      1
,,12Hgenerator v3,15Haxial_generator,7Hunknown,7Hunknown,32,38,7,99,15,,G      1
1.,2,2HMM,1,0.08,15H20260629.014142,0.01,10000.,7Hunknown,7Hunknown,11, G      2
0,15H20260614.074237;                                                   G      3
     408       1                                      43        00000001D      1
     408       0               1       0                               0D      2
     408       2                                                00000001D      3
     408       0               1       0                               0D      4
     408       3                                      45        00000001D      5
     408       0               1       0                               0D      6
     408       4                                      47        00000001D      7
     408       0               1       0                               0D      8
     408       5                                      49        00000001D      9
     408       0               1       0                               0D     10
     408       6                                      51        00000001D     11
     408       0               1       0                               0D     12
     408       7                                      53        00000001D     13
     408       0               1       0                               0D     14
     408       8                                      55        00000001D     15
     408       0               1       0                               0D     16
     408       9                                                00010001D     17
     408       0               1       0                               0D     18
     408      10                                      57        00010001D     19
     408       0               1       0                               0D     20
     408      11                                                00010001D     21
     408       0               1       0                               0D     22
     408      12                                      59        00010001D     23
     408       0               1       0                               0D     24
     408      13                                      61        00010001D     25
     408       0               1       0                               0D     26
     408      14                                      63        00010001D     27
     408       0               1       0                               0D     28
     408      15                                      65        00010001D     29
     408       0               1       0                               0D     30
     408      16                                      67        00010001D     31
     408       0               1       0                               0D     32
     408      17                                      69        00010001D     33
     408       0               1       0                               0D     34
     408      18                                      71        00000001D     35
     408       0               1       0                               0D     36
     408      19                                      73        00000001D     37
     408       0               1       0                               0D     38
     408      20                                      75        00000001D     39
     408       0               1       0                               0D     40
     408      21                                      77        00000001D     41
     408       0               1       0                               0D     42
     124      22                                                00000000D     43
     124                       2       0                               0D     44
     124      24                                                00000000D     45
     124                       2       0                               0D     46
     124      26                                                00000000D     47
     124                       1       0                               0D     48
     124      27                                                00000000D     49
     124                       1       0                               0D     50
     124      28                                                00000000D     51
     124                       1       0                               0D     52
     124      29                                                00000000D     53
     124                       1       0                               0D     54
     124      30                                                00000000D     55
     124                       1       0                               0D     56
     124      31                                                00000000D     57
     124                       3       0                               0D     58
     124      34                                                00000000D     59
     124                       3       0                               0D     60
     124      37                                                00000000D     61
     124                       4       0                               0D     62
     124      41                                                00000000D     63
     124                       4       0                               0D     64
     124      45                                                00000000D     65
     124                       3       0                               0D     66
     124      48                                                00000000D     67
     124                       3       0                               0D     68
     124      51                                                00000000D     69
     124                       4       0                               0D     70
     124      55                                                00000000D     71
     124                       1       0                               0D     72
     124      56                                                00000000D     73
     124                       2       0                               0D     74
     124      58                                                00000000D     75
     124                       2       0                               0D     76
     124      60                                                00000000D     77
     124                       2       0                               0D     78
     308      62                                                00010200D     79
     308       0               1       0                               0D     80
     308      63                                                00010200D     81
     308       0               1       0                               0D     82
     308      64                                                00010200D     83
     308       0               1       0                               0D     84
     308      65                                                00010200D     85
     308       0               1       0                               0D     86
     308      66                                                00010200D     87
     308       0               1       0                               0D     88
     308      67                                                00010200D     89
     308       0               1       0                               0D     90
     308      68                                                00010200D     91
     308       0               1       0                               0D     92
     308      69                                                00010200D     93
     308       0               1       0                               0D     94
     186      70                                                00010000D     95
     186           -1955       1       0                               0D     96
     186      71                                                00010000D     97
     186           -1955       1       0                               0D     98
     186      72                                                00010000D     99
     186           -1957       1       0                               0D    100
     186      73                                                00010000D    101
     186           -1959       1       0                               0D    102
     186      74                                                00010000D    103
     186           -1961       1       0                               0D    104
     186      75                                                00010000D    105
     186           -1957       1       0                               0D    106
     186      76                                                00010000D    107
     186           -1957       1       0                               0D    108
     514      77                                                00010000D    109
     514                       2       1                               0D    110
     514      79                                                00010000D    111
     514                      10       1                               0D    112
     514      89                                                00010000D    113
     514                       1       1                               0D    114
     514      90                                                00010000D    115
     514                       1       1                               0D    116
     514      91                                                00010000D    117
     514                       1       1                               0D    118
     514      92                                                00010000D    119
     514                       1       1                               0D    120
     514      93                                                00010000D    121
     514                       3       1                               0D    122
     510      96                                                00010000D    123
     510           -1955       1       1                               0D    124
     510      97                                                00010000D    125
     510           -1955       1       1                               0D    126
     510      98                                                00010000D    127
     510           -1955       1       1                               0D    128
     510      99                                                00010000D    129
     510           -1955       1       1                               0D    130
     510     100                                                00010000D    131
     510           -1955       1       1                               0D    132
     510     101                                                00010000D    133
     510           -1955       1       1                               0D    134
     510     102                                                00010000D    135
     510           -1955       1       1                               0D    136
     510     103                                                00010000D    137
     510           -1955       1       1                               0D    138
     510     104                                                00010000D    139
     510           -1955       1       1                               0D    140
     510     105                                                00010000D    141
     510           -1955       1       1                               0D    142
     510     106                                                00010000D    143
     510           -1955       1       1                               0D    144
     510     107                                                00010000D    145
     510           -1955       1       1                               0D    146
     510     108                                                00010000D    147
     510           -1955       1       1                               0D    148
     510     109                                                00010000D    149
     510           -1955       1       1                               0D    150
     510     110                                                00010000D    151
     510           -1955       1       1                               0D    152
     510     111                                                00010000D    153
     510           -1955       1       1                               0D    154
     510     112                                                00010000D    155
     510           -1955       1       1                               0D    156
     510     113                                                00010000D    157
     510           -1955       1       1                               0D    158
     510     114                                                00010000D    159
     510           -1955       1       1                               0D    160
     510     115                                                00010000D    161
     510           -1955       1       1                               0D    162
     510     116                                                00010000D    163
     510           -1955       1       1                               0D    164
     510     117                                                00010000D    165
     510           -1955       1       1                               0D    166
     510     118                                                00010000D    167
     510           -1955       1       1                               0D    168
     510     119                                                00010000D    169
     510           -1955       1       1                               0D    170
     510     120                                                00010000D    171
     510           -1955       1       1                               0D    172
     510     121                                                00010000D    173
     510           -1955       1       1                               0D    174
     510     122                                                00010000D    175
     510           -1955       1       1                               0D    176
     510     123                                                00010000D    177
     510           -1955       1       1                               0D    178
     510     124                                                00010000D    179
     510           -1955       1       1                               0D    180
     510     125                                                00010000D    181
     510           -1955       1       1                               0D    182
     510     126                                                00010000D    183
     510           -1955       1       1                               0D    184
     510     127                                                00010000D    185
     510           -1955       1       1                               0D    186
     510     128                                                00010000D    187
     510           -1955       1       1                               0D    188
     510     129                                                00010000D    189
     510           -1955       1       1                               0D    190
     510     130                                                00010000D    191
     510           -1955       1       1                               0D    192
     510     131                                                00010000D    193
     510           -1955       1       1                               0D    194
     510     132                                                00010000D    195
     510           -1955       1       1                               0D    196
     510     133                                                00010000D    197
     510           -1955       1       1                               0D    198
     510     134                                                00010000D    199
     510           -1955       1       1                               0D    200
     510     135                                                00010000D    201
     510           -1955       1       1                               0D    202
     510     136                                                00010000D    203
     510           -1955       1       1                               0D    204
     510     137                                                00010000D    205
     510           -1955       1       1                               0D    206
     510     138                                                00010000D    207
     510           -1955       1       1                               0D    208
     510     139                                                00010000D    209
     510           -1955       1       1                               0D    210
     510     140                                                00010000D    211
     510           -1955       1       1                               0D    212
     510     141                                                00010000D    213
     510           -1955       1       1                               0D    214
     510     142                                                00010000D    215
     510           -1955       1       1                               0D    216
     510     143                                                00010000D    217
     510           -1955       1       1                               0D    218
     510     144                                                00010000D    219
     510           -1955       1       1                               0D    220
     510     145                                                00010000D    221
     510           -1955       1       1                               0D    222
     510     146                                                00010000D    223
     510           -1955       1       1                               0D    224
     510     147                                                00010000D    225
     510           -1955       1       1                               0D    226
     510     148                                                00010000D    227
     510           -1955       1       1                               0D    228
     510     149                                                00010000D    229
     510           -1955       1       1                               0D    230
     510     150                                                00010000D    231
     510           -1955       1       1                               0D    232
     510     151                                                00010000D    233
     510           -1955       1       1                               0D    234
     510     152                                                00010000D    235
     510           -1955       1       1                               0D    236
     510     153                                                00010000D    237
     510           -1955       1       1                               0D    238
     510     154                                                00010000D    239
     510           -1955       1       1                               0D    240
     510     155                                                00010000D    241
     510           -1955       1       1                               0D    242
     510     156                                                00010000D    243
     510           -1955       1       1                               0D    244
     510     157                                                00010000D    245
     510           -1955       1       1                               0D    246
     510     158                                                00010000D    247
     510           -1955       1       1                               0D    248
     510     159                                                00010000D    249
     510           -1955       1       1                               0D    250
     510     160                                                00010000D    251
     510           -1955       1       1                               0D    252
     510     161                                                00010000D    253
     510           -1955       1       1                               0D    254
     510     162                                                00010000D    255
     510           -1955       1       1                               0D    256
     510     163                                                00010000D    257
     510           -1955       1       1                               0D    258
     510     164                                                00010000D    259
     510           -1955       1       1                               0D    260
     510     165                                                00010000D    261
     510           -1955       1       1                               0D    262
     510     166                                                00010000D    263
     510           -1955       1       1                               0D    264
     510     167                                                00010000D    265
     510           -1955       1       1                               0D    266
     510     168                                                00010000D    267
     510           -1955       1       1                               0D    268
     510     169                                                00010000D    269
     510           -1955       1       1                               0D    270
     510     170                                                00010000D    271
     510           -1955       1       1                               0D    272
     510     171                                                00010000D    273
     510           -1955       1       1                               0D    274
     510     172                                                00010000D    275
     510           -1955       1       1                               0D    276
     510     173                                                00010000D    277
     510           -1955       1       1                               0D    278
     510     174                                                00010000D    279
     510           -1955       1       1                               0D    280
     510     175                                                00010000D    281
     510           -1955       1       1                               0D    282
     510     176                                                00010000D    283
     510           -1955       1       1                               0D    284
     510     177                                                00010000D    285
     510           -1955       1       1                               0D    286
     510     178                                                00010000D    287
     510           -1955       1       1                               0D    288
     510     179                                                00010000D    289
     510           -1955       1       1                               0D    290
     510     180                                                00010000D    291
     510           -1955       1       1                               0D    292
     510     181                                                00010000D    293
     510           -1955       1       1                               0D    294
     510     182                                                00010000D    295
     510           -1955       1       1                               0D    296
     510     183                                                00010000D    297
     510           -1955       1       1                               0D    298
     510     184                                                00010000D    299
     510           -1955       1       1                               0D    300
     510     185                                                00010000D    301
     510           -1955       1       1                               0D    302
     510     186                                                00010000D    303
     510           -1955       1       1                               0D    304
     510     187                                                00010000D    305
     510           -1955       1       1                               0D    306
     510     188                                                00010000D    307
     510           -1955       1       1                               0D    308
     510     189                                                00010000D    309
     510           -1955       1       1                               0D    310
     510     190                                                00010000D    311
     510           -1955       1       1                               0D    312
     510     191                                                00010000D    313
     510           -1955       1       1                               0D    314
     510     192                                                00010000D    315
     510           -1955       1       1                               0D    316
     510     193                                                00010000D    317
     510           -1955       1       1                               0D    318
     510     194                                                00010000D    319
     510           -1955       1       1                               0D    320
     510     195                                                00010000D    321
     510           -1955       1       1                               0D    322
     510     196                                                00010000D    323
     510           -1955       1       1                               0D    324
     510     197                                                00010000D    325
     510           -1955       1       1                               0D    326
     510     198                                                00010000D    327
     510           -1955       1       1                               0D    328
     510     199                                                00010000D    329
     510           -1955       1       1                               0D    330
     510     200                                                00010000D    331
     510           -1955       1       1                               0D    332
     510     201                                                00010000D    333
     510           -1955       1       1                               0D    334
     510     202                                                00010000D    335
     510           -1955       1       1                               0D    336
     510     203                                                00010000D    337
     510           -1955       1       1                               0D    338
     510     204                                                00010000D    339
     510           -1955       1       1                               0D    340
     510     205                                                00010000D    341
     510           -1955       1       1                               0D    342
     510     206                                                00010000D    343
     510           -1955       1       1                               0D    344
     510     207                                                00010000D    345
     510           -1955       1       1                               0D    346
     510     208                                                00010000D    347
     510           -1955       1       1                               0D    348
     510     209                                                00010000D    349
     510           -1955       1       1                               0D    350
     510     210                                                00010000D    351
     510           -1955       1       1                               0D    352
     510     211                                                00010000D    353
     510           -1957       1       1                               0D    354
     510     212                                                00010000D    355
     510           -1957       1       1                               0D    356
     510     213                                                00010000D    357
     510           -1957       1       1                               0D    358
     510     214                                                00010000D    359
     510           -1957       1       1                               0D    360
     510     215                                                00010000D    361
     510           -1957       1       1                               0D    362
     510     216                                                00010000D    363
     510           -1959       1       1                               0D    364
     510     217                                                00010000D    365
     510           -1959       1       1                               0D    366
     510     218                                                00010000D    367
     510           -1959       1       1                               0D    368
     510     219                                                00010000D    369
     510           -1959       1       1                               0D    370
     510     220                                                00010000D    371
     510           -1959       1       1                               0D    372
     510     221                                                00010000D    373
     510           -1959       1       1                               0D    374
     510     222                                                00010000D    375
     510           -1959       1       1                               0D    376
     510     223                                                00010000D    377
     510           -1959       1       1                               0D    378
     510     224                                                00010000D    379
     510           -1961       1       1                               0D    380
     510     225                                                00010000D    381
     510           -1961       1       1                               0D    382
     510     226                                                00010000D    383
     510           -1961       1       1                               0D    384
     510     227                                                00010000D    385
     510           -1961       1       1                               0D    386
     510     228                                                00010000D    387
     510           -1957       1       1                               0D    388
     510     229                                                00010000D    389
     510           -1957       1       1                               0D    390
     510     230                                                00010000D    391
     510           -1957       1       1                               0D    392
     510     231                                                00010000D    393
     510           -1957       1       1                               0D    394
     510     232                                                00010000D    395
     510           -1957       1       1                               0D    396
     510     233                                                00010000D    397
     510           -1957       1       1                               0D    398
     510     234                                                00010000D    399
     510           -1957       1       1                               0D    400
     510     235                                                00010000D    401
     510           -1957       1       1                               0D    402
     510     236                                                00010000D    403
     510           -1957       1       1                               0D    404
     510     237                                                00010000D    405
     510           -1957       1       1                               0D    406
     510     238                                                00010000D    407
     510           -1957       1       1                               0D    408
     510     239                                                00010000D    409
     510           -1957       1       1                               0D    410
     510     240                                                00010000D    411
     510           -1957       1       1                               0D    412
     510     241                                                00010000D    413
     510           -1957       1       1                               0D    414
     510     242                                                00010000D    415
     510           -1957       1       1                               0D    416
     510     243                                                00010000D    417
     510           -1957       1       1                               0D    418
     510     244                                                00010000D    419
     510           -1957       1       1                               0D    420
     510     245                                                00010000D    421
     510           -1957       1       1                               0D    422
     510     246                                                00010000D    423
     510           -1957       1       1                               0D    424
     510     247                                                00010000D    425
     510           -1957       1       1                               0D    426
     510     248                                                00010000D    427
     510           -1957       1       1                               0D    428
     510     249                                                00010000D    429
     510           -1957       1       1                               0D    430
     510     250                                                00010000D    431
     510           -1957       1       1                               0D    432
     510     251                                                00010000D    433
     510           -1957       1       1                               0D    434
     510     252                                                00010000D    435
     510           -1957       1       1                               0D    436
     510     253                                                00010000D    437
     510           -1957       1       1                               0D    438
     510     254                                                00010000D    439
     510           -1957       1       1                               0D    440
     510     255                                                00010000D    441
     510           -1957       1       1                               0D    442
     510     256                                                00010000D    443
     510           -1957       1       1                               0D    444
     510     257                                                00010000D    445
     510           -1957       1       1                               0D    446
     510     258                                                00010000D    447
     510           -1957       1       1                               0D    448
     508     259                                                00010000D    449
     508                       2       1                               0D    450
     508     261                                                00010000D    451
     508                       2       1                               0D    452
     508     263                                                00010000D    453
     508                       1       1                               0D    454
     508     264                                                00010000D    455
     508                       1       1                               0D    456
     508     265                                                00010000D    457
     508                       1       1                               0D    458
     508     266                                                00010000D    459
     508                       1       1                               0D    460
     508     267                                                00010000D    461
     508                       2       1                               0D    462
     508     269                                                00010000D    463
     508                       1       1                               0D    464
     508     270                                                00010000D    465
     508                       1       1                               0D    466
     508     271                                                00010000D    467
     508                       1       1                               0D    468
     508     272                                                00010000D    469
     508                       1       1                               0D    470
     508     273                                                00010000D    471
     508                       1       1                               0D    472
     508     274                                                00010000D    473
     508                       2       1                               0D    474
     508     276                                                00010000D    475
     508                       2       1                               0D    476
     508     278                                                00010000D    477
     508                       2       1                               0D    478
     508     280                                                00010000D    479
     508                       2       1                               0D    480
     508     282                                                00010000D    481
     508                       2       1                               0D    482
     508     284                                                00010000D    483
     508                       2       1                               0D    484
     508     286                                                00010000D    485
     508                       2       1                               0D    486
     508     288                                                00010000D    487
     508                       2       1                               0D    488
     508     290                                                00010000D    489
     508                       1       1                               0D    490
     508     291                                                00010000D    491
     508                       2       1                               0D    492
     508     293                                                00010000D    493
     508                       1       1                               0D    494
     508     294                                                00010000D    495
     508                       1       1                               0D    496
     508     295                                                00010000D    497
     508                       2       1                               0D    498
     508     297                                                00010000D    499
     508                       1       1                               0D    500
     508     298                                                00010000D    501
     508                       1       1                               0D    502
     508     299                                                00010000D    503
     508                       1       1                               0D    504
     508     300                                                00010000D    505
     508                       1       1                               0D    506
     508     301                                                00010000D    507
     508                       1       1                               0D    508
     508     302                                                00010000D    509
     508                       1       1                               0D    510
     508     303                                                00010000D    511
     508                       1       1                               0D    512
     508     304                                                00010000D    513
     508                       1       1                               0D    514
     508     305                                                00010000D    515
     508                       1       1                               0D    516
     508     306                                                00010000D    517
     508                       1       1                               0D    518
     508     307                                                00010000D    519
     508                       1       1                               0D    520
     508     308                                                00010000D    521
     508                       1       1                               0D    522
     508     309                                                00010000D    523
     508                       1       1                               0D    524
     508     310                                                00010000D    525
     508                       1       1                               0D    526
     508     311                                                00010000D    527
     508                       1       1                               0D    528
     508     312                                                00010000D    529
     508                       1       1                               0D    530
     508     313                                                00010000D    531
     508                       1       1                               0D    532
     508     314                                                00010000D    533
     508                       1       1                               0D    534
     508     315                                                00010000D    535
     508                       1       1                               0D    536
     508     316                                                00010000D    537
     508                       1       1                               0D    538
     508     317                                                00010000D    539
     508                       1       1                               0D    540
     508     318                                                00010000D    541
     508                       2       1                               0D    542
     508     320                                                00010000D    543
     508                       1       1                               0D    544
     508     321                                                00010000D    545
     508                       2       1                               0D    546
     508     323                                                00010000D    547
     508                       1       1                               0D    548
     508     324                                                00010000D    549
     508                       1       1                               0D    550
     508     325                                                00010000D    551
     508                       1       1                               0D    552
     508     326                                                00010000D    553
     508                       1       1                               0D    554
     508     327                                                00010000D    555
     508                       1       1                               0D    556
     508     328                                                00010000D    557
     508                       1       1                               0D    558
     508     329                                                00010000D    559
     508                       1       1                               0D    560
     508     330                                                00010000D    561
     508                       1       1                               0D    562
     508     331                                                00010000D    563
     508                       1       1                               0D    564
     508     332                                                00010000D    565
     508                       1       1                               0D    566
     508     333                                                00010000D    567
     508                       1       1                               0D    568
     508     334                                                00010000D    569
     508                       1       1                               0D    570
     508     335                                                00010000D    571
     508                       1       1                               0D    572
     508     336                                                00010000D    573
     508                       1       1                               0D    574
     508     337                                                00010000D    575
     508                       1       1                               0D    576
     508     338                                                00010000D    577
     508                       1       1                               0D    578
     508     339                                                00010000D    579
     508                       1       1                               0D    580
     508     340                                                00010000D    581
     508                       1       1                               0D    582
     508     341                                                00010000D    583
     508                       2       1                               0D    584
     508     343                                                00010000D    585
     508                       1       1                               0D    586
     508     344                                                00010000D    587
     508                       1       1                               0D    588
     508     345                                                00010000D    589
     508                       1       1                               0D    590
     508     346                                                00010000D    591
     508                       2       1                               0D    592
     508     348                                                00010000D    593
     508                       2       1                               0D    594
     508     350                                                00010000D    595
     508                       2       1                               0D    596
     508     352                                                00010000D    597
     508                       2       1                               0D    598
     508     354                                                00010000D    599
     508                       2       1                               0D    600
     508     356                                                00010000D    601
     508                       1       1                               0D    602
     508     357                                                00010000D    603
     508                       1       1                               0D    604
     508     358                                                00010000D    605
     508                       2       1                               0D    606
     508     360                                                00010000D    607
     508                       2       1                               0D    608
     508     362                                                00010000D    609
     508                       2       1                               0D    610
     508     364                                                00010000D    611
     508                       2       1                               0D    612
     508     366                                                00010000D    613
     508                       2       1                               0D    614
     508     368                                                00010000D    615
     508                       2       1                               0D    616
     508     370                                                00010000D    617
     508                       2       1                               0D    618
     508     372                                                00010000D    619
     508                       2       1                               0D    620
     508     374                                                00010000D    621
     508                       2       1                               0D    622
     508     376                                                00010000D    623
     508                       2       1                               0D    624
     508     378                                                00010000D    625
     508                       2       1                               0D    626
     508     380                                                00010000D    627
     508                       2       1                               0D    628
     508     382                                                00010000D    629
     508                       2       1                               0D    630
     508     384                                                00010000D    631
     508                       2       1                               0D    632
     508     386                                                00010000D    633
     508                       1       1                               0D    634
     508     387                                                00010000D    635
     508                       1       1                               0D    636
     508     388                                                00010000D    637
     508                       2       1                               0D    638
     508     390                                                00010000D    639
     508                       2       1                               0D    640
     508     392                                                00010000D    641
     508                       2       1                               0D    642
     508     394                                                00010000D    643
     508                       2       1                               0D    644
     508     396                                                00010000D    645
     508                       2       1                               0D    646
     508     398                                                00010000D    647
     508                       1       1                               0D    648
     508     399                                                00010000D    649
     508                       2       1                               0D    650
     508     401                                                00010000D    651
     508                       2       1                               0D    652
     508     403                                                00010000D    653
     508                       2       1                               0D    654
     508     405                                                00010000D    655
     508                       1       1                               0D    656
     508     406                                                00010000D    657
     508                       2       1                               0D    658
     508     408                                                00010000D    659
     508                       2       1                               0D    660
     508     410                                                00010000D    661
     508                       1       1                               0D    662
     508     411                                                00010000D    663
     508                       1       1                               0D    664
     508     412                                                00010000D    665
     508                       2       1                               0D    666
     508     414                                                00010000D    667
     508                       1       1                               0D    668
     508     415                                                00010000D    669
     508                       1       1                               0D    670
     508     416                                                00010000D    671
     508                       1       1                               0D    672
     508     417                                                00010000D    673
     508                       1       1                               0D    674
     508     418                                                00010000D    675
     508                       1       1                               0D    676
     508     419                                                00010000D    677
     508                       2       1                               0D    678
     508     421                                                00010000D    679
     508                       1       1                               0D    680
     508     422                                                00010000D    681
     508                       1       1                               0D    682
     508     423                                                00010000D    683
     508                       2       1                               0D    684
     508     425                                                00010000D    685
     508                       1       1                               0D    686
     508     426                                                00010000D    687
     508                       1       1                               0D    688
     508     427                                                00010000D    689
     508                       1       1                               0D    690
     508     428                                                00010000D    691
     508                       1       1                               0D    692
     508     429                                                00010000D    693
     508                       1       1                               0D    694
     508     430                                                00010000D    695
     508                       2       1                               0D    696
     508     432                                                00010000D    697
     508                       2       1                               0D    698
     508     434                                                00010000D    699
     508                       2       1                               0D    700
     508     436                                                00010000D    701
     508                       2       1                               0D    702
     508     438                                                00010000D    703
     508                       2       1                               0D    704
     508     440                                                00010000D    705
     508                       2       1                               0D    706
     508     442                                                00010000D    707
     508                       2       1                               0D    708
     508     444                                                00010000D    709
     508                       2       1                               0D    710
     508     446                                                00010000D    711
     508                       2       1                               0D    712
     508     448                                                00010000D    713
     508                       2       1                               0D    714
     508     450                                                00010000D    715
     508                       2       1                               0D    716
     508     452                                                00010000D    717
     508                       2       1                               0D    718
     508     454                                                00010000D    719
     508                       2       1                               0D    720
     508     456                                                00010000D    721
     508                       2       1                               0D    722
     508     458                                                00010000D    723
     508                       1       1                               0D    724
     508     459                                                00010000D    725
     508                       2       1                               0D    726
     508     461                                                00010000D    727
     508                       1       1                               0D    728
     508     462                                                00010000D    729
     508                       2       1                               0D    730
     508     464                                                00010000D    731
     508                       2       1                               0D    732
     508     466                                                00010000D    733
     508                       1       1                               0D    734
     508     467                                                00010000D    735
     508                       1       1                               0D    736
     508     468                                                00010000D    737
     508                       2       1                               0D    738
     508     470                                                00010000D    739
     508                       1       1                               0D    740
     508     471                                                00010000D    741
     508                       1       1                               0D    742
     508     472                                                00010000D    743
     508                       2       1                               0D    744
     508     474                                                00010000D    745
     508                       2       1                               0D    746
     508     476                                                00010000D    747
     508                       2       1                               0D    748
     508     478                                                00010000D    749
     508                       1       1                               0D    750
     508     479                                                00010000D    751
     508                       1       1                               0D    752
     508     480                                                00010000D    753
     508                       1       1                               0D    754
     508     481                                                00010000D    755
     508                       1       1                               0D    756
     508     482                                                00010000D    757
     508                       1       1                               0D    758
     508     483                                                00010000D    759
     508                       1       1                               0D    760
     508     484                                                00010000D    761
     508                       1       1                               0D    762
     508     485                                                00010000D    763
     508                       1       1                               0D    764
     508     486                                                00010000D    765
     508                       1       1                               0D    766
     508     487                                                00010000D    767
     508                       2       1                               0D    768
     508     489                                                00010000D    769
     508                       2       1                               0D    770
     508     491                                                00010000D    771
     508                       1       1                               0D    772
     508     492                                                00010000D    773
     508                       1       1                               0D    774
     508     493                                                00010000D    775
     508                       2       1                               0D    776
     508     495                                                00010000D    777
     508                       1       1                               0D    778
     508     496                                                00010000D    779
     508                       2       1                               0D    780
     508     498                                                00010000D    781
     508                       2       1                               0D    782
     508     500                                                00010000D    783
     508                       1       1                               0D    784
     508     501                                                00010000D    785
     508                       2       1                               0D    786
     508     503                                                00010000D    787
     508                       2       1                               0D    788
     508     505                                                00010000D    789
     508                       1       1                               0D    790
     508     506                                                00010000D    791
     508                       1       1                               0D    792
     508     507                                                00010000D    793
     508                       1       1                               0D    794
     508     508                                                00010000D    795
     508                       1       1                               0D    796
     508     509                                                00010000D    797
     508                       1       1                               0D    798
     508     510                                                00010000D    799
     508                       1       1                               0D    800
     508     511                                                00010000D    801
     508                       1       1                               0D    802
     508     512                                                00010000D    803
     508                       1       1                               0D    804
     508     513                                                00010000D    805
     508                       1       1                               0D    806
     508     514                                                00010000D    807
     508                       2       1                               0D    808
     508     516                                                00010000D    809
     508                       1       1                               0D    810
     508     517                                                00010000D    811
     508                       1       1                               0D    812
     508     518                                                00010000D    813
     508                       1       1                               0D    814
     508     519                                                00010000D    815
     508                       1       1                               0D    816
     508     520                                                00010000D    817
     508                       1       1                               0D    818
     508     521                                                00010000D    819
     508                       1       1                               0D    820
     508     522                                                00010000D    821
     508                       1       1                               0D    822
     508     523                                                00010000D    823
     508                       1       1                               0D    824
     508     524                                                00010000D    825
     508                       1       1                               0D    826
     126     525                                                00010000D    827
     126       0               5       0                               0D    828
     126     530                                                00010000D    829
     126       0               3       0                               0D    830
     126     533                                                00010000D    831
     126       0               5       0                               0D    832
     126     538                                                00010000D    833
     126       0               8       0                               0D    834
     126     546                                                00010000D    835
     126       0               7       0                               0D    836
     126     553                                                00010000D    837
     126       0               3       0                               0D    838
     126     556                                                00010000D    839
     126       0               7       0                               0D    840
     126     563                                                00010000D    841
     126       0               5       0                               0D    842
     126     568                                                00010000D    843
     126       0              11       0                               0D    844
     126     579                                                00010000D    845
     126       0               9       0                               0D    846
     126     588                                                00010000D    847
     126       0              11       0                               0D    848
     126     599                                                00010000D    849
     126       0               5       0                               0D    850
     126     604                                                00010000D    851
     126       0               5       0                               0D    852
     126     609                                                00010000D    853
     126       0               5       0                               0D    854
     126     614                                                00010000D    855
     126       0               7       0                               0D    856
     126     621                                                00010000D    857
     126       0               7       0                               0D    858
     126     628                                                00010000D    859
     126       0               8       0                               0D    860
     126     636                                                00010000D    861
     126       0               5       0                               0D    862
     126     641                                                00010000D    863
     126       0               5       0                               0D    864
     126     646                                                00010000D    865
     126       0               9       0                               0D    866
     126     655                                                00010000D    867
     126       0               5       0                               0D    868
     126     660                                                00010000D    869
     126       0               9       0                               0D    870
     126     669                                                00010000D    871
     126       0               5       0                               0D    872
     126     674                                                00010000D    873
     126       0               7       0                               0D    874
     126     681                                                00010000D    875
     126       0               3       0                               0D    876
     126     684                                                00010000D    877
     126       0               9       0                               0D    878
     126     693                                                00010000D    879
     126       0               5       0                               0D    880
     126     698                                                00010000D    881
     126       0               5       0                               0D    882
     126     703                                                00010000D    883
     126       0               9       0                               0D    884
     126     712                                                00010000D    885
     126       0               2       0                               0D    886
     126     714                                                00010000D    887
     126       0               6       0                               0D    888
     126     720                                                00010000D    889
     126       0               4       0                               0D    890
     126     724                                                00010000D    891
     126       0               8       0                               0D    892
     126     732                                                00010000D    893
     126       0               2       0                               0D    894
     126     734                                                00010000D    895
     126       0               6       0                               0D    896
     126     740                                                00010000D    897
     126       0               5       0                               0D    898
     126     745                                                00010000D    899
     126       0               9       0                               0D    900
     126     754                                                00010000D    901
     126       0               2       0                               0D    902
     126     756                                                00010000D    903
     126       0               4       0                               0D    904
     126     760                                                00010000D    905
     126       0               5       0                               0D    906
     126     765                                                00010000D    907
     126       0               5       0                               0D    908
     126     770                                                00010000D    909
     126       0               5       0                               0D    910
     126     775                                                00010000D    911
     126       0               7       0                               0D    912
     126     782                                                00010000D    913
     126       0               7       0                               0D    914
     126     789                                                00010000D    915
     126       0               8       0                               0D    916
     126     797                                                00010000D    917
     126       0              12       0                               0D    918
     126     809                                                00010000D    919
     126       0               9       0                               0D    920
     126     818                                                00010000D    921
     126       0               3       0                               0D    922
     126     821                                                00010000D    923
     126       0              12       0                               0D    924
     126     833                                                00010000D    925
     126       0               4       0                               0D    926
     126     837                                                00010000D    927
     126       0              12       0                               0D    928
     126     849                                                00010000D    929
     126       0              12       0                               0D    930
     126     861                                                00010000D    931
     126       0               4       0                               0D    932
     126     865                                                00010000D    933
     126       0              12       0                               0D    934
     126     877                                                00010000D    935
     126       0               4       0                               0D    936
     126     881                                                00010000D    937
     126       0              12       0                               0D    938
     126     893                                                00010000D    939
     126       0              12       0                               0D    940
     126     905                                                00010000D    941
     126       0               4       0                               0D    942
     126     909                                                00010000D    943
     126       0              11       0                               0D    944
     126     920                                                00010000D    945
     126       0               4       0                               0D    946
     126     924                                                00010000D    947
     126       0              11       0                               0D    948
     126     935                                                00010000D    949
     126       0              11       0                               0D    950
     126     946                                                00010000D    951
     126       0               4       0                               0D    952
     126     950                                                00010000D    953
     126       0              12       0                               0D    954
     126     962                                                00010000D    955
     126       0               4       0                               0D    956
     126     966                                                00010000D    957
     126       0              12       0                               0D    958
     126     978                                                00010000D    959
     126       0               8       0                               0D    960
     126     986                                                00010000D    961
     126       0              11       0                               0D    962
     126     997                                                00010000D    963
     126       0               9       0                               0D    964
     126    1006                                                00010000D    965
     126       0              12       0                               0D    966
     126    1018                                                00010000D    967
     126       0               4       0                               0D    968
     126    1022                                                00010000D    969
     126       0               3       0                               0D    970
     126    1025                                                00010000D    971
     126       0              12       0                               0D    972
     126    1037                                                00010000D    973
     126       0               3       0                               0D    974
     126    1040                                                00010000D    975
     126       0               3       0                               0D    976
     126    1043                                                00010000D    977
     126       0               9       0                               0D    978
     126    1052                                                00010000D    979
     126       0               3       0                               0D    980
     126    1055                                                00010000D    981
     126       0               6       0                               0D    982
     126    1061                                                00010000D    983
     126       0               6       0                               0D    984
     126    1067                                                00010000D    985
     126       0               3       0                               0D    986
     126    1070                                                00010000D    987
     126       0               5       0                               0D    988
     126    1075                                                00010000D    989
     126       0               3       0                               0D    990
     126    1078                                                00010000D    991
     126       0               3       0                               0D    992
     126    1081                                                00010000D    993
     126       0               8       0                               0D    994
     126    1089                                                00010000D    995
     126       0               8       0                               0D    996
     126    1097                                                00010000D    997
     126       0               8       0                               0D    998
     126    1105                                                00010000D    999
     126       0              10       0                               0D   1000
     126    1115                                                00010000D   1001
     126       0               3       0                               0D   1002
     126    1118                                                00010000D   1003
     126       0               3       0                               0D   1004
     126    1121                                                00010000D   1005
     126       0               5       0                               0D   1006
     126    1126                                                00010000D   1007
     126       0               4       0                               0D   1008
     126    1130                                                00010000D   1009
     126       0               6       0                               0D   1010
     126    1136                                                00010000D   1011
     126       0               4       0                               0D   1012
     126    1140                                                00010000D   1013
     126       0              12       0                               0D   1014
     126    1152                                                00010000D   1015
     126       0               3       0                               0D   1016
     126    1155                                                00010000D   1017
     126       0               6       0                               0D   1018
     126    1161                                                00010000D   1019
     126       0               7       0                               0D   1020
     126    1168                                                00010000D   1021
     126       0               6       0                               0D   1022
     126    1174                                                00010000D   1023
     126       0               8       0                               0D   1024
     126    1182                                                00010000D   1025
     126       0               5       0                               0D   1026
     126    1187                                                00010000D   1027
     126       0               8       0                               0D   1028
     126    1195                                                00010000D   1029
     126       0               5       0                               0D   1030
     126    1200                                                00010000D   1031
     126       0               7       0                               0D   1032
     126    1207                                                00010000D   1033
     126       0               6       0                               0D   1034
     126    1213                                                00010000D   1035
     126       0               8       0                               0D   1036
     126    1221                                                00010000D   1037
     126       0               5       0                               0D   1038
     126    1226                                                00010000D   1039
     126       0               3       0                               0D   1040
     126    1229                                                00010000D   1041
     126       0               3       0                               0D   1042
     126    1232                                                00010000D   1043
     126       0               6       0                               0D   1044
     126    1238                                                00010000D   1045
     126       0               7       0                               0D   1046
     126    1245                                                00010000D   1047
     126       0               8       0                               0D   1048
     126    1253                                                00010000D   1049
     126       0               6       0                               0D   1050
     126    1259                                                00010000D   1051
     126       0               8       0                               0D   1052
     126    1267                                                00010000D   1053
     126       0               8       0                               0D   1054
     126    1275                                                00010000D   1055
     126       0               5       0                               0D   1056
     126    1280                                                00010000D   1057
     126       0               8       0                               0D   1058
     126    1288                                                00010000D   1059
     126       0               8       0                               0D   1060
     126    1296                                                00010000D   1061
     126       0               5       0                               0D   1062
     126    1301                                                00010000D   1063
     126       0               4       0                               0D   1064
     126    1305                                                00010000D   1065
     126       0               4       0                               0D   1066
     126    1309                                                00010000D   1067
     126       0               6       0                               0D   1068
     126    1315                                                00010000D   1069
     126       0               7       0                               0D   1070
     126    1322                                                00010000D   1071
     126       0               8       0                               0D   1072
     126    1330                                                00010000D   1073
     126       0               8       0                               0D   1074
     126    1338                                                00010000D   1075
     126       0               8       0                               0D   1076
     126    1346                                                00010000D   1077
     126       0              12       0                               0D   1078
     126    1358                                                00010000D   1079
     126       0               5       0                               0D   1080
     126    1363                                                00010000D   1081
     126       0               8       0                               0D   1082
     126    1371                                                00010000D   1083
     126       0              12       0                               0D   1084
     126    1383                                                00010000D   1085
     126       0              12       0                               0D   1086
     126    1395                                                00010000D   1087
     126       0               5       0                               0D   1088
     126    1400                                                00010000D   1089
     126       0               7       0                               0D   1090
     126    1407                                                00010000D   1091
     126       0               6       0                               0D   1092
     126    1413                                                00010000D   1093
     126       0               8       0                               0D   1094
     126    1421                                                00010000D   1095
     126       0               5       0                               0D   1096
     126    1426                                                00010000D   1097
     126       0               3       0                               0D   1098
     126    1429                                                00010000D   1099
     126       0               3       0                               0D   1100
     126    1432                                                00010000D   1101
     126       0               6       0                               0D   1102
     126    1438                                                00010000D   1103
     126       0               7       0                               0D   1104
     126    1445                                                00010000D   1105
     126       0               8       0                               0D   1106
     126    1453                                                00010000D   1107
     126       0               6       0                               0D   1108
     126    1459                                                00010000D   1109
     126       0               8       0                               0D   1110
     126    1467                                                00010000D   1111
     126       0               8       0                               0D   1112
     126    1475                                                00010000D   1113
     126       0               5       0                               0D   1114
     126    1480                                                00010000D   1115
     126       0               8       0                               0D   1116
     126    1488                                                00010000D   1117
     126       0               8       0                               0D   1118
     126    1496                                                00010000D   1119
     126       0               5       0                               0D   1120
     126    1501                                                00010000D   1121
     126       0               4       0                               0D   1122
     126    1505                                                00010000D   1123
     126       0               4       0                               0D   1124
     126    1509                                                00010000D   1125
     126       0               6       0                               0D   1126
     126    1515                                                00010000D   1127
     126       0               7       0                               0D   1128
     126    1522                                                00010000D   1129
     126       0               8       0                               0D   1130
     126    1530                                                00010000D   1131
     126       0               8       0                               0D   1132
     126    1538                                                00010000D   1133
     126       0               8       0                               0D   1134
     126    1546                                                00010000D   1135
     126       0              12       0                               0D   1136
     126    1558                                                00010000D   1137
     126       0               5       0                               0D   1138
     126    1563                                                00010000D   1139
     126       0               8       0                               0D   1140
     126    1571                                                00010000D   1141
     126       0              12       0                               0D   1142
     126    1583                                                00010000D   1143
     126       0              12       0                               0D   1144
     126    1595                                                00010000D   1145
     126       0               5       0                               0D   1146
     126    1600                                                00010000D   1147
     126       0               8       0                               0D   1148
     126    1608                                                00010000D   1149
     126       0               5       0                               0D   1150
     126    1613                                                00010000D   1151
     126       0               8       0                               0D   1152
     126    1621                                                00010000D   1153
     126       0               5       0                               0D   1154
     126    1626                                                00010000D   1155
     126       0               7       0                               0D   1156
     126    1633                                                00010000D   1157
     126       0               8       0                               0D   1158
     126    1641                                                00010000D   1159
     126       0               5       0                               0D   1160
     126    1646                                                00010000D   1161
     126       0               3       0                               0D   1162
     126    1649                                                00010000D   1163
     126       0               3       0                               0D   1164
     126    1652                                                00010000D   1165
     126       0               6       0                               0D   1166
     126    1658                                                00010000D   1167
     126       0               7       0                               0D   1168
     126    1665                                                00010000D   1169
     126       0               8       0                               0D   1170
     126    1673                                                00010000D   1171
     126       0               6       0                               0D   1172
     126    1679                                                00010000D   1173
     126       0               8       0                               0D   1174
     126    1687                                                00010000D   1175
     126       0               8       0                               0D   1176
     126    1695                                                00010000D   1177
     126       0               5       0                               0D   1178
     126    1700                                                00010000D   1179
     126       0               8       0                               0D   1180
     126    1708                                                00010000D   1181
     126       0               8       0                               0D   1182
     126    1716                                                00010000D   1183
     126       0               5       0                               0D   1184
     126    1721                                                00010000D   1185
     126       0               3       0                               0D   1186
     126    1724                                                00010000D   1187
     126       0               3       0                               0D   1188
     126    1727                                                00010000D   1189
     126       0               7       0                               0D   1190
     126    1734                                                00010000D   1191
     126       0               8       0                               0D   1192
     126    1742                                                00010000D   1193
     126       0              12       0                               0D   1194
     126    1754                                                00010000D   1195
     126       0              12       0                               0D   1196
     126    1766                                                00010000D   1197
     126       0              12       0                               0D   1198
     126    1778                                                00010000D   1199
     126       0              12       0                               0D   1200
     126    1790                                                00010000D   1201
     126       0               5       0                               0D   1202
     126    1795                                                00010000D   1203
     126       0               8       0                               0D   1204
     126    1803                                                00010000D   1205
     126       0               5       0                               0D   1206
     126    1808                                                00010000D   1207
     126       0               8       0                               0D   1208
     126    1816                                                00010000D   1209
     126       0               5       0                               0D   1210
     126    1821                                                00010000D   1211
     126       0               8       0                               0D   1212
     126    1829                                                00010000D   1213
     126       0               5       0                               0D   1214
     126    1834                                                00010000D   1215
     126       0               7       0                               0D   1216
     126    1841                                                00010000D   1217
     126       0               8       0                               0D   1218
     126    1849                                                00010000D   1219
     126       0               5       0                               0D   1220
     126    1854                                                00010000D   1221
     126       0               3       0                               0D   1222
     126    1857                                                00010000D   1223
     126       0               3       0                               0D   1224
     126    1860                                                00010000D   1225
     126       0               6       0                               0D   1226
     126    1866                                                00010000D   1227
     126       0               8       0                               0D   1228
     126    1874                                                00010000D   1229
     126       0               9       0                               0D   1230
     126    1883                                                00010000D   1231
     126       0               7       0                               0D   1232
     126    1890                                                00010000D   1233
     126       0              10       0                               0D   1234
     126    1900                                                00010000D   1235
     126       0               5       0                               0D   1236
     126    1905                                                00010000D   1237
     126       0               8       0                               0D   1238
     126    1913                                                00010000D   1239
     126       0               9       0                               0D   1240
     126    1922                                                00010000D   1241
     126       0               5       0                               0D   1242
     126    1927                                                00010000D   1243
     126       0               3       0                               0D   1244
     126    1930                                                00010000D   1245
     126       0               3       0                               0D   1246
     126    1933                                                00010000D   1247
     126       0               7       0                               0D   1248
     126    1940                                                00010000D   1249
     126       0               8       0                               0D   1250
     126    1948                                                00010000D   1251
     126       0              15       0                               0D   1252
     126    1963                                                00010000D   1253
     126       0              12       0                               0D   1254
     126    1975                                                00010000D   1255
     126       0              12       0                               0D   1256
     126    1987                                                00010000D   1257
     126       0               5       0                               0D   1258
     126    1992                                                00010000D   1259
     126       0               8       0                               0D   1260
     126    2000                                                00010000D   1261
     126       0              12       0                               0D   1262
     126    2012                                                00010000D   1263
     126       0               8       0                               0D   1264
     126    2020                                                00010000D   1265
     126       0               5       0                               0D   1266
     126    2025                                                00010000D   1267
     126       0              12       0                               0D   1268
     126    2037                                                00010000D   1269
     126       0               8       0                               0D   1270
     126    2045                                                00010000D   1271
     126       0               5       0                               0D   1272
     126    2050                                                00010000D   1273
     126       0               8       0                               0D   1274
     126    2058                                                00010000D   1275
     126       0               5       0                               0D   1276
     126    2063                                                00010000D   1277
     126       0               5       0                               0D   1278
     126    2068                                                00010000D   1279
     126       0               3       0                               0D   1280
     126    2071                                                00010000D   1281
     126       0               8       0                               0D   1282
     126    2079                                                00010000D   1283
     126       0              12       0                               0D   1284
     126    2091                                                00010000D   1285
     126       0               8       0                               0D   1286
     126    2099                                                00010000D   1287
     126       0               5       0                               0D   1288
     126    2104                                                00010000D   1289
     126       0               4       0                               0D   1290
     126    2108                                                00010000D   1291
     126       0               8       0                               0D   1292
     126    2116                                                00010000D   1293
     126       0               5       0                               0D   1294
     126    2121                                                00010000D   1295
     126       0               8       0                               0D   1296
     126    2129                                                00010000D   1297
     126       0               3       0                               0D   1298
     126    2132                                                00010000D   1299
     126       0               5       0                               0D   1300
     126    2137                                                00010000D   1301
     126       0               4       0                               0D   1302
     126    2141                                                00010000D   1303
     126       0               4       0                               0D   1304
     126    2145                                                00010000D   1305
     126       0               8       0                               0D   1306
     126    2153                                                00010000D   1307
     126       0               5       0                               0D   1308
     126    2158                                                00010000D   1309
     126       0               8       0                               0D   1310
     126    2166                                                00010000D   1311
     126       0               3       0                               0D   1312
     126    2169                                                00010000D   1313
     126       0               5       0                               0D   1314
     126    2174                                                00010000D   1315
     126       0               4       0                               0D   1316
     126    2178                                                00010000D   1317
     126       0               4       0                               0D   1318
     126    2182                                                00010000D   1319
     126       0               8       0                               0D   1320
     126    2190                                                00010000D   1321
     126       0               5       0                               0D   1322
     126    2195                                                00010000D   1323
     126       0               8       0                               0D   1324
     126    2203                                                00010000D   1325
     126       0               3       0                               0D   1326
     126    2206                                                00010000D   1327
     126       0               5       0                               0D   1328
     126    2211                                                00010000D   1329
     126       0               4       0                               0D   1330
     126    2215                                                00010000D   1331
     126       0               4       0                               0D   1332
     126    2219                                                00010000D   1333
     126       0               8       0                               0D   1334
     126    2227                                                00010000D   1335
     126       0               5       0                               0D   1336
     126    2232                                                00010000D   1337
     126       0               8       0                               0D   1338
     126    2240                                                00010000D   1339
     126       0               3       0                               0D   1340
     126    2243                                                00010000D   1341
     126       0               5       0                               0D   1342
     126    2248                                                00010000D   1343
     126       0               4       0                               0D   1344
     126    2252                                                00010000D   1345
     126       0               5       0                               0D   1346
     126    2257                                                00010000D   1347
     126       0               4       0                               0D   1348
     126    2261                                                00010000D   1349
     126       0               5       0                               0D   1350
     126    2266                                                00010000D   1351
     126       0               7       0                               0D   1352
     126    2273                                                00010000D   1353
     126       0               7       0                               0D   1354
     126    2280                                                00010000D   1355
     126       0               7       0                               0D   1356
     126    2287                                                00010000D   1357
     126       0               2       0                               0D   1358
     126    2289                                                00010000D   1359
     126       0               5       0                               0D   1360
     126    2294                                                00010000D   1361
     126       0               5       0                               0D   1362
     126    2299                                                00010000D   1363
     126       0               3       0                               0D   1364
     126    2302                                                00010000D   1365
     126       0               7       0                               0D   1366
     126    2309                                                00010000D   1367
     126       0               5       0                               0D   1368
     126    2314                                                00010000D   1369
     126       0               3       0                               0D   1370
     126    2317                                                00010000D   1371
     126       0               5       0                               0D   1372
     126    2322                                                00010000D   1373
     126       0               8       0                               0D   1374
     126    2330                                                00010000D   1375
     126       0               7       0                               0D   1376
     126    2337                                                00010000D   1377
     126       0               3       0                               0D   1378
     126    2340                                                00010000D   1379
     126       0               7       0                               0D   1380
     126    2347                                                00010000D   1381
     126       0               5       0                               0D   1382
     126    2352                                                00010000D   1383
     126       0               5       0                               0D   1384
     126    2357                                                00010000D   1385
     126       0               8       0                               0D   1386
     126    2365                                                00010000D   1387
     126       0               4       0                               0D   1388
     126    2369                                                00010000D   1389
     126       0               5       0                               0D   1390
     126    2374                                                00010000D   1391
     126       0               8       0                               0D   1392
     126    2382                                                00010000D   1393
     126       0               7       0                               0D   1394
     126    2389                                                00010000D   1395
     126       0               5       0                               0D   1396
     126    2394                                                00010000D   1397
     126       0               5       0                               0D   1398
     126    2399                                                00010000D   1399
     126       0               5       0                               0D   1400
     126    2404                                                00010000D   1401
     126       0               8       0                               0D   1402
     126    2412                                                00010000D   1403
     126       0               8       0                               0D   1404
     126    2420                                                00010000D   1405
     126       0               3       0                               0D   1406
     126    2423                                                00010000D   1407
     126       0               5       0                               0D   1408
     126    2428                                                00010000D   1409
     126       0               4       0                               0D   1410
     126    2432                                                00010000D   1411
     126       0               9       0                               0D   1412
     126    2441                                                00010000D   1413
     126       0               2       0                               0D   1414
     126    2443                                                00010000D   1415
     126       0               9       0                               0D   1416
     126    2452                                                00010000D   1417
     126       0               9       0                               0D   1418
     126    2461                                                00010000D   1419
     126       0               2       0                               0D   1420
     126    2463                                                00010000D   1421
     126       0               9       0                               0D   1422
     126    2472                                                00010000D   1423
     126       0               9       0                               0D   1424
     126    2481                                                00010000D   1425
     126       0               2       0                               0D   1426
     126    2483                                                00010000D   1427
     126       0               9       0                               0D   1428
     126    2492                                                00010000D   1429
     126       0               7       0                               0D   1430
     126    2499                                                00010000D   1431
     126       0               5       0                               0D   1432
     126    2504                                                00010000D   1433
     126       0               8       0                               0D   1434
     126    2512                                                00010000D   1435
     126       0               5       0                               0D   1436
     126    2517                                                00010000D   1437
     126       0               5       0                               0D   1438
     126    2522                                                00010000D   1439
     126       0               2       0                               0D   1440
     126    2524                                                00010000D   1441
     126       0               5       0                               0D   1442
     126    2529                                                00010000D   1443
     126       0               7       0                               0D   1444
     126    2536                                                00010000D   1445
     126       0               5       0                               0D   1446
     126    2541                                                00010000D   1447
     126       0               7       0                               0D   1448
     126    2548                                                00010000D   1449
     126       0               5       0                               0D   1450
     126    2553                                                00010000D   1451
     126       0               3       0                               0D   1452
     126    2556                                                00010000D   1453
     126       0               7       0                               0D   1454
     126    2563                                                00010000D   1455
     126       0               5       0                               0D   1456
     126    2568                                                00010000D   1457
     126       0               3       0                               0D   1458
     126    2571                                                00010000D   1459
     126       0               5       0                               0D   1460
     126    2576                                                00010000D   1461
     126       0               8       0                               0D   1462
     126    2584                                                00010000D   1463
     126       0               7       0                               0D   1464
     126    2591                                                00010000D   1465
     126       0               3       0                               0D   1466
     126    2594                                                00010000D   1467
     126       0               5       0                               0D   1468
     126    2599                                                00010000D   1469
     126       0               8       0                               0D   1470
     126    2607                                                00010000D   1471
     126       0               5       0                               0D   1472
     126    2612                                                00010000D   1473
     126       0               5       0                               0D   1474
     126    2617                                                00010000D   1475
     126       0               4       0                               0D   1476
     126    2621                                                00010000D   1477
     126       0               4       0                               0D   1478
     126    2625                                                00010000D   1479
     126       0               4       0                               0D   1480
     126    2629                                                00010000D   1481
     126       0               4       0                               0D   1482
     126    2633                                                00010000D   1483
     126       0               4       0                               0D   1484
     126    2637                                                00010000D   1485
     126       0               5       0                               0D   1486
     126    2642                                                00010000D   1487
     126       0               3       0                               0D   1488
     126    2645                                                00010000D   1489
     126       0               3       0                               0D   1490
     126    2648                                                00010000D   1491
     126       0               3       0                               0D   1492
     126    2651                                                00010000D   1493
     126       0               4       0                               0D   1494
     126    2655                                                00010000D   1495
     126       0               4       0                               0D   1496
     126    2659                                                00010000D   1497
     126       0               3       0                               0D   1498
     126    2662                                                00010000D   1499
     126       0               3       0                               0D   1500
     126    2665                                                00010000D   1501
     126       0               5       0                               0D   1502
     126    2670                                                00010000D   1503
     126       0               3       0                               0D   1504
     126    2673                                                00010000D   1505
     126       0               3       0                               0D   1506
     126    2676                                                00010000D   1507
     126       0               5       0                               0D   1508
     126    2681                                                00010000D   1509
     126       0               3       0                               0D   1510
     126    2684                                                00010000D   1511
     126       0               3       0                               0D   1512
     126    2687                                                00010000D   1513
     126       0               4       0                               0D   1514
     126    2691                                                00010000D   1515
     126       0               4       0                               0D   1516
     126    2695                                                00010000D   1517
     126       0               3       0                               0D   1518
     126    2698                                                00010000D   1519
     126       0               4       0                               0D   1520
     126    2702                                                00010000D   1521
     126       0               2       0                               0D   1522
     126    2704                                                00010000D   1523
     126       0               3       0                               0D   1524
     126    2707                                                00010000D   1525
     126       0               2       0                               0D   1526
     126    2709                                                00010000D   1527
     126       0               2       0                               0D   1528
     126    2711                                                00010000D   1529
     126       0               3       0                               0D   1530
     126    2714                                                00010000D   1531
     126       0               3       0                               0D   1532
     126    2717                                                00010000D   1533
     126       0               3       0                               0D   1534
     126    2720                                                00010000D   1535
     126       0               5       0                               0D   1536
     126    2725                                                00010000D   1537
     126       0               2       0                               0D   1538
     126    2727                                                00010000D   1539
     126       0               3       0                               0D   1540
     126    2730                                                00010000D   1541
     126       0               3       0                               0D   1542
     126    2733                                                00010000D   1543
     126       0               3       0                               0D   1544
     126    2736                                                00010000D   1545
     126       0               3       0                               0D   1546
     126    2739                                                00010000D   1547
     126       0               3       0                               0D   1548
     126    2742                                                00010000D   1549
     126       0               3       0                               0D   1550
     126    2745                                                00010000D   1551
     126       0               3       0                               0D   1552
     126    2748                                                00010000D   1553
     126       0               2       0                               0D   1554
     126    2750                                                00010000D   1555
     126       0               2       0                               0D   1556
     128    2752                                                00010000D   1557
     128       0   -1955      18       0                               0D   1558
     128    2770                                                00010000D   1559
     128       0   -1955      12       0                               0D   1560
     128    2782                                                00010000D   1561
     128       0   -1955       3       0                               0D   1562
     128    2785                                                00010000D   1563
     128       0   -1955      21       0                               0D   1564
     128    2806                                                00010000D   1565
     128       0   -1955       3       0                               0D   1566
     128    2809                                                00010000D   1567
     128       0   -1955      12       0                               0D   1568
     128    2821                                                00010000D   1569
     128       0   -1955      31       0                               0D   1570
     128    2852                                                00010000D   1571
     128       0   -1955      17       0                               0D   1572
     128    2869                                                00010000D   1573
     128       0   -1955      26       0                               0D   1574
     128    2895                                                00010000D   1575
     128       0   -1955      14       0                               0D   1576
     128    2909                                                00010000D   1577
     128       0   -1955      29       0                               0D   1578
     128    2938                                                00010000D   1579
     128       0   -1955      17       0                               0D   1580
     128    2955                                                00010000D   1581
     128       0   -1955      20       0                               0D   1582
     128    2975                                                00010000D   1583
     128       0   -1955       3       0                               0D   1584
     128    2978                                                00010000D   1585
     128       0   -1955      21       0                               0D   1586
     128    2999                                                00010000D   1587
     128       0   -1955       6       0                               0D   1588
     128    3005                                                00010000D   1589
     128       0   -1955      12       0                               0D   1590
     128    3017                                                00010000D   1591
     128       0   -1955      21       0                               0D   1592
     128    3038                                                00010000D   1593
     128       0   -1955      21       0                               0D   1594
     128    3059                                                00010000D   1595
     128       0   -1955       6       0                               0D   1596
     128    3065                                                00010000D   1597
     128       0   -1955      21       0                               0D   1598
     128    3086                                                00010000D   1599
     128       0   -1955      21       0                               0D   1600
     128    3107                                                00010000D   1601
     128       0   -1955       6       0                               0D   1602
     128    3113                                                00010000D   1603
     128       0   -1955      20       0                               0D   1604
     128    3133                                                00010000D   1605
     128       0   -1955      18       0                               0D   1606
     128    3151                                                00010000D   1607
     128       0   -1955       4       0                               0D   1608
     128    3155                                                00010000D   1609
     128       0   -1955      21       0                               0D   1610
     128    3176                                                00010000D   1611
     128       0   -1955       7       0                               0D   1612
     128    3183                                                00010000D   1613
     128       0   -1955      20       0                               0D   1614
     128    3203                                                00010000D   1615
     128       0   -1955      20       0                               0D   1616
     128    3223                                                00010000D   1617
     128       0   -1955      14       0                               0D   1618
     128    3237                                                00010000D   1619
     128       0   -1955      10       0                               0D   1620
     128    3247                                                00010000D   1621
     128       0   -1955      10       0                               0D   1622
     128    3257                                                00010000D   1623
     128       0   -1955       9       0                               0D   1624
     128    3266                                                00010000D   1625
     128       0   -1955      13       0                               0D   1626
     128    3279                                                00010000D   1627
     128       0   -1955      18       0                               0D   1628
     128    3297                                                00010000D   1629
     128       0   -1955      14       0                               0D   1630
     128    3311                                                00010000D   1631
     128       0   -1955      21       0                               0D   1632
     128    3332                                                00010000D   1633
     128       0   -1955      21       0                               0D   1634
     128    3353                                                00010000D   1635
     128       0   -1955      27       0                               0D   1636
     128    3380                                                00010000D   1637
     128       0   -1955      19       0                               0D   1638
     128    3399                                                00010000D   1639
     128       0   -1955      27       0                               0D   1640
     128    3426                                                00010000D   1641
     128       0   -1955       9       0                               0D   1642
     128    3435                                                00010000D   1643
     128       0   -1955      27       0                               0D   1644
     128    3462                                                00010000D   1645
     128       0   -1955       8       0                               0D   1646
     128    3470                                                00010000D   1647
     128       0   -1955      27       0                               0D   1648
     128    3497                                                00010000D   1649
     128       0   -1955      19       0                               0D   1650
     128    3516                                                00010000D   1651
     128       0   -1955      27       0                               0D   1652
     128    3543                                                00010000D   1653
     128       0   -1955       9       0                               0D   1654
     128    3552                                                00010000D   1655
     128       0   -1955      27       0                               0D   1656
     128    3579                                                00010000D   1657
     128       0   -1955      19       0                               0D   1658
     128    3598                                                00010000D   1659
     128       0   -1955       6       0                               0D   1660
     128    3604                                                00010000D   1661
     128       0   -1955      20       0                               0D   1662
     128    3624                                                00010000D   1663
     128       0   -1955      28       0                               0D   1664
     128    3652                                                00010000D   1665
     128       0   -1955      14       0                               0D   1666
     128    3666                                                00010000D   1667
     128       0   -1955      27       0                               0D   1668
     128    3693                                                00010000D   1669
     128       0   -1955       8       0                               0D   1670
     128    3701                                                00010000D   1671
     128       0   -1955      27       0                               0D   1672
     128    3728                                                00010000D   1673
     128       0   -1955      19       0                               0D   1674
     128    3747                                                00010000D   1675
     128       0   -1955      27       0                               0D   1676
     128    3774                                                00010000D   1677
     128       0   -1955       9       0                               0D   1678
     128    3783                                                00010000D   1679
     128       0   -1955      27       0                               0D   1680
     128    3810                                                00010000D   1681
     128       0   -1955      19       0                               0D   1682
     128    3829                                                00010000D   1683
     128       0   -1955       6       0                               0D   1684
     128    3835                                                00010000D   1685
     128       0   -1955      20       0                               0D   1686
     128    3855                                                00010000D   1687
     128       0   -1955      28       0                               0D   1688
     128    3883                                                00010000D   1689
     128       0   -1955      12       0                               0D   1690
     128    3895                                                00010000D   1691
     128       0   -1955      19       0                               0D   1692
     128    3914                                                00010000D   1693
     128       0   -1955      27       0                               0D   1694
     128    3941                                                00010000D   1695
     128       0   -1955       8       0                               0D   1696
     128    3949                                                00010000D   1697
     128       0   -1955      27       0                               0D   1698
     128    3976                                                00010000D   1699
     128       0   -1955      19       0                               0D   1700
     128    3995                                                00010000D   1701
     128       0   -1955      27       0                               0D   1702
     128    4022                                                00010000D   1703
     128       0   -1955       9       0                               0D   1704
     128    4031                                                00010000D   1705
     128       0   -1955      27       0                               0D   1706
     128    4058                                                00010000D   1707
     128       0   -1955      27       0                               0D   1708
     128    4085                                                00010000D   1709
     128       0   -1955      20       0                               0D   1710
     128    4105                                                00010000D   1711
     128       0   -1955      28       0                               0D   1712
     128    4133                                                00010000D   1713
     128       0   -1955       6       0                               0D   1714
     128    4139                                                00010000D   1715
     128       0   -1955      12       0                               0D   1716
     128    4151                                                00010000D   1717
     128       0   -1955      19       0                               0D   1718
     128    4170                                                00010000D   1719
     128       0   -1955      27       0                               0D   1720
     128    4197                                                00010000D   1721
     128       0   -1955       9       0                               0D   1722
     128    4206                                                00010000D   1723
     128       0   -1955      30       0                               0D   1724
     128    4236                                                00010000D   1725
     128       0   -1955      24       0                               0D   1726
     128    4260                                                00010000D   1727
     128       0   -1955      30       0                               0D   1728
     128    4290                                                00010000D   1729
     128       0   -1955      10       0                               0D   1730
     128    4300                                                00010000D   1731
     128       0   -1955      27       0                               0D   1732
     128    4327                                                00010000D   1733
     128       0   -1955      37       0                               0D   1734
     128    4364                                                00010000D   1735
     128       0   -1955      23       0                               0D   1736
     128    4387                                                00010000D   1737
     128       0   -1955      27       0                               0D   1738
     128    4414                                                00010000D   1739
     128       0   -1955       6       0                               0D   1740
     128    4420                                                00010000D   1741
     128       0   -1955      14       0                               0D   1742
     128    4434                                                00010000D   1743
     128       0   -1955       6       0                               0D   1744
     128    4440                                                00010000D   1745
     128       0   -1955      27       0                               0D   1746
     128    4467                                                00010000D   1747
     128       0   -1955       6       0                               0D   1748
     128    4473                                                00010000D   1749
     128       0   -1955      27       0                               0D   1750
     128    4500                                                00010000D   1751
     128       0   -1955       6       0                               0D   1752
     128    4506                                                00010000D   1753
     128       0   -1955      17       0                               0D   1754
     128    4523                                                00010000D   1755
     128       0   -1955       3       0                               0D   1756
     128    4526                                                00010000D   1757
     128       0   -1955       3       0                               0D   1758
     128    4529                                                00010000D   1759
     128       0   -1955      27       0                               0D   1760
     128    4556                                                00010000D   1761
     128       0   -1955       6       0                               0D   1762
     128    4562                                                00010000D   1763
     128       0   -1955      19       0                               0D   1764
     128    4581                                                00010000D   1765
     128       0   -1955      13       0                               0D   1766
     128    4594                                                00010000D   1767
     128       0   -1955      19       0                               0D   1768
     128    4613                                                00010000D   1769
     128       0   -1955      19       0                               0D   1770
     128    4632                                                00010000D   1771
     128       0   -1955      13       0                               0D   1772
     128    4645                                                00010000D   1773
     128       0   -1955      19       0                               0D   1774
     128    4664                                                00010000D   1775
     128       0   -1955      19       0                               0D   1776
     128    4683                                                00010000D   1777
     128       0   -1955      13       0                               0D   1778
     128    4696                                                00010000D   1779
     128       0   -1955      19       0                               0D   1780
     128    4715                                                00010000D   1781
     128       0   -1955      19       0                               0D   1782
     128    4734                                                00010000D   1783
     128       0   -1955      13       0                               0D   1784
     128    4747                                                00010000D   1785
     128       0   -1955      19       0                               0D   1786
     128    4766                                                00010000D   1787
     128       0   -1957      20       0                               0D   1788
     128    4786                                                00010000D   1789
     128       0   -1957      11       0                               0D   1790
     128    4797                                                00010000D   1791
     128       0   -1957       3       0                               0D   1792
     128    4800                                                00010000D   1793
     128       0   -1957      16       0                               0D   1794
     128    4816                                                00010000D   1795
     128       0   -1957       3       0                               0D   1796
     128    4819                                                00010000D   1797
     128       0   -1959      17       0                               0D   1798
     128    4836                                                00010000D   1799
     128       0   -1959      12       0                               0D   1800
     128    4848                                                00010000D   1801
     128       0   -1959       3       0                               0D   1802
     128    4851                                                00010000D   1803
     128       0   -1959      20       0                               0D   1804
     128    4871                                                00010000D   1805
     128       0   -1959       3       0                               0D   1806
     128    4874                                                00010000D   1807
     128       0   -1959      21       0                               0D   1808
     128    4895                                                00010000D   1809
     128       0   -1959      13       0                               0D   1810
     128    4908                                                00010000D   1811
     128       0   -1959      18       0                               0D   1812
     128    4926                                                00010000D   1813
     128       0   -1961      11       0                               0D   1814
     128    4937                                                00010000D   1815
     128       0   -1961      11       0                               0D   1816
     128    4948                                                00010000D   1817
     128       0   -1961       3       0                               0D   1818
     128    4951                                                00010000D   1819
     128       0   -1961       3       0                               0D   1820
     128    4954                                                00010000D   1821
     128       0   -1957      11       0                               0D   1822
     128    4965                                                00010000D   1823
     128       0   -1957       3       0                               0D   1824
     128    4968                                                00010000D   1825
     128       0   -1957       3       0                               0D   1826
     128    4971                                                00010000D   1827
     128       0   -1957      21       0                               0D   1828
     128    4992                                                00010000D   1829
     128       0   -1957      11       0                               0D   1830
     128    5003                                                00010000D   1831
     128       0   -1957       3       0                               0D   1832
     128    5006                                                00010000D   1833
     128       0   -1957      17       0                               0D   1834
     128    5023                                                00010000D   1835
     128       0   -1957       3       0                               0D   1836
     128    5026                                                00010000D   1837
     128       0   -1957      17       0                               0D   1838
     128    5043                                                00010000D   1839
     128       0   -1957      13       0                               0D   1840
     128    5056                                                00010000D   1841
     128       0   -1957       3       0                               0D   1842
     128    5059                                                00010000D   1843
     128       0   -1957      19       0                               0D   1844
     128    5078                                                00010000D   1845
     128       0   -1957       8       0                               0D   1846
     128    5086                                                00010000D   1847
     128       0   -1957       7       0                               0D   1848
     128    5093                                                00010000D   1849
     128       0   -1957       9       0                               0D   1850
     128    5102                                                00010000D   1851
     128       0   -1957       8       0                               0D   1852
     128    5110                                                00010000D   1853
     128       0   -1957       7       0                               0D   1854
     128    5117                                                00010000D   1855
     128       0   -1957       8       0                               0D   1856
     128    5125                                                00010000D   1857
     128       0   -1957       5       0                               0D   1858
     128    5130                                                00010000D   1859
     128       0   -1957       5       0                               0D   1860
     128    5135                                                00010000D   1861
     128       0   -1957       5       0                               0D   1862
     128    5140                                                00010000D   1863
     128       0   -1957       7       0                               0D   1864
     128    5147                                                00010000D   1865
     128       0   -1957       9       0                               0D   1866
     128    5156                                                00010000D   1867
     128       0   -1957       9       0                               0D   1868
     128    5165                                                00010000D   1869
     128       0   -1957       9       0                               0D   1870
     128    5174                                                00010000D   1871
     128       0   -1957       9       0                               0D   1872
     128    5183                                                00010000D   1873
     128       0   -1957       9       0                               0D   1874
     128    5192                                                00010000D   1875
     128       0   -1957       9       0                               0D   1876
     128    5201                                                00010000D   1877
     128       0   -1957       4       0                               0D   1878
     128    5205                                                00010000D   1879
     128       0   -1957       5       0                               0D   1880
     128    5210                                                00010000D   1881
     128       0   -1957       5       0                               0D   1882
     502    5215                                                00010000D   1883
     502                      12       1                               0D   1884
     502    5227                                                00010000D   1885
     502                      79       1                               0D   1886
     502    5306                                                00010000D   1887
     502                       3       1                               0D   1888
     502    5309                                                00010000D   1889
     502                       6       1                               0D   1890
     502    5315                                                00010000D   1891
     502                       2       1                               0D   1892
     502    5317                                                00010000D   1893
     502                       1       1                               0D   1894
     502    5318                                                00010000D   1895
     502                      20       1                               0D   1896
     504    5338                                                00010001D   1897
     504                      13       1                               0D   1898
     504    5351                                                00010001D   1899
     504                      75       1                               0D   1900
     504    5426                                                00010001D   1901
     504                       4       1                               0D   1902
     504    5430                                                00010001D   1903
     504                       8       1                               0D   1904
     504    5438                                                00010001D   1905
     504                       2       1                               0D   1906
     504    5440                                                00010001D   1907
     504                       1       1                               0D   1908
     504    5441                                                00010001D   1909
     504                      22       1                               0D   1910
     406    5463                                                00000000D   1911
     406                       1      15                               0D   1912
     406    5464                                                00000000D   1913
     406                       1      15                               0D   1914
     406    5465                                                00000000D   1915
     406                       1      15                               0D   1916
     406    5466                                                00000000D   1917
     406                       1      15                               0D   1918
     406    5467                                                00000000D   1919
     406                       1      15                               0D   1920
     406    5468                                                00000000D   1921
     406                       1      15                               0D   1922
     406    5469                                                00000000D   1923
     406                       1      15                               0D   1924
     406    5470                                                00000000D   1925
     406                       1      15                               0D   1926
     406    5471                                                00000000D   1927
     406                       1      15                               0D   1928
     406    5472                                                00000000D   1929
     406                       1      15                               0D   1930
     406    5473                                                00000000D   1931
     406                       1      15                               0D   1932
     406    5474                                                00000000D   1933
     406                       1      15                               0D   1934
     406    5475                                                00000000D   1935
     406                       1      15                               0D   1936
     406    5476                                                00000000D   1937
     406                       1      15                               0D   1938
     406    5477                                                00000000D   1939
     406                       1      15                               0D   1940
     406    5478                                                00000000D   1941
     406                       1      15                               0D   1942
     406    5479                                                00000000D   1943
     406                       1      15                               0D   1944
     406    5480                                                00000000D   1945
     406                       1      15                               0D   1946
     406    5481                                                00000000D   1947
     406                       1      15                               0D   1948
     406    5482                                                00000000D   1949
     406                       1      15                               0D   1950
     406    5483                                                00000000D   1951
     406                       1      15                               0D   1952
     406    5484                                                00000000D   1953
     406                       1      15                               0D   1954
     314    5485                                                00000200D   1955
     314                       2       0                               0D   1956
     314    5487                                                00000200D   1957
     314                       2       0                               0D   1958
     314    5489                                                00000200D   1959
     314                       2       0                               0D   1960
     314    5491                                                00000200D   1961
     314                       2       0                               0D   1962
408,79,0.,0.,0.,1.,0,1,1913;                                           1P      1
408,81,0.,0.,0.,1.,0,1,1915;                                           3P      2
408,83,0.,0.,0.,1.,0,1,1917;                                           5P      3
408,83,0.,0.,0.,1.,0,1,1919;                                           7P      4
408,85,0.,0.,0.,1.,0,1,1921;                                           9P      5
408,85,0.,0.,0.,1.,0,1,1923;                                          11P      6
408,85,0.,0.,0.,1.,0,1,1925;                                          13P      7
408,85,0.,0.,0.,1.,0,1,1927;                                          15P      8
408,87,0.,0.,0.,1.,0,1,1929;                                          17P      9
408,89,0.,0.,0.,1.,0,1,1931;                                          19P     10
408,89,0.,0.,0.,1.,0,1,1933;                                          21P     11
408,89,0.,0.,0.,1.,0,1,1935;                                          23P     12
408,89,0.,0.,0.,1.,0,1,1937;                                          25P     13
408,89,0.,0.,0.,1.,0,1,1939;                                          27P     14
408,89,0.,0.,0.,1.,0,1,1941;                                          29P     15
408,89,0.,0.,0.,0.999999999999998,0,1,1943;                           31P     16
408,89,0.,0.,0.,1.,0,1,1945;                                          33P     17
408,91,0.,0.,0.,1.,0,1,1947;                                          35P     18
408,93,0.,0.,0.,1.,0,1,1949;                                          37P     19
408,93,0.,0.,0.,1.,0,1,1951;                                          39P     20
408,93,0.,0.,0.,1.,0,1,1953;                                          41P     21
124,0.5,0.,0.866025403784439,0.,0.,-1.,0.,140.,                       43P     22
0.866025403784439,0.,-0.5,0.;                                         43P     23
124,0.866025403784439,0.,-0.5,0.,0.,-1.,0.,138.,-0.5,0.,              45P     24
-0.866025403784439,0.;                                                45P     25
124,1.,0.,0.,0.,0.,1.,0.,2.,0.,0.,1.,0.;                              47P     26
124,1.,0.,0.,0.,0.,1.,0.,52.7,0.,0.,1.,0.;                            49P     27
124,1.,0.,0.,0.,0.,1.,0.,72.7,0.,0.,1.,0.;                            51P     28
124,1.,0.,0.,0.,0.,1.,0.,82.7,0.,0.,1.,0.;                            53P     29
124,1.,0.,0.,0.,0.,1.,0.,62.7,0.,0.,1.,0.;                            55P     30
124,1.,-3.60822483003176D-16,-2.12559462345573D-16,0.,                57P     31
-2.77555756156289D-16,1.,-1.25087699557789D-15,30.,0.,                57P     32
-2.50370892770341D-32,1.,-9.71445146547012D-16;                       57P     33
124,1.,-5.55111512312578D-16,5.0391226726159D-17,                     59P     34
-1.77635683940025D-14,-1.66533453693773D-16,1.,                       59P     35
-1.23839366756215D-15,40.,0.,-2.1570415377137D-31,1.,0.;              59P     36
124,1.,-1.11022302462516D-15,-1.21391087447488D-16,                   61P     37
-1.55431223447522D-14,-3.88578058618805D-16,1.,                       61P     38
-1.52405847193425D-16,50.,0.,-1.84889274661174D-31,                   61P     39
0.999999999999998,1.33226762955019D-14;                               61P     40
124,1.,-2.22044604925031D-16,3.12803926395268D-16,                    63P     41
-1.11022302462516D-14,-3.33066907387547D-16,1.,                       63P     42
2.41368410268905D-16,60.,0.,1.04770588974666D-31,                     63P     43
0.999999999999999,4.44089209850063D-15;                               63P     44
124,0.999999999999999,-1.0547118733939D-15,-2.7504076276462D-16,      65P     45
-1.33226762955019D-14,-8.32667268468868D-16,1.,                       65P     46
5.83633609453218D-17,20.,0.,-8.19675784331208D-31,1.,0.;              65P     47
124,1.,-8.32667268468869D-16,9.4844392317677D-16,0.,                  67P     48
-2.77555756156289D-16,1.,1.06201465484501D-15,10.,0.,                 67P     49
6.70223620646758D-31,0.999999999999997,-1.66533453693773D-15;         67P     50
124,1.,2.22044604925031D-16,5.18367724819362D-16,                     69P     51
-1.11022302462516D-14,-6.66133814775094D-16,0.999999999999999,        69P     52
4.85745838455529D-16,70.,-2.46519032881566D-32,                       69P     53
-3.69778549322349D-32,1.,0.;                                          69P     54
124,1.,0.,0.,0.,0.,1.,0.,30.,0.,0.,1.,0.;                             71P     55
124,0.866025403784439,0.,-0.5,-4.44089209850063D-15,0.,-1.,0.,        73P     56
140.,-0.5,0.,-0.866025403784439,-8.8;                                 73P     57
124,0.866025403784439,0.,-0.5,-7.62102355330306,0.,-1.,0.,140.,       75P     58
-0.5,0.,-0.866025403784439,4.4;                                       75P     59
124,0.866025403784439,0.,-0.5,7.62102355330306,0.,-1.,0.,140.,        77P     60
-0.5,0.,-0.866025403784439,4.4;                                       77P     61
308,0,17Hstator_end_cap v4,1,95;                                      79P     62
308,0,9Hstator v5,1,97;                                               81P     63
308,0,21H10mm by 3mm magnet v1,1,99;                                  83P     64
308,0,7Hcoil v1,1,101;                                                85P     65
308,0,24Hcarbon_fibre_armature v1,1,103;                              87P     66
308,0,23H10mm by 10mm magnets v1,1,105;                               89P     67
308,1,11Harmature v1,9,17,19,21,23,25,27,29,31,33;                    91P     68
308,0,18Hm2 by 20mm bolt v2,1,107;                                    93P     69
186,109,1,0,0,1,1911;                                                 95P     70
186,111,1,0,0,1,1911;                                                 97P     71
186,113,1,0,0,1,1911;                                                 99P     72
186,115,1,0,0,1,1911;                                                101P     73
186,117,1,0,0,1,1911;                                                103P     74
186,119,1,0,0,1,1911;                                                105P     75
186,121,1,0,0,1,1911;                                                107P     76
514,14,123,1,125,1,127,1,129,1,131,1,133,1,135,1,137,1,139,1,        109P     77
141,1,143,1,145,1,147,1,149,1;                                       109P     78
514,101,151,1,153,1,155,1,157,1,159,1,161,1,163,1,165,1,167,1,       111P     79
169,1,171,1,173,1,175,1,177,1,179,1,181,1,183,1,185,1,187,1,189,     111P     80
1,191,1,193,1,195,1,197,1,199,1,201,1,203,1,205,1,207,1,209,1,       111P     81
211,1,213,1,215,1,217,1,219,1,221,1,223,1,225,1,227,1,229,1,231,     111P     82
1,233,1,235,1,237,1,239,1,241,1,243,1,245,1,247,1,249,1,251,1,       111P     83
253,1,255,1,257,1,259,1,261,1,263,1,265,1,267,1,269,1,271,1,273,     111P     84
1,275,1,277,1,279,1,281,1,283,1,285,1,287,1,289,1,291,1,293,1,       111P     85
295,1,297,1,299,1,301,1,303,1,305,1,307,1,309,1,311,1,313,1,315,     111P     86
1,317,1,319,1,321,1,323,1,325,1,327,1,329,1,331,1,333,1,335,1,       111P     87
337,1,339,1,341,1,343,1,345,1,347,1,349,1,351,1;                     111P     88
514,5,353,1,355,1,357,1,359,1,361,1;                                 113P     89
514,8,363,1,365,1,367,1,369,1,371,1,373,1,375,1,377,1;               115P     90
514,4,379,1,381,1,383,1,385,1;                                       117P     91
514,3,387,1,389,1,391,1;                                             119P     92
514,28,393,1,395,1,397,1,399,1,401,1,403,1,405,1,407,1,409,1,        121P     93
411,1,413,1,415,1,417,1,419,1,421,1,423,1,425,1,427,1,429,1,431,     121P     94
1,433,1,435,1,437,1,439,1,441,1,443,1,445,1,447,1;                   121P     95
510,1557,1,1,449;                                                    123P     96
510,1559,1,1,451;                                                    125P     97
510,1561,4,1,453,455,457,459;                                        127P     98
510,1563,1,1,461;                                                    129P     99
510,1565,5,1,463,465,467,469,471;                                    131P    100
510,1567,1,1,473;                                                    133P    101
510,1569,1,1,475;                                                    135P    102
510,1571,1,1,477;                                                    137P    103
510,1573,1,1,479;                                                    139P    104
510,1575,1,1,481;                                                    141P    105
510,1577,1,1,483;                                                    143P    106
510,1579,1,1,485;                                                    145P    107
510,1581,1,1,487;                                                    147P    108
510,1583,1,1,489;                                                    149P    109
510,1585,1,1,491;                                                    151P    110
510,1587,2,1,493,495;                                                153P    111
510,1589,1,1,497;                                                    155P    112
510,1591,1,1,499;                                                    157P    113
510,1593,1,1,501;                                                    159P    114
510,1595,1,1,503;                                                    161P    115
510,1597,1,1,505;                                                    163P    116
510,1599,1,1,507;                                                    165P    117
510,1601,1,1,509;                                                    167P    118
510,1603,1,1,511;                                                    169P    119
510,1605,1,1,513;                                                    171P    120
510,1607,1,1,515;                                                    173P    121
510,1609,1,1,517;                                                    175P    122
510,1611,5,1,519,521,523,525,527;                                    177P    123
510,1613,1,1,529;                                                    179P    124
510,1615,1,1,531;                                                    181P    125
510,1617,1,1,533;                                                    183P    126
510,1619,1,1,535;                                                    185P    127
510,1621,1,1,537;                                                    187P    128
510,1623,1,1,539;                                                    189P    129
510,1625,1,1,541;                                                    191P    130
510,1627,1,1,543;                                                    193P    131
510,1629,1,1,545;                                                    195P    132
510,1631,1,1,547;                                                    197P    133
510,1633,1,1,549;                                                    199P    134
510,1635,1,1,551;                                                    201P    135
510,1637,1,1,553;                                                    203P    136
510,1639,1,1,555;                                                    205P    137
510,1641,1,1,557;                                                    207P    138
510,1643,1,1,559;                                                    209P    139
510,1645,1,1,561;                                                    211P    140
510,1647,1,1,563;                                                    213P    141
510,1649,1,1,565;                                                    215P    142
510,1651,1,1,567;                                                    217P    143
510,1653,1,1,569;                                                    219P    144
510,1655,1,1,571;                                                    221P    145
510,1657,1,1,573;                                                    223P    146
510,1659,2,1,575,577;                                                225P    147
510,1661,1,1,579;                                                    227P    148
510,1663,1,1,581;                                                    229P    149
510,1665,1,1,583;                                                    231P    150
510,1667,1,1,585;                                                    233P    151
510,1669,1,1,587;                                                    235P    152
510,1671,1,1,589;                                                    237P    153
510,1673,1,1,591;                                                    239P    154
510,1675,1,1,593;                                                    241P    155
510,1677,1,1,595;                                                    243P    156
510,1679,1,1,597;                                                    245P    157
510,1681,1,1,599;                                                    247P    158
510,1683,2,1,601,603;                                                249P    159
510,1685,1,1,605;                                                    251P    160
510,1687,1,1,607;                                                    253P    161
510,1689,1,1,609;                                                    255P    162
510,1691,1,1,611;                                                    257P    163
510,1693,1,1,613;                                                    259P    164
510,1695,1,1,615;                                                    261P    165
510,1697,1,1,617;                                                    263P    166
510,1699,1,1,619;                                                    265P    167
510,1701,1,1,621;                                                    267P    168
510,1703,1,1,623;                                                    269P    169
510,1705,1,1,625;                                                    271P    170
510,1707,1,1,627;                                                    273P    171
510,1709,1,1,629;                                                    275P    172
510,1711,1,1,631;                                                    277P    173
510,1713,2,1,633,635;                                                279P    174
510,1715,1,1,637;                                                    281P    175
510,1717,1,1,639;                                                    283P    176
510,1719,1,1,641;                                                    285P    177
510,1721,1,1,643;                                                    287P    178
510,1723,1,1,645;                                                    289P    179
510,1725,1,1,647;                                                    291P    180
510,1727,1,1,649;                                                    293P    181
510,1729,1,1,651;                                                    295P    182
510,1731,1,1,653;                                                    297P    183
510,1733,1,1,655;                                                    299P    184
510,1735,1,1,657;                                                    301P    185
510,1737,1,1,659;                                                    303P    186
510,1739,2,1,661,663;                                                305P    187
510,1741,1,1,665;                                                    307P    188
510,1743,2,1,667,669;                                                309P    189
510,1745,1,1,671;                                                    311P    190
510,1747,2,1,673,675;                                                313P    191
510,1749,1,1,677;                                                    315P    192
510,1751,2,1,679,681;                                                317P    193
510,1753,1,1,683;                                                    319P    194
510,1755,1,1,685;                                                    321P    195
510,1757,1,1,687;                                                    323P    196
510,1759,1,1,689;                                                    325P    197
510,1761,2,1,691,693;                                                327P    198
510,1763,1,1,695;                                                    329P    199
510,1765,1,1,697;                                                    331P    200
510,1767,1,1,699;                                                    333P    201
510,1769,1,1,701;                                                    335P    202
510,1771,1,1,703;                                                    337P    203
510,1773,1,1,705;                                                    339P    204
510,1775,1,1,707;                                                    341P    205
510,1777,1,1,709;                                                    343P    206
510,1779,1,1,711;                                                    345P    207
510,1781,1,1,713;                                                    347P    208
510,1783,1,1,715;                                                    349P    209
510,1785,1,1,717;                                                    351P    210
510,1787,1,1,719;                                                    353P    211
510,1789,1,1,721;                                                    355P    212
510,1791,1,1,723;                                                    357P    213
510,1793,1,1,725;                                                    359P    214
510,1795,1,1,727;                                                    361P    215
510,1797,1,1,729;                                                    363P    216
510,1799,1,1,731;                                                    365P    217
510,1801,2,1,733,735;                                                367P    218
510,1803,1,1,737;                                                    369P    219
510,1805,2,1,739,741;                                                371P    220
510,1807,1,1,743;                                                    373P    221
510,1809,1,1,745;                                                    375P    222
510,1811,1,1,747;                                                    377P    223
510,1813,1,1,749;                                                    379P    224
510,1815,1,1,751;                                                    381P    225
510,1817,2,1,753,755;                                                383P    226
510,1819,2,1,757,759;                                                385P    227
510,1821,1,1,761;                                                    387P    228
510,1823,1,1,763;                                                    389P    229
510,1825,1,1,765;                                                    391P    230
510,1827,1,1,767;                                                    393P    231
510,1829,1,1,769;                                                    395P    232
510,1831,2,1,771,773;                                                397P    233
510,1833,1,1,775;                                                    399P    234
510,1835,1,1,777;                                                    401P    235
510,1837,1,1,779;                                                    403P    236
510,1839,1,1,781;                                                    405P    237
510,1841,2,1,783,785;                                                407P    238
510,1843,1,1,787;                                                    409P    239
510,1845,1,1,789;                                                    411P    240
510,1847,1,1,791;                                                    413P    241
510,1849,1,1,793;                                                    415P    242
510,1851,1,1,795;                                                    417P    243
510,1853,1,1,797;                                                    419P    244
510,1855,1,1,799;                                                    421P    245
510,1857,1,1,801;                                                    423P    246
510,1859,1,1,803;                                                    425P    247
510,1861,1,1,805;                                                    427P    248
510,1863,1,1,807;                                                    429P    249
510,1865,1,1,809;                                                    431P    250
510,1867,1,1,811;                                                    433P    251
510,1869,1,1,813;                                                    435P    252
510,1871,1,1,815;                                                    437P    253
510,1873,1,1,817;                                                    439P    254
510,1875,1,1,819;                                                    441P    255
510,1877,1,1,821;                                                    443P    256
510,1879,1,1,823;                                                    445P    257
510,1881,1,1,825;                                                    447P    258
508,6,0,1897,1,1,0,0,1897,2,1,0,0,1897,3,1,0,0,1897,4,1,0,0,         449P    259
1897,2,0,0,0,1897,5,1,0;                                             449P    260
508,6,0,1897,4,0,0,0,1897,6,1,0,0,1897,7,0,0,0,1897,8,0,0,0,         451P    261
1897,6,0,0,0,1897,3,0,0;                                             451P    262
508,2,0,1897,1,0,0,0,1897,5,0,0;                                     453P    263
508,1,0,1897,9,1,0;                                                  455P    264
508,1,0,1897,10,1,0;                                                 457P    265
508,1,0,1897,11,1,0;                                                 459P    266
508,6,0,1897,12,1,0,0,1897,13,1,0,0,1897,14,1,0,0,1897,15,1,0,0,     461P    267
1897,13,0,0,0,1897,16,1,0;                                           461P    268
508,2,0,1897,17,0,0,0,1897,18,0,0;                                   463P    269
508,2,0,1897,19,0,0,0,1897,20,0,0;                                   465P    270
508,2,0,1897,21,0,0,0,1897,22,0,0;                                   467P    271
508,2,0,1897,23,0,0,0,1897,24,0,0;                                   469P    272
508,2,0,1897,12,0,0,0,1897,16,0,0;                                   471P    273
508,5,0,1897,15,0,0,0,1897,25,1,0,0,1897,26,1,0,0,1897,25,0,0,0,     473P    274
1897,14,0,0;                                                         473P    275
508,6,0,1897,19,1,0,0,1897,27,1,0,0,1897,28,1,0,0,1897,29,1,0,0,     475P    276
1897,27,0,0,0,1897,20,1,0;                                           475P    277
508,5,0,1897,29,0,0,0,1897,30,1,0,0,1897,11,0,0,0,1897,30,0,0,0,     477P    278
1897,28,0,0;                                                         477P    279
508,6,0,1897,23,1,0,0,1897,31,1,0,0,1897,32,1,0,0,1897,33,1,0,0,     479P    280
1897,31,0,0,0,1897,24,1,0;                                           479P    281
508,5,0,1897,33,0,0,0,1897,34,1,0,0,1897,10,0,0,0,1897,34,0,0,0,     481P    282
1897,32,0,0;                                                         481P    283
508,6,0,1897,21,1,0,0,1897,35,1,0,0,1897,36,1,0,0,1897,37,1,0,0,     483P    284
1897,35,0,0,0,1897,22,1,0;                                           483P    285
508,5,0,1897,37,0,0,0,1897,38,1,0,0,1897,9,0,0,0,1897,38,0,0,0,      485P    286
1897,36,0,0;                                                         485P    287
508,6,0,1897,8,1,0,0,1897,39,1,0,0,1897,18,1,0,0,1897,17,1,0,0,      487P    288
1897,39,0,0,0,1897,7,1,0;                                            487P    289
508,1,0,1897,26,0,0;                                                 489P    290
508,6,0,1899,1,1,0,0,1899,2,1,0,0,1899,3,1,0,0,1899,4,1,0,0,         491P    291
1899,2,0,0,0,1899,5,1,0;                                             491P    292
508,2,0,1899,6,0,0,0,1899,7,0,0;                                     493P    293
508,2,0,1899,1,0,0,0,1899,5,0,0;                                     495P    294
508,5,0,1899,8,0,0,0,1899,9,1,0,0,1899,3,0,0,0,1899,4,0,0,0,         497P    295
1899,9,0,0;                                                          497P    296
508,4,0,1899,10,1,0,0,1899,11,1,0,0,1899,12,1,0,0,1899,11,0,0;       499P    297
508,4,0,1899,13,0,0,0,1899,14,1,0,0,1899,10,0,0,0,1899,14,0,0;       501P    298
508,1,0,1899,12,0,0;                                                 503P    299
508,4,0,1899,15,1,0,0,1899,16,1,0,0,1899,17,1,0,0,1899,16,0,0;       505P    300
508,4,0,1899,18,0,0,0,1899,19,1,0,0,1899,15,0,0,0,1899,19,0,0;       507P    301
508,1,0,1899,17,0,0;                                                 509P    302
508,4,0,1899,20,1,0,0,1899,21,1,0,0,1899,22,1,0,0,1899,21,0,0;       511P    303
508,4,0,1899,23,0,0,0,1899,24,1,0,0,1899,20,0,0,0,1899,24,0,0;       513P    304
508,1,0,1899,22,0,0;                                                 515P    305
508,4,0,1899,25,1,0,0,1899,26,1,0,0,1899,13,1,0,0,1899,26,0,0;       517P    306
508,2,0,1899,27,0,0,0,1899,28,0,0;                                   519P    307
508,1,0,1899,29,0,0;                                                 521P    308
508,1,0,1899,30,0,0;                                                 523P    309
508,1,0,1899,31,0,0;                                                 525P    310
508,1,0,1899,25,0,0;                                                 527P    311
508,4,0,1899,29,1,0,0,1899,32,1,0,0,1899,23,1,0,0,1899,32,0,0;       529P    312
508,4,0,1899,33,1,0,0,1899,34,1,0,0,1899,35,1,0,0,1899,27,1,0;       531P    313
508,4,0,1899,36,1,0,0,1899,37,1,0,0,1899,38,1,0,0,1899,28,1,0;       533P    314
508,3,0,1899,38,0,0,0,1899,39,1,0,0,1899,33,0,0;                     535P    315
508,3,0,1899,35,0,0,0,1899,40,1,0,0,1899,36,0,0;                     537P    316
508,4,0,1899,39,0,0,0,1899,41,1,0,0,1899,42,1,0,0,1899,43,1,0;       539P    317
508,6,0,1899,37,0,0,0,1899,44,0,0,0,1899,45,0,0,0,1899,46,0,0,0,     541P    318
1899,47,0,0,0,1899,41,0,0;                                           541P    319
508,4,0,1899,48,1,0,0,1899,49,1,0,0,1899,30,1,0,0,1899,49,0,0;       543P    320
508,6,0,1899,48,0,0,0,1899,50,1,0,0,1899,51,0,0,0,1899,52,0,0,0,     545P    321
1899,53,0,0,0,1899,50,0,0;                                           545P    322
508,4,0,1899,31,1,0,0,1899,54,1,0,0,1899,18,1,0,0,1899,54,0,0;       547P    323
508,4,0,1899,34,0,0,0,1899,43,0,0,0,1899,55,0,0,0,1899,56,0,0;       549P    324
508,4,0,1899,57,1,0,0,1899,58,1,0,0,1899,42,0,0,0,1899,47,1,0;       551P    325
508,4,0,1899,59,1,0,0,1899,60,1,0,0,1899,57,0,0,0,1899,46,1,0;       553P    326
508,4,0,1899,61,1,0,0,1899,62,1,0,0,1899,59,0,0,0,1899,45,1,0;       555P    327
508,4,0,1899,40,0,0,0,1899,56,1,0,0,1899,61,0,0,0,1899,44,1,0;       557P    328
508,4,0,1899,63,1,0,0,1899,64,1,0,0,1899,65,1,0,0,1899,66,1,0;       559P    329
508,4,0,1899,67,1,0,0,1899,68,1,0,0,1899,63,0,0,0,1899,69,1,0;       561P    330
508,4,0,1899,70,1,0,0,1899,71,1,0,0,1899,67,0,0,0,1899,72,1,0;       563P    331
508,4,0,1899,73,1,0,0,1899,74,1,0,0,1899,70,0,0,0,1899,75,1,0;       565P    332
508,4,0,1899,76,1,0,0,1899,77,1,0,0,1899,73,0,0,0,1899,78,1,0;       567P    333
508,4,0,1899,79,1,0,0,1899,80,1,0,0,1899,76,0,0,0,1899,81,1,0;       569P    334
508,4,0,1899,82,1,0,0,1899,83,1,0,0,1899,79,0,0,0,1899,84,1,0;       571P    335
508,4,0,1899,65,0,0,0,1899,85,1,0,0,1899,82,0,0,0,1899,86,1,0;       573P    336
508,2,0,1899,85,0,0,0,1899,87,0,0;                                   575P    337
508,2,0,1899,88,0,0,0,1899,89,0,0;                                   577P    338
508,4,0,1899,80,0,0,0,1899,90,0,0,0,1899,68,0,0,0,1899,91,0,0;       579P    339
508,4,0,1899,83,0,0,0,1899,87,1,0,0,1899,64,0,0,0,1899,90,1,0;       581P    340
508,8,0,1899,66,0,0,0,1899,86,0,0,0,1899,84,0,0,0,1899,81,0,0,0,     583P    341
1899,78,0,0,0,1899,75,0,0,0,1899,72,0,0,0,1899,69,0,0;               583P    342
508,4,0,1899,92,1,0,0,1899,93,1,0,0,1899,94,1,0,0,1899,95,1,0;       585P    343
508,4,0,1899,96,1,0,0,1899,97,1,0,0,1899,92,0,0,0,1899,98,1,0;       587P    344
508,4,0,1899,99,1,0,0,1899,100,1,0,0,1899,96,0,0,0,1899,101,1,0;     589P    345
508,4,0,1899,102,1,0,0,1899,103,1,0,0,1899,99,0,0,0,1899,104,1,      591P    346
0;                                                                   591P    347
508,4,0,1899,105,1,0,0,1899,106,1,0,0,1899,102,0,0,0,1899,107,1,     593P    348
0;                                                                   593P    349
508,4,0,1899,108,1,0,0,1899,109,1,0,0,1899,105,0,0,0,1899,110,1,     595P    350
0;                                                                   595P    351
508,4,0,1899,111,1,0,0,1899,112,1,0,0,1899,108,0,0,0,1899,113,1,     597P    352
0;                                                                   597P    353
508,4,0,1899,94,0,0,0,1899,114,1,0,0,1899,111,0,0,0,1899,115,1,      599P    354
0;                                                                   599P    355
508,2,0,1899,114,0,0,0,1899,116,0,0;                                 601P    356
508,2,0,1899,117,0,0,0,1899,118,0,0;                                 603P    357
508,4,0,1899,109,0,0,0,1899,119,0,0,0,1899,97,0,0,0,1899,120,0,      605P    358
0;                                                                   605P    359
508,4,0,1899,112,0,0,0,1899,116,1,0,0,1899,93,0,0,0,1899,119,1,      607P    360
0;                                                                   607P    361
508,8,0,1899,95,0,0,0,1899,115,0,0,0,1899,113,0,0,0,1899,110,0,      609P    362
0,0,1899,107,0,0,0,1899,104,0,0,0,1899,101,0,0,0,1899,98,0,0;        609P    363
508,4,0,1899,121,1,0,0,1899,122,1,0,0,1899,123,1,0,0,1899,124,1,     611P    364
0;                                                                   611P    365
508,4,0,1899,125,1,0,0,1899,126,1,0,0,1899,123,0,0,0,1899,127,1,     613P    366
0;                                                                   613P    367
508,4,0,1899,128,1,0,0,1899,129,1,0,0,1899,125,0,0,0,1899,130,1,     615P    368
0;                                                                   615P    369
508,4,0,1899,131,1,0,0,1899,132,1,0,0,1899,128,0,0,0,1899,133,1,     617P    370
0;                                                                   617P    371
508,4,0,1899,134,1,0,0,1899,135,1,0,0,1899,131,0,0,0,1899,136,1,     619P    372
0;                                                                   619P    373
508,4,0,1899,137,1,0,0,1899,138,1,0,0,1899,134,0,0,0,1899,139,1,     621P    374
0;                                                                   621P    375
508,4,0,1899,140,1,0,0,1899,141,1,0,0,1899,137,0,0,0,1899,142,1,     623P    376
0;                                                                   623P    377
508,4,0,1899,121,0,0,0,1899,143,1,0,0,1899,140,0,0,0,1899,144,1,     625P    378
0;                                                                   625P    379
508,4,0,1899,138,0,0,0,1899,145,1,0,0,1899,132,0,0,0,1899,146,1,     627P    380
0;                                                                   627P    381
508,4,0,1899,141,0,0,0,1899,147,0,0,0,1899,129,0,0,0,1899,145,0,     629P    382
0;                                                                   629P    383
508,4,0,1899,143,0,0,0,1899,148,1,0,0,1899,126,0,0,0,1899,147,1,     631P    384
0;                                                                   631P    385
508,2,0,1899,124,0,0,0,1899,148,0,0;                                 633P    386
508,2,0,1899,149,0,0,0,1899,150,0,0;                                 635P    387
508,8,0,1899,122,0,0,0,1899,144,0,0,0,1899,142,0,0,0,1899,139,0,     637P    388
0,0,1899,136,0,0,0,1899,133,0,0,0,1899,130,0,0,0,1899,127,0,0;       637P    389
508,4,0,1899,151,1,0,0,1899,152,1,0,0,1899,153,1,0,0,1899,154,1,     639P    390
0;                                                                   639P    391
508,4,0,1899,155,1,0,0,1899,156,1,0,0,1899,153,0,0,0,1899,157,1,     641P    392
0;                                                                   641P    393
508,4,0,1899,158,1,0,0,1899,159,1,0,0,1899,155,0,0,0,1899,160,1,     643P    394
0;                                                                   643P    395
508,4,0,1899,161,1,0,0,1899,162,1,0,0,1899,158,0,0,0,1899,163,1,     645P    396
0;                                                                   645P    397
508,4,0,1899,164,1,0,0,1899,6,1,0,0,1899,161,0,0,0,1899,165,1,0;     647P    398
508,4,0,1899,166,1,0,0,1899,167,1,0,0,1899,164,0,0,0,1899,168,1,     649P    399
0;                                                                   649P    400
508,4,0,1899,169,1,0,0,1899,170,1,0,0,1899,166,0,0,0,1899,171,1,     651P    401
0;                                                                   651P    402
508,4,0,1899,151,0,0,0,1899,172,1,0,0,1899,169,0,0,0,1899,173,1,     653P    403
0;                                                                   653P    404
508,4,0,1899,167,0,0,0,1899,174,1,0,0,1899,162,0,0,0,1899,7,1,0;     655P    405
508,4,0,1899,170,0,0,0,1899,175,0,0,0,1899,159,0,0,0,1899,174,0,     657P    406
0;                                                                   657P    407
508,4,0,1899,172,0,0,0,1899,176,1,0,0,1899,156,0,0,0,1899,175,1,     659P    408
0;                                                                   659P    409
508,2,0,1899,154,0,0,0,1899,176,0,0;                                 661P    410
508,2,0,1899,177,0,0,0,1899,178,0,0;                                 663P    411
508,8,0,1899,152,0,0,0,1899,173,0,0,0,1899,171,0,0,0,1899,168,0,     665P    412
0,0,1899,165,0,0,0,1899,163,0,0,0,1899,160,0,0,0,1899,157,0,0;       665P    413
508,2,0,1899,74,0,0,0,1899,179,0,0;                                  667P    414
508,2,0,1899,180,0,0,0,1899,181,0,0;                                 669P    415
508,4,0,1899,77,0,0,0,1899,91,1,0,0,1899,71,0,0,0,1899,179,1,0;      671P    416
508,2,0,1899,103,0,0,0,1899,182,0,0;                                 673P    417
508,2,0,1899,183,0,0,0,1899,184,0,0;                                 675P    418
508,4,0,1899,106,0,0,0,1899,120,1,0,0,1899,100,0,0,0,1899,182,1,     677P    419
0;                                                                   677P    420
508,2,0,1899,135,0,0,0,1899,146,0,0;                                 679P    421
508,2,0,1899,185,0,0,0,1899,186,0,0;                                 681P    422
508,7,0,1899,187,1,0,0,1899,188,1,0,0,1899,52,1,0,0,1899,51,1,0,     683P    423
0,1899,53,1,0,0,1899,188,0,0,0,1899,189,1,0;                         683P    424
508,2,0,1899,187,0,0,0,1899,189,0,0;                                 685P    425
508,1,0,1899,8,1,0;                                                  687P    426
508,4,0,1899,62,0,0,0,1899,55,1,0,0,1899,58,0,0,0,1899,190,1,0;      689P    427
508,2,0,1899,60,0,0,0,1899,190,0,0;                                  691P    428
508,2,0,1899,191,0,0,0,1899,192,0,0;                                 693P    429
508,6,0,1899,191,1,0,0,1899,193,1,0,0,1899,194,1,0,0,1899,195,1,     695P    430
0,0,1899,193,0,0,0,1899,192,1,0;                                     695P    431
508,6,0,1899,196,0,0,0,1899,197,1,0,0,1899,194,0,0,0,1899,195,0,     697P    432
0,0,1899,197,0,0,0,1899,198,0,0;                                     697P    433
508,6,0,1899,196,1,0,0,1899,199,1,0,0,1899,89,1,0,0,1899,88,1,0,     699P    434
0,1899,199,0,0,0,1899,198,1,0;                                       699P    435
508,6,0,1899,180,1,0,0,1899,200,1,0,0,1899,201,1,0,0,1899,202,1,     701P    436
0,0,1899,200,0,0,0,1899,181,1,0;                                     701P    437
508,6,0,1899,203,0,0,0,1899,204,1,0,0,1899,201,0,0,0,1899,202,0,     703P    438
0,0,1899,204,0,0,0,1899,205,0,0;                                     703P    439
508,6,0,1899,203,1,0,0,1899,206,1,0,0,1899,118,1,0,0,1899,117,1,     705P    440
0,0,1899,206,0,0,0,1899,205,1,0;                                     705P    441
508,6,0,1899,183,1,0,0,1899,207,1,0,0,1899,208,1,0,0,1899,209,1,     707P    442
0,0,1899,207,0,0,0,1899,184,1,0;                                     707P    443
508,6,0,1899,210,0,0,0,1899,211,1,0,0,1899,208,0,0,0,1899,209,0,     709P    444
0,0,1899,211,0,0,0,1899,212,0,0;                                     709P    445
508,6,0,1899,210,1,0,0,1899,213,1,0,0,1899,150,1,0,0,1899,149,1,     711P    446
0,0,1899,213,0,0,0,1899,212,1,0;                                     711P    447
508,6,0,1899,185,1,0,0,1899,214,1,0,0,1899,215,1,0,0,1899,216,1,     713P    448
0,0,1899,214,0,0,0,1899,186,1,0;                                     713P    449
508,6,0,1899,217,0,0,0,1899,218,1,0,0,1899,215,0,0,0,1899,216,0,     715P    450
0,0,1899,218,0,0,0,1899,219,0,0;                                     715P    451
508,6,0,1899,217,1,0,0,1899,220,1,0,0,1899,178,1,0,0,1899,177,1,     717P    452
0,0,1899,220,0,0,0,1899,219,1,0;                                     717P    453
508,6,0,1901,1,1,0,0,1901,2,1,0,0,1901,3,1,0,0,1901,4,1,0,0,         719P    454
1901,2,0,0,0,1901,5,1,0;                                             719P    455
508,6,0,1901,6,0,0,0,1901,7,1,0,0,1901,5,0,0,0,1901,1,0,0,0,         721P    456
1901,7,0,0,0,1901,8,0,0;                                             721P    457
508,2,0,1901,4,0,0,0,1901,3,0,0;                                     723P    458
508,6,0,1901,9,1,0,0,1901,10,1,0,0,1901,8,1,0,0,1901,6,1,0,0,        725P    459
1901,10,0,0,0,1901,11,1,0;                                           725P    460
508,2,0,1901,9,0,0,0,1901,11,0,0;                                    727P    461
508,6,0,1903,1,1,0,0,1903,2,1,0,0,1903,3,1,0,0,1903,4,1,0,0,         729P    462
1903,2,0,0,0,1903,5,1,0;                                             729P    463
508,6,0,1903,4,0,0,0,1903,6,1,0,0,1903,7,0,0,0,1903,8,0,0,0,         731P    464
1903,6,0,0,0,1903,3,0,0;                                             731P    465
508,2,0,1903,1,0,0,0,1903,5,0,0;                                     733P    466
508,2,0,1903,9,0,0,0,1903,10,0,0;                                    735P    467
508,6,0,1903,8,1,0,0,1903,11,1,0,0,1903,12,1,0,0,1903,13,1,0,0,      737P    468
1903,11,0,0,0,1903,7,1,0;                                            737P    469
508,2,0,1903,13,0,0,0,1903,12,0,0;                                   739P    470
508,2,0,1903,14,0,0,0,1903,15,0,0;                                   741P    471
508,6,0,1903,16,1,0,0,1903,17,1,0,0,1903,15,1,0,0,1903,14,1,0,0,     743P    472
1903,17,0,0,0,1903,18,1,0;                                           743P    473
508,6,0,1903,19,0,0,0,1903,20,1,0,0,1903,18,0,0,0,1903,16,0,0,0,     745P    474
1903,20,0,0,0,1903,21,0,0;                                           745P    475
508,6,0,1903,9,1,0,0,1903,22,1,0,0,1903,21,1,0,0,1903,19,1,0,0,      747P    476
1903,22,0,0,0,1903,10,1,0;                                           747P    477
508,4,0,1905,1,0,0,0,1905,2,1,0,0,1905,3,1,0,0,1905,2,0,0;           749P    478
508,4,0,1905,4,0,0,0,1905,5,1,0,0,1905,6,1,0,0,1905,5,0,0;           751P    479
508,1,0,1905,4,1,0;                                                  753P    480
508,1,0,1905,1,1,0;                                                  755P    481
508,1,0,1905,6,0,0;                                                  757P    482
508,1,0,1905,3,0,0;                                                  759P    483
508,4,0,1907,1,0,0,0,1907,2,1,0,0,1907,3,1,0,0,1907,2,0,0;           761P    484
508,1,0,1907,1,1,0;                                                  763P    485
508,1,0,1907,3,0,0;                                                  765P    486
508,6,0,1909,1,1,0,0,1909,2,1,0,0,1909,3,1,0,0,1909,4,1,0,0,         767P    487
1909,2,0,0,0,1909,5,1,0;                                             767P    488
508,6,0,1909,1,0,0,0,1909,6,1,0,0,1909,7,0,0,0,1909,8,0,0,0,         769P    489
1909,6,0,0,0,1909,5,0,0;                                             769P    490
508,2,0,1909,9,0,0,0,1909,10,0,0;                                    771P    491
508,2,0,1909,4,0,0,0,1909,3,0,0;                                     773P    492
508,6,0,1909,11,1,0,0,1909,12,1,0,0,1909,7,1,0,0,1909,8,1,0,0,       775P    493
1909,12,0,0,0,1909,13,1,0;                                           775P    494
508,2,0,1909,11,0,0,0,1909,13,0,0;                                   777P    495
508,6,0,1909,14,1,0,0,1909,15,1,0,0,1909,16,1,0,0,1909,17,1,0,0,     779P    496
1909,15,0,0,0,1909,18,1,0;                                           779P    497
508,6,0,1909,17,0,0,0,1909,19,1,0,0,1909,20,0,0,0,1909,21,0,0,0,     781P    498
1909,19,0,0,0,1909,16,0,0;                                           781P    499
508,2,0,1909,14,0,0,0,1909,18,0,0;                                   783P    500
508,6,0,1909,22,0,0,0,1909,23,0,0,0,1909,24,0,0,0,1909,25,0,0,0,     785P    501
1909,26,0,0,0,1909,27,0,0;                                           785P    502
508,6,0,1909,9,1,0,0,1909,28,1,0,0,1909,20,1,0,0,1909,21,1,0,0,      787P    503
1909,28,0,0,0,1909,10,1,0;                                           787P    504
508,4,0,1909,29,1,0,0,1909,30,1,0,0,1909,31,1,0,0,1909,32,0,0;       789P    505
508,4,0,1909,33,1,0,0,1909,34,1,0,0,1909,35,1,0,0,1909,30,0,0;       791P    506
508,4,0,1909,36,1,0,0,1909,34,0,0,0,1909,37,1,0,0,1909,38,1,0;       793P    507
508,4,0,1909,39,1,0,0,1909,38,0,0,0,1909,40,1,0,0,1909,41,1,0;       795P    508
508,4,0,1909,42,1,0,0,1909,41,0,0,0,1909,43,1,0,0,1909,44,1,0;       797P    509
508,4,0,1909,45,1,0,0,1909,44,0,0,0,1909,46,1,0,0,1909,32,1,0;       799P    510
508,4,0,1909,42,0,0,0,1909,47,1,0,0,1909,48,0,0,0,1909,49,0,0;       801P    511
508,4,0,1909,45,0,0,0,1909,50,1,0,0,1909,51,0,0,0,1909,47,0,0;       803P    512
508,4,0,1909,31,0,0,0,1909,52,1,0,0,1909,53,0,0,0,1909,50,0,0;       805P    513
508,6,0,1909,29,0,0,0,1909,46,0,0,0,1909,43,0,0,0,1909,40,0,0,0,     807P    514
1909,37,0,0,0,1909,33,0,0;                                           807P    515
508,4,0,1909,22,1,0,0,1909,54,1,0,0,1909,55,1,0,0,1909,56,1,0;       809P    516
508,4,0,1909,48,1,0,0,1909,57,1,0,0,1909,23,1,0,0,1909,56,0,0;       811P    517
508,4,0,1909,51,1,0,0,1909,58,1,0,0,1909,24,1,0,0,1909,57,0,0;       813P    518
508,4,0,1909,25,1,0,0,1909,58,0,0,0,1909,53,1,0,0,1909,59,1,0;       815P    519
508,4,0,1909,26,1,0,0,1909,59,0,0,0,1909,60,1,0,0,1909,61,1,0;       817P    520
508,4,0,1909,27,1,0,0,1909,61,0,0,0,1909,62,1,0,0,1909,54,0,0;       819P    521
508,4,0,1909,39,0,0,0,1909,49,1,0,0,1909,55,0,0,0,1909,63,0,0;       821P    522
508,4,0,1909,35,0,0,0,1909,64,1,0,0,1909,60,0,0,0,1909,52,0,0;       823P    523
508,4,0,1909,36,0,0,0,1909,63,1,0,0,1909,62,0,0,0,1909,64,0,0;       825P    524
126,2,2,0,0,0,0,-3.14159265358979,-3.14159265358979,                 827P    525
-3.14159265358979,-1.5707963267949,-1.5707963267949,                 827P    526
-1.5707963267949,1.,0.707106781186548,1.,-10.9,10.,                  827P    527
-1.33486501107062D-15,-10.9,10.,-10.9,6.67432505535308D-16,10.,      827P    528
-10.9,-3.14159265358979,-1.5707963267949,0.,0.,0.;                   827P    529
126,2,2,0,0,0,0,-1.57079632679491,-1.57079632679491,                 829P    530
-1.57079632679491,0.,0.,0.,1.,0.707106781186561,1.,0.,10.,-10.9,     829P    531
0.,10.,-11.,0.,9.9,-11.,-1.57079632679491,0.,0.,0.,0.;               829P    532
126,2,2,0,0,0,0,1.5707963267949,1.5707963267949,1.5707963267949,     831P    533
3.14159265358979,3.14159265358979,3.14159265358979,1.,               831P    534
0.707106781186548,1.,6.73555739531044D-16,9.9,-11.,-11.,9.9,         831P    535
-11.,-11.,9.9,-1.34711147906209D-15,1.5707963267949,                 831P    536
3.14159265358979,0.,0.,0.;                                           831P    537
126,6,2,0,0,0,0,-3.14159265358979,-3.14159265358979,                 833P    538
-3.14159265358979,-1.5707963267949,-1.5707963267949,0.,0.,           833P    539
1.5707963267949,1.5707963267949,1.5707963267949,1.,                  833P    540
0.707106781186548,1.,0.707106781186548,1.,0.707106781186548,1.,      833P    541
-11.,9.9,1.34711147906209D-15,-11.,9.9,11.,6.73555739531044D-16,     833P    542
9.9,11.,11.,9.9,11.,11.,9.9,0.,11.,9.9,-11.,                         833P    543
6.73555739531044D-16,9.9,-11.,-3.14159265358979,1.5707963267949,     833P    544
0.,0.,0.;                                                            833P    545
126,6,2,0,0,0,0,-1.5707963267949,-1.5707963267949,                   835P    546
-1.5707963267949,0.,0.,1.5707963267949,1.5707963267949,              835P    547
3.14159265358979,3.14159265358979,3.14159265358979,1.,               835P    548
0.707106781186548,1.,0.707106781186548,1.,0.707106781186548,1.,      835P    549
6.67432505535308D-16,10.,-10.9,10.9,10.,-10.9,10.9,10.,0.,10.9,      835P    550
10.,10.9,6.67432505535308D-16,10.,10.9,-10.9,10.,10.9,-10.9,10.,     835P    551
1.33486501107062D-15,-1.5707963267949,3.14159265358979,0.,0.,0.;     835P    552
126,1,1,0,0,1,0,-0.9,-0.9,-0.00909090909090909,                      837P    553
-0.00909090909090909,1.,1.,-11.,9.9,0.,-11.,0.1,0.,-0.9,             837P    554
-0.00909090909090909,0.,0.,0.;                                       837P    555
126,6,2,0,0,0,0,-1.5707963267949,-1.5707963267949,                   839P    556
-1.5707963267949,0.,0.,1.5707963267949,1.5707963267949,              839P    557
3.14159265358979,3.14159265358979,3.14159265358979,1.,               839P    558
0.707106781186548,1.,0.707106781186548,1.,0.707106781186548,1.,      839P    559
6.73555739531044D-16,0.1,-11.,11.,0.1,-11.,11.,0.1,0.,11.,0.1,       839P    560
11.,6.73555739531044D-16,0.1,11.,-11.,0.1,11.,-11.,0.1,              839P    561
1.34711147906209D-15,-1.5707963267949,3.14159265358979,0.,0.,0.;     839P    562
126,2,2,0,0,0,0,-3.14159265358979,-3.14159265358979,                 841P    563
-3.14159265358979,-1.5707963267949,-1.5707963267949,                 841P    564
-1.5707963267949,1.,0.707106781186548,1.,-11.,0.1,                   841P    565
-1.34711147906209D-15,-11.,0.1,-11.,6.73555739531044D-16,0.1,        841P    566
-11.,-3.14159265358979,-1.5707963267949,0.,0.,0.;                    841P    567
126,8,2,0,1,0,0,-3.14159265358979,-3.14159265358979,                 843P    568
-3.14159265358979,-1.5707963267949,-1.5707963267949,0.,0.,           843P    569
1.5707963267949,1.5707963267949,3.14159265358979,                    843P    570
3.14159265358979,3.14159265358979,1.,0.707106781186546,1.,           843P    571
0.707106781186548,1.,0.707106781186548,1.,0.707106781186545,1.,      843P    572
6.37102355330306,10.,4.4,6.37102355330306,10.,3.15,                  843P    573
7.62102355330306,10.,3.15,8.87102355330306,10.,3.15,                 843P    574
8.87102355330306,10.,4.4,8.87102355330306,10.,5.65,                  843P    575
7.62102355330306,10.,5.65,6.37102355330306,10.,5.65,                 843P    576
6.37102355330306,10.,4.4,-3.14159265358979,3.14159265358979,0.,      843P    577
0.,0.;                                                               843P    578
126,8,2,0,1,0,0,-3.14159265358979,-3.14159265358979,                 845P    579
-3.14159265358979,-1.5707963267949,-1.5707963267949,0.,0.,           845P    580
1.5707963267949,1.5707963267949,3.14159265358979,                    845P    581
3.14159265358979,3.14159265358979,1.,0.707106781186551,1.,           845P    582
0.707106781186551,1.,0.707106781186549,1.,0.707106781186549,1.,      845P    583
-1.25,10.,-8.8,-1.25,10.,-10.05,-4.48902119093184D-17,10.,           845P    584
-10.05,1.25,10.,-10.05,1.25,10.,-8.8,1.25,10.,-7.55,                 845P    585
-4.48902119093184D-17,10.,-7.55,-1.25,10.,-7.55,-1.25,10.,-8.8,      845P    586
-3.14159265358979,3.14159265358979,0.,0.,0.;                         845P    587
126,8,2,0,1,0,0,-3.14159265358979,-3.14159265358979,                 847P    588
-3.14159265358979,-1.5707963267949,-1.5707963267949,0.,0.,           847P    589
1.5707963267949,1.5707963267949,3.14159265358979,                    847P    590
3.14159265358979,3.14159265358979,1.,0.707106781186548,1.,           847P    591
0.707106781186548,1.,0.707106781186549,1.,0.707106781186549,1.,      847P    592
-8.87102355330306,10.,4.4,-8.87102355330306,10.,3.15,                847P    593
-7.62102355330306,10.,3.15,-6.37102355330306,10.,3.15,               847P    594
-6.37102355330306,10.,4.4,-6.37102355330306,10.,5.65,                847P    595
-7.62102355330306,10.,5.65,-8.87102355330306,10.,5.65,               847P    596
-8.87102355330306,10.,4.4,-3.14159265358979,3.14159265358979,0.,     847P    597
0.,0.;                                                               847P    598
126,2,2,0,0,0,0,-3.14159265358979,-3.14159265358979,                 849P    599
-3.14159265358979,-1.5707963267949,-1.5707963267949,                 849P    600
-1.5707963267949,1.,0.707106781186548,1.,-6.1,0.,                    849P    601
-7.47034547479886D-16,-6.1,0.,-6.1,3.73517273739943D-16,0.,-6.1,     849P    602
-3.14159265358979,-1.5707963267949,0.,0.,0.;                         849P    603
126,2,2,0,0,0,0,1.57079632679489,1.57079632679489,                   851P    604
1.57079632679489,3.14159265358979,3.14159265358979,                  851P    605
3.14159265358979,1.,0.70710678118653,1.,0.,0.,-6.1,0.,               851P    606
-9.91628824127227D-16,-6.,0.,0.1,-6.,1.57079632679489,               851P    607
3.14159265358979,0.,0.,0.;                                           851P    608
126,2,2,0,0,0,0,1.5707963267949,1.5707963267949,1.5707963267949,     853P    609
3.14159265358979,3.14159265358979,3.14159265358979,1.,               853P    610
0.707106781186548,1.,3.67394039744206D-16,0.1,-6.,-6.,0.1,-6.,       853P    611
-6.,0.1,-7.34788079488412D-16,1.5707963267949,3.14159265358979,      853P    612
0.,0.,0.;                                                            853P    613
126,6,2,0,0,0,0,-3.14159265358979,-3.14159265358979,                 855P    614
-3.14159265358979,-1.5707963267949,-1.5707963267949,0.,0.,           855P    615
1.5707963267949,1.5707963267949,1.5707963267949,1.,                  855P    616
0.707106781186548,1.,0.707106781186548,1.,0.707106781186548,1.,      855P    617
-6.,0.1,7.34788079488412D-16,-6.,0.1,6.,3.67394039744206D-16,        855P    618
0.1,6.,6.,0.1,6.,6.,0.1,0.,6.,0.1,-6.,3.67394039744206D-16,0.1,      855P    619
-6.,-3.14159265358979,1.5707963267949,0.,0.,0.;                      855P    620
126,6,2,0,0,0,0,-1.5707963267949,-1.5707963267949,                   857P    621
-1.5707963267949,0.,0.,1.5707963267949,1.5707963267949,              857P    622
3.14159265358979,3.14159265358979,3.14159265358979,1.,               857P    623
0.707106781186548,1.,0.707106781186548,1.,0.707106781186548,1.,      857P    624
3.73517273739943D-16,0.,-6.1,6.1,0.,-6.1,6.1,0.,0.,6.1,0.,6.1,       857P    625
3.73517273739943D-16,0.,6.1,-6.1,0.,6.1,-6.1,0.,                     857P    626
7.47034547479886D-16,-1.5707963267949,3.14159265358979,0.,0.,0.;     857P    627
126,6,2,0,0,0,0,-3.14159265358979,-3.14159265358979,                 859P    628
-3.14159265358979,-1.5707963267949,-1.5707963267949,0.,0.,           859P    629
1.5707963267949,1.5707963267949,1.5707963267949,1.,                  859P    630
0.707106781186548,1.,0.707106781186548,1.,0.707106781186548,1.,      859P    631
-10.9,0.,1.33486501107062D-15,-10.9,0.,10.9,                         859P    632
6.67432505535308D-16,0.,10.9,10.9,0.,10.9,10.9,0.,0.,10.9,0.,        859P    633
-10.9,6.67432505535308D-16,0.,-10.9,-3.14159265358979,               859P    634
1.5707963267949,0.,0.,0.;                                            859P    635
126,2,2,0,0,0,0,1.5707963267949,1.5707963267949,1.5707963267949,     861P    636
3.14159265358979,3.14159265358979,3.14159265358979,1.,               861P    637
0.707106781186548,1.,6.67432505535308D-16,0.,-10.9,-10.9,0.,         861P    638
-10.9,-10.9,0.,-1.33486501107062D-15,1.5707963267949,                861P    639
3.14159265358979,0.,0.,0.;                                           861P    640
126,2,2,0,0,0,0,-3.14159265358979,-3.14159265358979,                 863P    641
-3.14159265358979,-1.5707963267949,-1.5707963267949,                 863P    642
-1.5707963267949,1.,0.707106781186547,1.,-8.97102355330306,0.,       863P    643
4.4,-8.97102355330306,0.,3.05,-7.62102355330306,0.,3.05,             863P    644
-3.14159265358979,-1.5707963267949,0.,0.,0.;                         863P    645
126,6,2,0,0,0,0,-1.5707963267949,-1.5707963267949,                   865P    646
-1.5707963267949,0.,0.,1.5707963267949,1.5707963267949,              865P    647
3.14159265358979,3.14159265358979,3.14159265358979,1.,               865P    648
0.707106781186547,1.,0.707106781186548,1.,0.707106781186548,1.,      865P    649
-7.62102355330306,0.,3.05,-6.27102355330306,0.,3.05,                 865P    650
-6.27102355330306,0.,4.4,-6.27102355330306,0.,5.75,                  865P    651
-7.62102355330306,0.,5.75,-8.97102355330306,0.,5.75,                 865P    652
-8.97102355330306,0.,4.4,-1.5707963267949,3.14159265358979,0.,       865P    653
0.,0.;                                                               865P    654
126,2,2,0,0,0,0,-3.14159265358979,-3.14159265358979,                 867P    655
-3.14159265358979,-1.5707963267949,-1.5707963267949,                 867P    656
-1.5707963267949,1.,0.707106781186547,1.,6.27102355330306,0.,        867P    657
4.4,6.27102355330306,0.,3.05,7.62102355330306,0.,3.05,               867P    658
-3.14159265358979,-1.5707963267949,0.,0.,0.;                         867P    659
126,6,2,0,0,0,0,-1.5707963267949,-1.5707963267949,                   869P    660
-1.5707963267949,0.,0.,1.5707963267949,1.5707963267949,              869P    661
3.14159265358979,3.14159265358979,3.14159265358979,1.,               869P    662
0.707106781186547,1.,0.707106781186546,1.,0.707106781186546,1.,      869P    663
7.62102355330306,0.,3.05,8.97102355330306,0.,3.05,                   869P    664
8.97102355330306,0.,4.4,8.97102355330306,0.,5.75,                    869P    665
7.62102355330306,0.,5.75,6.27102355330306,0.,5.75,                   869P    666
6.27102355330306,0.,4.4,-1.5707963267949,3.14159265358979,0.,0.,     869P    667
0.;                                                                  869P    668
126,2,2,0,0,0,0,-3.14159265358979,-3.14159265358979,                 871P    669
-3.14159265358979,-1.5707963267949,-1.5707963267949,                 871P    670
-1.5707963267949,1.,0.707106781186545,1.,-1.35,0.,-8.8,-1.35,0.,     871P    671
-10.15,-3.87669779135817D-17,0.,-10.15,-3.14159265358979,            871P    672
-1.5707963267949,0.,0.,0.;                                           871P    673
126,6,2,0,0,0,0,-1.5707963267949,-1.5707963267949,                   873P    674
-1.5707963267949,0.,0.,1.5707963267949,1.5707963267949,              873P    675
3.14159265358979,3.14159265358979,3.14159265358979,1.,               873P    676
0.707106781186545,1.,0.707106781186546,1.,0.707106781186547,1.,      873P    677
-3.87669779135817D-17,0.,-10.15,1.35,0.,-10.15,1.35,0.,-8.8,         873P    678
1.35,0.,-7.45,-3.87669779135817D-17,0.,-7.45,-1.35,0.,-7.45,         873P    679
-1.35,0.,-8.8,-1.5707963267949,3.14159265358979,0.,0.,0.;            873P    680
126,1,1,0,0,1,0,0.0166666666666667,0.0166666666666667,               875P    681
0.833333333333333,0.833333333333333,1.,1.,-6.,0.1,0.,-6.,5.,0.,      875P    682
0.0166666666666667,0.833333333333333,0.,0.,0.;                       875P    683
126,8,2,0,1,0,0,-3.14159265358979,-3.14159265358979,                 877P    684
-3.14159265358979,-1.5707963267949,-1.5707963267949,0.,0.,           877P    685
1.5707963267949,1.5707963267949,3.14159265358979,                    877P    686
3.14159265358979,3.14159265358979,1.,0.707106781186548,1.,           877P    687
0.707106781186548,1.,0.707106781186548,1.,0.707106781186548,1.,      877P    688
-6.,5.,7.34788079488412D-16,-6.,5.,6.,3.67394039744206D-16,5.,       877P    689
6.,6.,5.,6.,6.,5.,0.,6.,5.,-6.,3.67394039744206D-16,5.,-6.,-6.,      877P    690
5.,-6.,-6.,5.,-7.34788079488412D-16,-3.14159265358979,               877P    691
3.14159265358979,0.,0.,0.;                                           877P    692
126,2,2,0,0,0,0,1.5707963267949,1.5707963267949,1.5707963267949,     879P    693
3.14159265358979,3.14159265358979,3.14159265358979,1.,               879P    694
0.707106781186555,1.,-7.62102355330306,0.,3.05,                      879P    695
-7.62102355330306,-1.5341044053524D-16,3.15,-7.62102355330306,       879P    696
0.1,3.15,1.5707963267949,3.14159265358979,0.,0.,0.;                  879P    697
126,2,2,0,0,0,0,1.5707963267949,1.5707963267949,1.5707963267949,     881P    698
3.14159265358979,3.14159265358979,3.14159265358979,1.,               881P    699
0.707106781186548,1.,-7.62102355330306,0.1,3.15,                     881P    700
-8.87102355330306,0.1,3.15,-8.87102355330306,0.1,4.4,                881P    701
1.5707963267949,3.14159265358979,0.,0.,0.;                           881P    702
126,6,2,0,0,0,0,-3.14159265358979,-3.14159265358979,                 883P    703
-3.14159265358979,-1.5707963267949,-1.5707963267949,0.,0.,           883P    704
1.5707963267949,1.5707963267949,1.5707963267949,1.,                  883P    705
0.707106781186549,1.,0.707106781186549,1.,0.707106781186548,1.,      883P    706
-8.87102355330306,0.1,4.4,-8.87102355330306,0.1,5.65,                883P    707
-7.62102355330306,0.1,5.65,-6.37102355330306,0.1,5.65,               883P    708
-6.37102355330306,0.1,4.4,-6.37102355330306,0.1,3.15,                883P    709
-7.62102355330306,0.1,3.15,-3.14159265358979,1.5707963267949,0.,     883P    710
0.,0.;                                                               883P    711
126,1,1,0,0,1,0,0.08,0.08,8.,8.,1.,1.,-8.87102355330306,0.1,4.4,     885P    712
-8.87102355330306,10.,4.4,0.08,8.,0.,0.,0.;                          885P    713
126,2,2,0,0,0,0,1.57079632679488,1.57079632679488,                   887P    714
1.57079632679488,3.14159265358979,3.14159265358979,                  887P    715
3.14159265358979,1.,0.70710678118653,1.,-1.21430636856028D-16,       887P    716
0.,-10.15,-1.21430636856028D-16,-1.24871484326699D-15,-10.05,        887P    717
-1.21430636856028D-16,0.1,-10.05,1.57079632679488,                   887P    718
3.14159265358979,0.,0.,0.;                                           887P    719
126,2,2,0,0,0,0,1.5707963267949,1.5707963267949,1.5707963267949,     889P    720
3.14159265358979,3.14159265358979,3.14159265358979,1.,               889P    721
0.707106781186551,1.,-4.48902119093184D-17,0.1,-10.05,-1.25,0.1,     889P    722
-10.05,-1.25,0.1,-8.8,1.5707963267949,3.14159265358979,0.,0.,0.;     889P    723
126,6,2,0,0,0,0,-3.14159265358979,-3.14159265358979,                 891P    724
-3.14159265358979,-1.5707963267949,-1.5707963267949,0.,0.,           891P    725
1.5707963267949,1.5707963267949,1.5707963267949,1.,                  891P    726
0.707106781186549,1.,0.707106781186549,1.,0.707106781186551,1.,      891P    727
-1.25,0.1,-8.8,-1.25,0.1,-7.55,-4.48902119093184D-17,0.1,-7.55,      891P    728
1.25,0.1,-7.55,1.25,0.1,-8.8,1.25,0.1,-10.05,                        891P    729
-4.48902119093184D-17,0.1,-10.05,-3.14159265358979,                  891P    730
1.5707963267949,0.,0.,0.;                                            891P    731
126,1,1,0,0,1,0,0.08,0.08,8.,8.,1.,1.,-1.25,0.1,-8.8,-1.25,10.,      893P    732
-8.8,0.08,8.,0.,0.,0.;                                               893P    733
126,2,2,0,0,0,0,1.57079632679489,1.57079632679489,                   895P    734
1.57079632679489,3.14159265358979,3.14159265358979,                  895P    735
3.14159265358979,1.,0.707106781186563,1.,7.62102355330306,0.,        895P    736
3.05,7.62102355330306,-6.93603330954413D-16,3.15,                    895P    737
7.62102355330306,0.1,3.15,1.57079632679489,3.14159265358979,0.,      895P    738
0.,0.;                                                               895P    739
126,2,2,0,0,0,0,1.5707963267949,1.5707963267949,1.5707963267949,     897P    740
3.14159265358979,3.14159265358979,3.14159265358979,1.,               897P    741
0.707106781186546,1.,7.62102355330306,0.1,3.15,6.37102355330306,     897P    742
0.1,3.15,6.37102355330306,0.1,4.4,1.5707963267949,                   897P    743
3.14159265358979,0.,0.,0.;                                           897P    744
126,6,2,0,0,0,0,-3.14159265358979,-3.14159265358979,                 899P    745
-3.14159265358979,-1.5707963267949,-1.5707963267949,0.,0.,           899P    746
1.5707963267949,1.5707963267949,1.5707963267949,1.,                  899P    747
0.707106781186545,1.,0.707106781186548,1.,0.707106781186548,1.,      899P    748
6.37102355330306,0.1,4.4,6.37102355330306,0.1,5.65,                  899P    749
7.62102355330306,0.1,5.65,8.87102355330306,0.1,5.65,                 899P    750
8.87102355330306,0.1,4.4,8.87102355330306,0.1,3.15,                  899P    751
7.62102355330306,0.1,3.15,-3.14159265358979,1.5707963267949,0.,      899P    752
0.,0.;                                                               899P    753
126,1,1,0,0,1,0,0.08,0.08,8.,8.,1.,1.,6.37102355330306,0.1,4.4,      901P    754
6.37102355330306,10.,4.4,0.08,8.,0.,0.,0.;                           901P    755
126,2,2,0,0,0,0,0.,0.,0.,1.5707963267949,1.5707963267949,            903P    756
1.5707963267949,1.,0.707106781186554,1.,0.,0.1,-11.,0.,              903P    757
-3.45842975850885D-16,-11.,0.,0.,-10.9,0.,1.5707963267949,0.,0.,     903P    758
0.;                                                                  903P    759
126,2,2,0,0,0,0,-3.14159265358979,-3.14159265358979,                 905P    760
-3.14159265358979,-1.5707963267949,-1.5707963267949,                 905P    761
-1.5707963267949,1.,0.707106781186548,1.,-6.2,0.,                    905P    762
-7.59281015471359D-16,-6.2,0.,-6.2,3.7964050773568D-16,0.,-6.2,      905P    763
-3.14159265358979,-1.5707963267949,0.,0.,0.;                         905P    764
126,2,2,0,0,0,0,1.57079632679489,1.57079632679489,                   907P    765
1.57079632679489,3.14159265358979,3.14159265358979,                  907P    766
3.14159265358979,1.,0.707106781186542,1.,0.,0.,-6.2,0.,              907P    767
-7.31481187989599D-16,-6.,0.,0.2,-6.,1.57079632679489,               907P    768
3.14159265358979,0.,0.,0.;                                           907P    769
126,2,2,0,0,0,0,1.5707963267949,1.5707963267949,1.5707963267949,     909P    770
3.14159265358979,3.14159265358979,3.14159265358979,1.,               909P    771
0.707106781186548,1.,3.67394039744206D-16,0.2,-6.,-6.,0.2,-6.,       909P    772
-6.,0.2,-7.34788079488412D-16,1.5707963267949,3.14159265358979,      909P    773
0.,0.,0.;                                                            909P    774
126,6,2,0,0,0,0,-3.14159265358979,-3.14159265358979,                 911P    775
-3.14159265358979,-1.5707963267949,-1.5707963267949,0.,0.,           911P    776
1.5707963267949,1.5707963267949,1.5707963267949,1.,                  911P    777
0.707106781186548,1.,0.707106781186548,1.,0.707106781186548,1.,      911P    778
-6.,0.2,7.34788079488412D-16,-6.,0.2,6.,3.67394039744206D-16,        911P    779
0.2,6.,6.,0.2,6.,6.,0.2,0.,6.,0.2,-6.,3.67394039744206D-16,0.2,      911P    780
-6.,-3.14159265358979,1.5707963267949,0.,0.,0.;                      911P    781
126,6,2,0,0,0,0,-1.5707963267949,-1.5707963267949,                   913P    782
-1.5707963267949,0.,0.,1.5707963267949,1.5707963267949,              913P    783
3.14159265358979,3.14159265358979,3.14159265358979,1.,               913P    784
0.707106781186548,1.,0.707106781186548,1.,0.707106781186548,1.,      913P    785
3.7964050773568D-16,0.,-6.2,6.2,0.,-6.2,6.2,0.,0.,6.2,0.,6.2,        913P    786
3.7964050773568D-16,0.,6.2,-6.2,0.,6.2,-6.2,0.,                      913P    787
7.59281015471359D-16,-1.5707963267949,3.14159265358979,0.,0.,0.;     913P    788
126,4,2,0,0,0,0,-1.13835214707675,-1.13835214707675,                 915P    789
-1.13835214707675,5.55111512312578D-16,5.55111512312578D-16,         915P    790
1.13835214707675,1.13835214707675,1.13835214707675,1.,               915P    791
0.842345306472211,1.,0.842345306472209,1.,-0.453972064221533,0.,     915P    792
10.790454548577,-0.319903368021458,0.,10.5000001639128,              915P    793
2.46939586177605D-16,0.,10.5000001639128,0.319903368021459,0.,       915P    794
10.5000001639128,0.453972064221533,0.,10.790454548577,               915P    795
-1.13835214707675,1.13835214707675,0.,0.,0.;                         915P    796
126,8,2,0,0,0,0,-3.09954581493626,-3.09954581493626,                 917P    797
-3.09954581493626,-1.54977290746813,-1.54977290746813,0.,0.,         917P    798
1.54977290746813,1.54977290746813,3.09954581493626,                  917P    799
3.09954581493626,3.09954581493626,1.,0.714500479597903,1.,           917P    800
0.714500479597903,1.,0.714500479597903,1.,0.714500479597903,1.,      917P    801
0.453972064221533,0.,10.790454548577,11.0199259787109,0.,            917P    802
10.3459275930687,10.7976133734412,0.,-0.227036203465671,             917P    803
10.5753007681714,0.,-10.8,6.61309271539571D-16,0.,-10.8,             917P    804
-10.5753007681714,0.,-10.8,-10.7976133734412,0.,                     917P    805
-0.227036203465673,-11.0199259787109,0.,10.3459275930686,            917P    806
-0.453972064221534,0.,10.790454548577,-3.09954581493626,             917P    807
3.09954581493626,0.,0.,0.;                                           917P    808
126,8,2,0,1,0,0,-3.14159265358979,-3.14159265358979,                 919P    809
-3.14159265358979,-1.5707963267949,-1.5707963267949,0.,0.,           919P    810
1.5707963267949,1.5707963267949,3.14159265358979,                    919P    811
3.14159265358979,3.14159265358979,1.,0.707106781186548,1.,           919P    812
0.707106781186548,1.,0.707106781186548,1.,0.707106781186548,1.,      919P    813
-6.,5.,-7.34788079488412D-16,-6.,5.,-6.,3.67394039744206D-16,5.,     919P    814
-6.,6.,5.,-6.,6.,5.,0.,6.,5.,6.,3.67394039744206D-16,5.,6.,-6.,      919P    815
5.,6.,-6.,5.,7.34788079488412D-16,-3.14159265358979,                 919P    816
3.14159265358979,0.,0.,0.;                                           919P    817
126,1,1,0,0,1,0,-0.833333333333333,-0.833333333333333,               921P    818
-0.0333333333333333,-0.0333333333333333,1.,1.,-6.,5.,0.,-6.,0.2,     921P    819
0.,-0.833333333333333,-0.0333333333333333,0.,0.,0.;                  921P    820
126,8,2,0,1,0,0,-3.14159265358979,-3.14159265358979,                 923P    821
-3.14159265358979,-1.5707963267949,-1.5707963267949,0.,0.,           923P    822
1.5707963267949,1.5707963267949,3.14159265358979,                    923P    823
3.14159265358979,3.14159265358979,1.,0.707106781186548,1.,           923P    824
0.707106781186548,1.,0.707106781186547,1.,0.707106781186547,1.,      923P    825
8.67102355330305,120.1,4.40000000000002,8.67102355330305,120.1,      923P    826
3.35000000000002,7.62102355330305,120.1,3.35000000000002,            923P    827
6.57102355330305,120.1,3.35000000000002,6.57102355330305,120.1,      923P    828
4.40000000000002,6.57102355330305,120.1,5.45000000000002,            923P    829
7.62102355330305,120.1,5.45000000000002,8.67102355330305,120.1,      923P    830
5.45000000000002,8.67102355330305,120.1,4.40000000000002,            923P    831
-3.14159265358979,3.14159265358979,0.,0.,0.;                         923P    832
126,1,1,0,0,1,0,-0.0707106781186603,-0.0707106781186603,             925P    833
0.0707106781186487,0.0707106781186487,1.,1.,8.67102355330306,        925P    834
120.1,4.40000000000002,8.57102355330306,120.,4.40000000000002,       925P    835
-0.0707106781186603,0.0707106781186487,0.,0.,0.;                     925P    836
126,8,2,0,1,0,0,-3.14159265358979,-3.14159265358979,                 927P    837
-3.14159265358979,-1.5707963267949,-1.5707963267949,0.,0.,           927P    838
1.5707963267949,1.5707963267949,3.14159265358979,                    927P    839
3.14159265358979,3.14159265358979,1.,0.707106781186549,1.,           927P    840
0.707106781186549,1.,0.707106781186548,1.,0.707106781186548,1.,      927P    841
8.57102355330305,120.,4.40000000000002,8.57102355330305,120.,        927P    842
5.35000000000002,7.62102355330305,120.,5.35000000000002,             927P    843
6.67102355330305,120.,5.35000000000002,6.67102355330305,120.,        927P    844
4.40000000000002,6.67102355330305,120.,3.45000000000002,             927P    845
7.62102355330305,120.,3.45000000000002,8.57102355330305,120.,        927P    846
3.45000000000002,8.57102355330305,120.,4.40000000000002,             927P    847
-3.14159265358979,3.14159265358979,0.,0.,0.;                         927P    848
126,8,2,0,1,0,0,-3.14159265358979,-3.14159265358979,                 929P    849
-3.14159265358979,-1.5707963267949,-1.5707963267949,0.,0.,           929P    850
1.5707963267949,1.5707963267949,3.14159265358979,                    929P    851
3.14159265358979,3.14159265358979,1.,0.707106781186547,1.,           929P    852
0.707106781186547,1.,0.707106781186548,1.,0.707106781186548,1.,      929P    853
8.67102355330305,129.9,4.40000000000002,8.67102355330305,129.9,      929P    854
5.45000000000002,7.62102355330305,129.9,5.45000000000002,            929P    855
6.57102355330305,129.9,5.45000000000002,6.57102355330305,129.9,      929P    856
4.40000000000002,6.57102355330305,129.9,3.35000000000002,            929P    857
7.62102355330305,129.9,3.35000000000002,8.67102355330305,129.9,      929P    858
3.35000000000002,8.67102355330305,129.9,4.40000000000002,            929P    859
-3.14159265358979,3.14159265358979,0.,0.,0.;                         929P    860
126,1,1,0,0,1,0,0.0952380952380932,0.0952380952380932,               931P    861
9.42857142857143,9.42857142857143,1.,1.,8.67102355330305,129.9,      931P    862
4.40000000000002,8.67102355330305,120.1,4.40000000000002,            931P    863
0.0952380952380932,9.42857142857143,0.,0.,0.;                        931P    864
126,8,2,0,1,0,0,-3.14159265358979,-3.14159265358979,                 933P    865
-3.14159265358979,-1.5707963267949,-1.5707963267949,0.,0.,           933P    866
1.5707963267949,1.5707963267949,3.14159265358979,                    933P    867
3.14159265358979,3.14159265358979,1.,0.707106781186548,1.,           933P    868
0.707106781186548,1.,0.707106781186547,1.,0.707106781186547,1.,      933P    869
-6.57102355330307,120.1,4.39999999999998,-6.57102355330307,          933P    870
120.1,3.34999999999998,-7.62102355330307,120.1,3.34999999999998,     933P    871
-8.67102355330307,120.1,3.34999999999998,-8.67102355330307,          933P    872
120.1,4.39999999999998,-8.67102355330307,120.1,5.44999999999998,     933P    873
-7.62102355330307,120.1,5.44999999999998,-6.57102355330307,          933P    874
120.1,5.44999999999998,-6.57102355330307,120.1,4.39999999999998,     933P    875
-3.14159265358979,3.14159265358979,0.,0.,0.;                         933P    876
126,1,1,0,0,1,0,-0.0707106781186603,-0.0707106781186603,             935P    877
0.0707106781186487,0.0707106781186487,1.,1.,-6.57102355330307,       935P    878
120.1,4.39999999999998,-6.67102355330307,120.,4.39999999999998,      935P    879
-0.0707106781186603,0.0707106781186487,0.,0.,0.;                     935P    880
126,8,2,0,1,0,0,-3.14159265358979,-3.14159265358979,                 937P    881
-3.14159265358979,-1.5707963267949,-1.5707963267949,0.,0.,           937P    882
1.5707963267949,1.5707963267949,3.14159265358979,                    937P    883
3.14159265358979,3.14159265358979,1.,0.707106781186549,1.,           937P    884
0.707106781186549,1.,0.707106781186548,1.,0.707106781186548,1.,      937P    885
-6.67102355330307,120.,4.39999999999998,-6.67102355330307,120.,      937P    886
5.34999999999998,-7.62102355330307,120.,5.34999999999998,            937P    887
-8.57102355330307,120.,5.34999999999998,-8.57102355330307,120.,      937P    888
4.39999999999998,-8.57102355330307,120.,3.44999999999998,            937P    889
-7.62102355330307,120.,3.44999999999998,-6.67102355330307,120.,      937P    890
3.44999999999998,-6.67102355330307,120.,4.39999999999998,            937P    891
-3.14159265358979,3.14159265358979,0.,0.,0.;                         937P    892
126,8,2,0,1,0,0,-3.14159265358979,-3.14159265358979,                 939P    893
-3.14159265358979,-1.5707963267949,-1.5707963267949,0.,0.,           939P    894
1.5707963267949,1.5707963267949,3.14159265358979,                    939P    895
3.14159265358979,3.14159265358979,1.,0.707106781186547,1.,           939P    896
0.707106781186547,1.,0.707106781186548,1.,0.707106781186548,1.,      939P    897
-6.57102355330307,129.9,4.39999999999998,-6.57102355330307,          939P    898
129.9,5.44999999999998,-7.62102355330307,129.9,5.44999999999998,     939P    899
-8.67102355330307,129.9,5.44999999999998,-8.67102355330307,          939P    900
129.9,4.39999999999998,-8.67102355330307,129.9,3.34999999999998,     939P    901
-7.62102355330307,129.9,3.34999999999998,-6.57102355330307,          939P    902
129.9,3.34999999999998,-6.57102355330307,129.9,4.39999999999998,     939P    903
-3.14159265358979,3.14159265358979,0.,0.,0.;                         939P    904
126,1,1,0,0,1,0,0.0952380952380932,0.0952380952380932,               941P    905
9.42857142857143,9.42857142857143,1.,1.,-6.57102355330307,129.9,     941P    906
4.39999999999998,-6.57102355330307,120.1,4.39999999999998,           941P    907
0.0952380952380932,9.42857142857143,0.,0.,0.;                        941P    908
126,8,2,0,1,0,0,-3.14159265358979,-3.14159265358979,                 943P    909
-3.14159265358979,-1.5707963267949,-1.5707963267949,0.,0.,           943P    910
1.5707963267949,1.5707963267949,3.14159265358979,                    943P    911
3.14159265358979,3.14159265358979,1.,0.707106781186547,1.,           943P    912
0.707106781186548,1.,0.707106781186548,1.,0.707106781186547,1.,      943P    913
1.05000000000002,120.1,-8.8,1.05000000000002,120.1,-9.85,            943P    914
1.6519662473383D-14,120.1,-9.85,-1.04999999999998,120.1,-9.85,       943P    915
-1.04999999999998,120.1,-8.8,-1.04999999999998,120.1,-7.75,          943P    916
1.6519662473383D-14,120.1,-7.75,1.05000000000002,120.1,-7.75,        943P    917
1.05000000000002,120.1,-8.8,-3.14159265358979,3.14159265358979,      943P    918
0.,0.,0.;                                                            943P    919
126,1,1,0,0,1,0,-0.0707106781186603,-0.0707106781186603,             945P    920
0.0707106781186479,0.0707106781186479,1.,1.,1.05000000000002,        945P    921
120.1,-8.8,0.950000000000021,120.,-8.8,-0.0707106781186603,          945P    922
0.0707106781186479,0.,0.,0.;                                         945P    923
126,8,2,0,1,0,0,-3.14159265358979,-3.14159265358979,                 947P    924
-3.14159265358979,-1.5707963267949,-1.5707963267949,0.,0.,           947P    925
1.5707963267949,1.5707963267949,3.14159265358979,                    947P    926
3.14159265358979,3.14159265358979,1.,0.70710678118655,1.,            947P    927
0.70710678118655,1.,0.70710678118655,1.,0.70710678118655,1.,         947P    928
0.950000000000017,120.,-8.8,0.950000000000016,120.,-7.85,            947P    929
1.65257857073788D-14,120.,-7.85,-0.949999999999983,120.,-7.85,       947P    930
-0.949999999999983,120.,-8.8,-0.949999999999983,120.,-9.75,          947P    931
1.65257857073788D-14,120.,-9.75,0.950000000000016,120.,-9.75,        947P    932
0.950000000000017,120.,-8.8,-3.14159265358979,3.14159265358979,      947P    933
0.,0.,0.;                                                            947P    934
126,8,2,0,1,0,0,-3.14159265358979,-3.14159265358979,                 949P    935
-3.14159265358979,-1.5707963267949,-1.5707963267949,0.,0.,           949P    936
1.5707963267949,1.5707963267949,3.14159265358979,                    949P    937
3.14159265358979,3.14159265358979,1.,0.707106781186547,1.,           949P    938
0.707106781186548,1.,0.707106781186548,1.,0.707106781186547,1.,      949P    939
1.05000000000002,129.9,-8.8,1.05000000000002,129.9,-7.75,            949P    940
1.6519662473383D-14,129.9,-7.75,-1.04999999999998,129.9,-7.75,       949P    941
-1.04999999999998,129.9,-8.8,-1.04999999999998,129.9,-9.85,          949P    942
1.6519662473383D-14,129.9,-9.85,1.05000000000002,129.9,-9.85,        949P    943
1.05000000000002,129.9,-8.8,-3.14159265358979,3.14159265358979,      949P    944
0.,0.,0.;                                                            949P    945
126,1,1,0,0,1,0,0.0952380952380932,0.0952380952380932,               951P    946
9.42857142857143,9.42857142857143,1.,1.,1.05000000000002,129.9,      951P    947
-8.8,1.05000000000002,120.1,-8.8,0.0952380952380932,                 951P    948
9.42857142857143,0.,0.,0.;                                           951P    949
126,8,2,0,1,0,0,-3.14159265358979,-3.14159265358979,                 953P    950
-3.14159265358979,-1.5707963267949,-1.5707963267949,0.,0.,           953P    951
1.5707963267949,1.5707963267949,3.14159265358979,                    953P    952
3.14159265358979,3.14159265358979,1.,0.707106781186549,1.,           953P    953
0.707106781186549,1.,0.707106781186548,1.,0.707106781186548,1.,      953P    954
8.77102355330305,130.,4.40000000000002,8.77102355330305,130.,        953P    955
3.25000000000002,7.62102355330305,130.,3.25000000000002,             953P    956
6.47102355330305,130.,3.25000000000002,6.47102355330305,130.,        953P    957
4.40000000000002,6.47102355330305,130.,5.55000000000002,             953P    958
7.62102355330305,130.,5.55000000000002,8.77102355330305,130.,        953P    959
5.55000000000002,8.77102355330305,130.,4.40000000000002,             953P    960
-3.14159265358979,3.14159265358979,0.,0.,0.;                         953P    961
126,1,1,0,0,1,0,-0.0642824346533163,-0.0642824346533163,             955P    962
0.0642824346533283,0.0642824346533283,1.,1.,8.77102355330305,        955P    963
130.,4.40000000000002,8.67102355330305,129.9,4.40000000000002,       955P    964
-0.0642824346533163,0.0642824346533283,0.,0.,0.;                     955P    965
126,8,2,0,0,0,0,-3.09684891959168,-3.09684891959168,                 957P    966
-3.09684891959168,-1.54842445979584,-1.54842445979584,               957P    967
-1.33226762955019D-15,-1.33226762955019D-15,1.54842445979584,        957P    968
1.54842445979584,3.09684891959168,3.09684891959168,                  957P    969
3.09684891959168,1.,0.714972027724711,1.,0.714972027724712,1.,       957P    970
0.714972027724711,1.,0.714972027724711,1.,-0.487543985258209,        957P    971
130.,10.8890909107436,-11.1357105178318,130.,10.412333981305,        957P    972
-10.8972723864072,130.,-0.243833009347508,-10.6588342549825,         957P    973
130.,-10.9,-1.4521717162097D-14,130.,-10.9,10.6588342549825,         957P    974
130.,-10.9,10.8972723864072,130.,-0.243833009347537,                 957P    975
11.1357105178319,130.,10.4123339813049,0.487543985258238,130.,       957P    976
10.8890909107436,-3.09684891959168,3.09684891959168,0.,0.,0.;        957P    977
126,4,2,0,0,0,0,3.36527169616276,3.36527169616276,                   959P    978
3.36527169616276,4.71238898038469,4.71238898038469,                  959P    979
6.05950626460662,6.05950626460662,6.05950626460662,1.,               959P    980
0.781606840533768,1.,0.781606840533775,1.,0.487543985258207,         959P    981
130.,10.8890909107436,0.399031429569122,130.,10.5000001639128,       959P    982
-7.96329909764074D-16,130.,10.5000001639128,-0.399031429569124,      959P    983
130.,10.5000001639128,-0.487543985258207,130.,10.8890909107436,      959P    984
3.36527169616276,6.05950626460662,0.,0.,0.;                          959P    985
126,8,2,0,1,0,0,-3.14159265358979,-3.14159265358979,                 961P    986
-3.14159265358979,-1.5707963267949,-1.5707963267949,0.,0.,           961P    987
1.5707963267949,1.5707963267949,3.14159265358979,                    961P    988
3.14159265358979,3.14159265358979,1.,0.707106781186548,1.,           961P    989
0.707106781186548,1.,0.707106781186548,1.,0.707106781186548,1.,      961P    990
1.15000000000002,130.,-8.8,1.15000000000002,130.,-9.95,              961P    991
1.65135392393873D-14,130.,-9.95,-1.14999999999998,130.,-9.95,        961P    992
-1.14999999999998,130.,-8.8,-1.14999999999998,130.,-7.65,            961P    993
1.65135392393873D-14,130.,-7.65,1.15000000000002,130.,-7.65,         961P    994
1.15000000000002,130.,-8.8,-3.14159265358979,3.14159265358979,       961P    995
0.,0.,0.;                                                            961P    996
126,8,2,0,1,0,0,-3.14159265358979,-3.14159265358979,                 963P    997
-3.14159265358979,-1.5707963267949,-1.5707963267949,0.,0.,           963P    998
1.5707963267949,1.5707963267949,3.14159265358979,                    963P    999
3.14159265358979,3.14159265358979,1.,0.707106781186547,1.,           963P   1000
0.707106781186548,1.,0.707106781186548,1.,0.707106781186547,1.,      963P   1001
-8.20513355428727D-16,130.,-6.7,-6.7,130.,-6.7,-6.7,130.,            963P   1002
4.10256677714363D-16,-6.7,130.,6.7,0.,130.,6.7,6.7,130.,6.7,6.7,     963P   1003
130.,4.10256677714363D-16,6.7,130.,-6.7,8.20513355428727D-16,        963P   1004
130.,-6.7,-3.14159265358979,3.14159265358979,0.,0.,0.;               963P   1005
126,8,2,0,1,0,0,-3.14159265358979,-3.14159265358979,                 965P   1006
-3.14159265358979,-1.5707963267949,-1.5707963267949,0.,0.,           965P   1007
1.5707963267949,1.5707963267949,3.14159265358979,                    965P   1008
3.14159265358979,3.14159265358979,1.,0.707106781186549,1.,           965P   1009
0.707106781186549,1.,0.707106781186548,1.,0.707106781186548,1.,      965P   1010
-6.47102355330307,130.,4.39999999999998,-6.47102355330307,130.,      965P   1011
3.24999999999998,-7.62102355330307,130.,3.24999999999998,            965P   1012
-8.77102355330307,130.,3.24999999999998,-8.77102355330307,130.,      965P   1013
4.39999999999998,-8.77102355330307,130.,5.54999999999998,            965P   1014
-7.62102355330307,130.,5.54999999999998,-6.47102355330307,130.,      965P   1015
5.54999999999998,-6.47102355330307,130.,4.39999999999998,            965P   1016
-3.14159265358979,3.14159265358979,0.,0.,0.;                         965P   1017
126,1,1,0,0,1,0,-0.0642824346533163,-0.0642824346533163,             967P   1018
0.0642824346533275,0.0642824346533275,1.,1.,1.15000000000001,        967P   1019
130.,-8.8,1.05000000000001,129.9,-8.8,-0.0642824346533163,           967P   1020
0.0642824346533275,0.,0.,0.;                                         967P   1021
126,1,1,0,0,1,0,0.,0.,0.0141421356237307,0.0141421356237307,1.,      969P   1022
1.,0.487543985258238,130.,10.8890909107436,0.492016865856939,        969P   1023
129.9,10.9889908273559,0.,0.0141421356237307,0.,0.,0.;               969P   1024
126,8,2,0,0,0,0,-3.09684891959168,-3.09684891959168,                 971P   1025
-3.09684891959168,-1.54842445979584,-1.54842445979584,0.,0.,         971P   1026
1.54842445979584,1.54842445979584,3.09684891959168,                  971P   1027
3.09684891959168,3.09684891959168,1.,0.714972027724711,1.,           971P   1028
0.714972027724711,1.,0.714972027724711,1.,0.714972027724711,1.,      971P   1029
0.492016865856937,129.9,10.9889908273559,11.2378729996468,129.9,     971P   1030
10.5078599811334,10.9972473624293,129.9,-0.246070009433289,          971P   1031
10.7566217252117,129.9,-11.,0.,129.9,-11.,-10.7566217252117,         971P   1032
129.9,-11.,-10.9972473624293,129.9,-0.246070009433289,               971P   1033
-11.2378729996468,129.9,10.5078599811334,-0.492016865856937,         971P   1034
129.9,10.9889908273559,-3.09684891959168,3.09684891959168,0.,0.,     971P   1035
0.;                                                                  971P   1036
126,1,1,0,0,1,0,0.,0.,0.0141421356237307,0.0141421356237307,1.,      973P   1037
1.,-0.492016865856939,129.9,10.9889908273559,-0.487543985258238,     973P   1038
130.,10.8890909107436,0.,0.0141421356237307,0.,0.,0.;                973P   1039
126,1,1,0,0,1,0,0.,0.,0.0141421356237308,0.0141421356237308,1.,      975P   1040
1.,-0.487543985258207,130.,10.8890909107436,-0.390035188206566,      975P   1041
129.9,10.9112727613774,0.,0.0141421356237308,0.,0.,0.;               975P   1042
126,4,2,0,0,0,0,-6.05950626460662,-6.05950626460662,                 977P   1043
-6.05950626460662,-4.71238898038469,-4.71238898038469,               977P   1044
-3.36527169616276,-3.36527169616276,-3.36527169616276,1.,            977P   1045
0.781606840533781,1.,0.78160684053378,1.,-0.390035188206566,         977P   1046
129.9,10.9112727613774,-0.319225143655298,129.9,                     977P   1047
10.6000001639128,7.34788079488413D-17,129.9,10.6000001639128,        977P   1048
0.319225143655299,129.9,10.6000001639128,0.390035188206566,          977P   1049
129.9,10.9112727613774,-6.05950626460662,-3.36527169616276,0.,       977P   1050
0.,0.;                                                               977P   1051
126,1,1,0,0,1,0,0.,0.,0.0141421356237308,0.0141421356237308,1.,      979P   1052
1.,0.390035188206566,129.9,10.9112727613774,0.487543985258207,       979P   1053
130.,10.8890909107436,0.,0.0141421356237308,0.,0.,0.;                979P   1054
126,2,2,0,0,0,0,-0.695930509109869,-0.695930509109869,               981P   1055
-0.695930509109869,0.695930509110171,0.695930509110171,              981P   1056
0.695930509110171,1.,0.767457484884022,1.,0.390035188206599,         981P   1057
129.9,10.9112727613774,0.408564919484707,129.9,10.9927272728356,     981P   1058
0.492016865856939,129.9,10.9889908273559,-0.695930509109869,         981P   1059
0.695930509110171,0.,0.,0.;                                          981P   1060
126,2,2,0,0,0,0,-0.695930509110171,-0.695930509110171,               983P   1061
-0.695930509110171,0.695930509109869,0.695930509109869,              983P   1062
0.695930509109869,1.,0.767457484884022,1.,-0.492016865856939,        983P   1063
129.9,10.9889908273559,-0.408564919484707,129.9,                     983P   1064
10.9927272728356,-0.390035188206599,129.9,10.9112727613774,          983P   1065
-0.695930509110171,0.695930509109869,0.,0.,0.;                       983P   1066
126,1,1,0,0,1,0,-5.99,-5.99,-1.75,-1.75,1.,1.,0.390035188206566,     985P   1067
129.9,10.9112727613774,0.390035188206566,87.5,10.9112727613774,      985P   1068
-5.99,-1.75,0.,0.,0.;                                                985P   1069
126,2,2,0,0,0,0,0.,0.,0.,1.39186101822004,1.39186101822004,          987P   1070
1.39186101822004,1.,0.767457484884062,1.,0.390035188206566,87.5,     987P   1071
10.9112727613774,0.40856491948468,87.5,10.9927272728357,             987P   1072
0.492016865856941,87.5,10.9889908273559,0.,1.39186101822004,0.,      987P   1073
0.,0.;                                                               987P   1074
126,1,1,0,0,1,0,1.75,1.75,5.99,5.99,1.,1.,0.492016865856939,         989P   1075
87.5,10.9889908273559,0.492016865856939,129.9,10.9889908273559,      989P   1076
1.75,5.99,0.,0.,0.;                                                  989P   1077
126,1,1,0,0,1,0,1.75,1.75,5.99,5.99,1.,1.,-0.390035188206566,        991P   1078
87.5,10.9112727613774,-0.390035188206566,129.9,10.9112727613774,     991P   1079
1.75,5.99,0.,0.,0.;                                                  991P   1080
126,4,3,0,0,1,0,0.,0.,0.,0.,0.00804457382165775,                     993P   1081
0.0160891476433155,0.0160891476433155,0.0160891476433155,            993P   1082
0.0160891476433155,1.,1.,1.,1.,1.,-0.363177651377227,87.4,           993P   1083
10.8323636716442,-0.372168078958951,87.4,10.8518410678234,           993P   1084
-0.386414724948658,87.4199501353222,10.8928237156965,                993P   1085
-0.390035188206564,87.4731847539278,10.9112727613774,                993P   1086
-0.390035188206564,87.5,10.9112727613774,0.,0.0160891476433155,      993P   1087
0.,0.,0.;                                                            993P   1088
126,4,2,0,0,0,0,-1.13835214707676,-1.13835214707676,                 995P   1089
-1.13835214707676,-2.77555756156289D-15,-2.77555756156289D-15,       995P   1090
1.13835214707675,1.13835214707675,1.13835214707675,1.,               995P   1091
0.842345306472178,1.,0.84234530647221,1.,0.363177651377227,87.4,     995P   1092
10.8323636716442,0.255922694417168,87.4,10.6000001639128,            995P   1093
1.08573008864221D-15,87.4,10.6000001639128,-0.255922694417166,       995P   1094
87.4,10.6000001639128,-0.363177651377226,87.4,10.8323636716442,      995P   1095
-1.13835214707676,1.13835214707675,0.,0.,0.;                         995P   1096
126,4,3,0,0,1,0,0.,0.,0.,0.,0.00804460716185708,                     997P   1097
0.0160892143237142,0.0160892143237142,0.0160892143237142,            997P   1098
0.0160892143237142,1.,1.,1.,1.,1.,0.390035188206564,87.5,            997P   1099
10.9112727613774,0.390035188206564,87.4731846427938,                 997P   1100
10.9112727613774,0.386414208833192,87.4199477227061,                 997P   1101
10.8928217561022,0.372168116219178,87.4,10.8518411485461,            997P   1102
0.363177651377227,87.4,10.8323636716442,0.,0.0160892143237142,       997P   1103
0.,0.,0.;                                                            997P   1104
126,8,2,0,1,0,0,-3.14159265358979,-3.14159265358979,                 999P   1105
-3.14159265358979,-1.5707963267949,-1.5707963267949,0.,0.,           999P   1106
1.5707963267949,1.5707963267949,3.14159265358979,                    999P   1107
3.14159265358979,3.14159265358979,1.,0.707106781186548,1.,           999P   1108
0.707106781186548,1.,0.707106781186548,1.,0.707106781186548,1.,      999P   1109
8.08266887437253D-16,129.9,-6.6,6.6,129.9,-6.6,6.6,129.9,            999P   1110
4.04133443718627D-16,6.6,129.9,6.6,0.,129.9,6.6,-6.6,129.9,6.6,      999P   1111
-6.6,129.9,4.04133443718627D-16,-6.6,129.9,-6.6,                     999P   1112
-8.08266887437253D-16,129.9,-6.6,-3.14159265358979,                  999P   1113
3.14159265358979,0.,0.,0.;                                           999P   1114
126,1,1,0,0,1,0,-0.0106331846794978,-0.0106331846794978,            1001P   1115
0.0106331846794959,0.0106331846794959,1.,1.,0.,129.9,-6.6,0.,       1001P   1116
130.,-6.7,-0.0106331846794978,0.0106331846794959,0.,0.,0.;          1001P   1117
126,1,1,0,0,1,0,-9.07575757575758,-9.07575757575758,                1003P   1118
9.06060606060606,9.06060606060606,1.,1.,0.,129.9,-6.6,0.,10.2,      1003P   1119
-6.6,-9.07575757575758,9.06060606060606,0.,0.,0.;                   1003P   1120
126,2,2,0,0,0,0,-3.14159265358979,-3.14159265358979,                1005P   1121
-3.14159265358979,-1.5707963267949,-1.5707963267949,                1005P   1122
-1.5707963267949,1.,0.707106781186548,1.,6.6,10.2,                  1005P   1123
-1.21240033115588D-15,6.6,10.2,-6.6,6.57227505067954D-16,10.2,      1005P   1124
-6.6,-3.14159265358979,-1.5707963267949,0.,0.,0.;                   1005P   1125
126,2,2,0,0,0,0,1.5707963267949,1.5707963267949,1.5707963267949,    1007P   1126
3.14159265358979,3.14159265358979,3.14159265358979,1.,              1007P   1127
0.707106781186547,1.,0.,10.2,6.6,6.6,10.2,6.6,6.6,10.2,             1007P   1128
4.04133443718627D-16,1.5707963267949,3.14159265358979,0.,0.,0.;     1007P   1129
126,4,2,0,0,0,0,-1.5707963267949,-1.5707963267949,                  1009P   1130
-1.5707963267949,-1.11022302462516D-16,-1.11022302462516D-16,       1009P   1131
1.5707963267949,1.5707963267949,1.5707963267949,1.,                 1009P   1132
0.707106781186547,1.,0.707106781186548,1.,6.57227505067954D-16,     1009P   1133
10.2,-6.6,-6.6,10.2,-6.6,-6.6,10.2,-3.28613752533977D-16,-6.6,      1009P   1134
10.2,6.6,0.,10.2,6.6,-1.5707963267949,1.5707963267949,0.,0.,0.;     1009P   1135
126,1,1,0,0,1,0,-0.0642824346533163,-0.0642824346533163,            1011P   1136
0.0642824346533283,0.0642824346533283,1.,1.,-6.47102355330308,      1011P   1137
130.,4.39999999999998,-6.57102355330308,129.9,4.39999999999998,     1011P   1138
-0.0642824346533163,0.0642824346533283,0.,0.,0.;                    1011P   1139
126,8,2,0,0,0,0,-6.23844157318147,-6.23844157318147,                1013P   1140
-6.23844157318147,-4.69001711338563,-4.69001711338563,              1013P   1141
-3.14159265358979,-3.14159265358979,-1.59316819379396,              1013P   1142
-1.59316819379396,-0.044743733998115,-0.044743733998115,            1013P   1143
-0.044743733998115,1.,0.714972027724711,1.,0.714972027724711,1.,    1013P   1144
0.714972027724711,1.,0.714972027724711,1.,-0.492016865856905,       1013P   1145
87.5,10.9889908273559,-11.2378729996468,87.5,10.5078599811335,      1013P   1146
-10.9972473624293,87.5,-0.246070009433266,-10.7566217252117,        1013P   1147
87.5,-11.,-1.81928137543407D-14,87.5,-11.,10.7566217252117,87.5,    1013P   1148
-11.,10.9972473624293,87.5,-0.246070009433297,11.2378729996468,     1013P   1149
87.5,10.5078599811334,0.492016865856939,87.5,10.9889908273559,      1013P   1150
-6.23844157318147,-0.044743733998115,0.,0.,0.;                      1013P   1151
126,1,1,0,0,1,0,-5.99,-5.99,-1.75,-1.75,1.,1.,                      1015P   1152
-0.492016865856939,129.9,10.9889908273559,-0.492016865856939,       1015P   1153
87.5,10.9889908273559,-5.99,-1.75,0.,0.,0.;                         1015P   1154
126,2,2,0,0,0,0,1.20370621524203D-31,1.20370621524203D-31,          1017P   1155
1.20370621524203D-31,1.5707963267949,1.5707963267949,               1017P   1156
1.5707963267949,1.,0.707106781186803,1.,0.363177651377227,87.4,     1017P   1157
10.8323636716442,0.363177651377227,87.3,10.8323636716442,           1017P   1158
0.453972064221533,87.3,10.790454548577,1.20370621524203D-31,        1017P   1159
1.5707963267949,0.,0.,0.;                                           1017P   1160
126,4,3,0,0,1,0,-0.0160892143237142,-0.0160892143237142,            1019P   1161
-0.0160892143237142,-0.0160892143237142,-0.00804460716185708,0.,    1019P   1162
0.,0.,0.,1.,1.,1.,1.,1.,0.453972064221533,87.3,10.790454548577,     1019P   1163
0.466252503553663,87.3,10.839577191558,0.486401278509667,           1019P   1164
87.3398954454122,10.942707267132,0.492016865856903,                 1019P   1165
87.4463692855876,10.9889908273559,0.492016865856903,87.5,           1019P   1166
10.9889908273559,-0.0160892143237142,0.,0.,0.,0.;                   1019P   1167
126,2,2,0,0,0,0,-2.40741243048407D-31,-2.40741243048407D-31,        1021P   1168
-2.40741243048407D-31,1.57079632679489,1.57079632679489,            1021P   1169
1.57079632679489,1.,0.707106781186797,1.,-0.363177651377226,        1021P   1170
87.4,10.8323636716442,-0.363177651377226,87.3,10.8323636716442,     1021P   1171
-0.453972064221532,87.3,10.790454548577,-2.40741243048407D-31,      1021P   1172
1.57079632679489,0.,0.,0.;                                          1021P   1173
126,4,2,0,0,0,0,-1.13835214707675,-1.13835214707675,                1023P   1174
-1.13835214707675,7.7715611723761D-16,7.7715611723761D-16,          1023P   1175
1.13835214707675,1.13835214707675,1.13835214707675,1.,              1023P   1176
0.842345306472211,1.,0.842345306472209,1.,-0.453972064221533,       1023P   1177
87.3,10.790454548577,-0.319903368021458,87.3,10.5000001639128,      1023P   1178
3.57961888640121D-16,87.3,10.5000001639128,0.319903368021459,       1023P   1179
87.3,10.5000001639128,0.453972064221533,87.3,10.790454548577,       1023P   1180
-1.13835214707675,1.13835214707675,0.,0.,0.;                        1023P   1181
126,2,2,0,0,0,0,0.,0.,0.,1.39186101822001,1.39186101822001,         1025P   1182
1.39186101822001,1.,0.767457484884072,1.,-0.390035188206564,        1025P   1183
87.5,10.9112727613774,-0.408564919484673,87.5,10.9927272728356,     1025P   1184
-0.492016865856903,87.5,10.9889908273559,0.,1.39186101822001,0.,    1025P   1185
0.,0.;                                                              1025P   1186
126,4,3,0,0,1,0,-0.0160891476433155,-0.0160891476433155,            1027P   1187
-0.0160891476433155,-0.0160891476433155,-0.00804457382165775,0.,    1027P   1188
0.,0.,0.,1.,1.,1.,1.,1.,-0.492016865856903,87.5,                    1027P   1189
10.9889908273559,-0.492016865856903,87.4463695078555,               1027P   1190
10.9889908273559,-0.486402038370502,87.3399002706443,               1027P   1191
10.9427121898849,-0.466252452658413,87.3,10.8395769879734,          1027P   1192
-0.453972064221533,87.3,10.790454548577,-0.0160891476433155,0.,     1027P   1193
0.,0.,0.;                                                           1027P   1194
126,2,2,0,0,0,0,0.,0.,0.,1.39186101822003,1.39186101822003,         1029P   1195
1.39186101822003,1.,0.767457484884127,1.,0.390035188206564,82.5,    1029P   1196
10.9112727613774,0.408564919484673,82.5,10.9927272728356,           1029P   1197
0.492016865856905,82.5,10.9889908273559,0.,1.39186101822003,0.,     1029P   1198
0.,0.;                                                              1029P   1199
126,4,3,0,0,1,0,-0.0160892143237141,-0.0160892143237141,            1031P   1200
-0.0160892143237141,-0.0160892143237141,-0.00804460716185704,0.,    1031P   1201
0.,0.,0.,1.,1.,1.,1.,1.,0.492016865856905,82.5,10.9889908273559,    1031P   1202
0.492016865856905,82.5536307144124,10.9889908273559,                1031P   1203
0.48640127895412,82.6601045579586,10.9427072688006,                 1031P   1204
0.466252503553663,82.7,10.839577191558,0.453972064221533,82.7,      1031P   1205
10.790454548577,-0.0160892143237141,0.,0.,0.,0.;                    1031P   1206
126,2,2,0,0,0,0,1.46567668427789D-32,1.46567668427789D-32,          1033P   1207
1.46567668427789D-32,1.5707963267949,1.5707963267949,               1033P   1208
1.5707963267949,1.,0.707106781186775,1.,0.453972064221533,82.7,     1033P   1209
10.790454548577,0.363177651377229,82.7,10.8323636716442,            1033P   1210
0.363177651377229,82.6,10.8323636716442,1.46567668427789D-32,       1033P   1211
1.5707963267949,0.,0.,0.;                                           1033P   1212
126,4,3,0,0,1,0,0.,0.,0.,0.,0.00804460716185704,                    1035P   1213
0.0160892143237141,0.0160892143237141,0.0160892143237141,           1035P   1214
0.0160892143237141,1.,1.,1.,1.,1.,0.363177651377227,82.6,           1035P   1215
10.8323636716442,0.372168116219178,82.6,10.8518411485461,           1035P   1216
0.386414209156449,82.5800522789793,10.8928217567624,                1035P   1217
0.390035188206564,82.5268153572062,10.9112727613774,                1035P   1218
0.390035188206564,82.5,10.9112727613774,0.,0.0160892143237141,      1035P   1219
0.,0.,0.;                                                           1035P   1220
126,2,2,0,0,0,0,0.,0.,0.,1.39186101822004,1.39186101822004,         1037P   1221
1.39186101822004,1.,0.767457484884062,1.,0.390035188206566,77.5,    1037P   1222
10.9112727613774,0.40856491948468,77.5,10.9927272728357,            1037P   1223
0.492016865856941,77.5,10.9889908273559,0.,1.39186101822004,0.,     1037P   1224
0.,0.;                                                              1037P   1225
126,1,1,0,0,1,0,0.75,0.75,1.25,1.25,1.,1.,0.492016865856939,        1039P   1226
77.5,10.9889908273559,0.492016865856939,82.5,10.9889908273559,      1039P   1227
0.75,1.25,0.,0.,0.;                                                 1039P   1228
126,1,1,0,0,1,0,-1.25,-1.25,-0.75,-0.75,1.,1.,0.390035188206566,    1041P   1229
82.5,10.9112727613774,0.390035188206566,77.5,10.9112727613774,      1041P   1230
-1.25,-0.75,0.,0.,0.;                                               1041P   1231
126,2,2,0,0,0,0,1.20370621524203D-31,1.20370621524203D-31,          1043P   1232
1.20370621524203D-31,1.5707963267949,1.5707963267949,               1043P   1233
1.5707963267949,1.,0.707106781186544,1.,0.363177651377227,77.4,     1043P   1234
10.8323636716442,0.363177651377227,77.3,10.8323636716442,           1043P   1235
0.453972064221533,77.3,10.790454548577,1.20370621524203D-31,        1043P   1236
1.5707963267949,0.,0.,0.;                                           1043P   1237
126,4,3,0,0,1,0,-0.0160892143237151,-0.0160892143237151,            1045P   1238
-0.0160892143237151,-0.0160892143237151,-0.00804460716185757,0.,    1045P   1239
0.,0.,0.,1.,1.,1.,1.,1.,0.453972064221533,77.3,10.790454548577,     1045P   1240
0.466252503553664,77.3,10.839577191558,0.486401279463535,           1045P   1241
77.3398954381775,10.9427072707131,0.492016865856903,                1045P   1242
77.4463692855876,10.9889908273559,0.492016865856903,77.5,           1045P   1243
10.9889908273559,-0.0160892143237151,0.,0.,0.,0.;                   1045P   1244
126,4,3,0,0,1,0,0.,0.,0.,0.,0.00804460716185757,                    1047P   1245
0.0160892143237151,0.0160892143237151,0.0160892143237151,           1047P   1246
0.0160892143237151,1.,1.,1.,1.,1.,0.390035188206564,77.5,           1047P   1247
10.9112727613774,0.390035188206564,77.4731846427938,                1047P   1248
10.9112727613774,0.386414209526958,77.4199477190887,                1047P   1249
10.8928217575191,0.372168116219179,77.4,10.8518411485461,           1047P   1250
0.363177651377227,77.4,10.8323636716442,0.,0.0160892143237151,      1047P   1251
0.,0.,0.;                                                           1047P   1252
126,2,2,0,0,0,0,-2.40741243048407D-31,-2.40741243048407D-31,        1049P   1253
-2.40741243048407D-31,1.57079632679489,1.57079632679489,            1049P   1254
1.57079632679489,1.,0.707106781186539,1.,-0.363177651377226,        1049P   1255
77.4,10.8323636716442,-0.363177651377226,77.3,10.8323636716442,     1049P   1256
-0.453972064221532,77.3,10.790454548577,-2.40741243048407D-31,      1049P   1257
1.57079632679489,0.,0.,0.;                                          1049P   1258
126,4,2,0,0,0,0,-1.13835214707675,-1.13835214707675,                1051P   1259
-1.13835214707675,7.7715611723761D-16,7.7715611723761D-16,          1051P   1260
1.13835214707675,1.13835214707675,1.13835214707675,1.,              1051P   1261
0.842345306472211,1.,0.842345306472209,1.,-0.453972064221533,       1051P   1262
77.3,10.790454548577,-0.319903368021458,77.3,10.5000001639128,      1051P   1263
3.57961888640121D-16,77.3,10.5000001639128,0.319903368021459,       1051P   1264
77.3,10.5000001639128,0.453972064221533,77.3,10.790454548577,       1051P   1265
-1.13835214707675,1.13835214707675,0.,0.,0.;                        1051P   1266
126,4,2,0,0,0,0,-1.13835214707676,-1.13835214707676,                1053P   1267
-1.13835214707676,-2.77555756156289D-15,-2.77555756156289D-15,      1053P   1268
1.13835214707675,1.13835214707675,1.13835214707675,1.,              1053P   1269
0.842345306472178,1.,0.84234530647221,1.,0.363177651377227,77.4,    1053P   1270
10.8323636716442,0.255922694417168,77.4,10.6000001639128,           1053P   1271
1.08573008864221D-15,77.4,10.6000001639128,-0.255922694417166,      1053P   1272
77.4,10.6000001639128,-0.363177651377226,77.4,10.8323636716442,     1053P   1273
-1.13835214707676,1.13835214707675,0.,0.,0.;                        1053P   1274
126,2,2,0,0,0,0,0.,0.,0.,1.39186101822001,1.39186101822001,         1055P   1275
1.39186101822001,1.,0.767457484884072,1.,-0.390035188206564,        1055P   1276
77.5,10.9112727613774,-0.408564919484673,77.5,10.9927272728356,     1055P   1277
-0.492016865856903,77.5,10.9889908273559,0.,1.39186101822001,0.,    1055P   1278
0.,0.;                                                              1055P   1279
126,4,3,0,0,1,0,-0.0160891476433159,-0.0160891476433159,            1057P   1280
-0.0160891476433159,-0.0160891476433159,-0.00804457382165794,0.,    1057P   1281
0.,0.,0.,1.,1.,1.,1.,1.,-0.492016865856903,77.5,                    1057P   1282
10.9889908273559,-0.492016865856903,77.4463695078556,               1057P   1283
10.9889908273559,-0.486402039330481,77.3399002634275,               1057P   1284
10.942712193491,-0.466252452658412,77.3,10.8395769879734,           1057P   1285
-0.453972064221533,77.3,10.790454548577,-0.0160891476433159,0.,     1057P   1286
0.,0.,0.;                                                           1057P   1287
126,4,3,0,0,1,0,0.,0.,0.,0.,0.00804457382165794,                    1059P   1288
0.0160891476433159,0.0160891476433159,0.0160891476433159,           1059P   1289
0.0160891476433159,1.,1.,1.,1.,1.,-0.363177651377227,77.4,          1059P   1290
10.8323636716442,-0.37216807895895,77.4,10.8518410678234,           1059P   1291
-0.386414725646884,77.4199501317137,10.8928237171233,               1059P   1292
-0.390035188206564,77.4731847539278,10.9112727613774,               1059P   1293
-0.390035188206564,77.5,10.9112727613774,0.,0.0160891476433159,     1059P   1294
0.,0.,0.;                                                           1059P   1295
126,2,2,0,0,0,0,0.,0.,0.,1.39186101822004,1.39186101822004,         1061P   1296
1.39186101822004,1.,0.767457484884062,1.,-0.390035188206566,        1061P   1297
82.5,10.9112727613774,-0.40856491948468,82.5,10.9927272728357,      1061P   1298
-0.492016865856941,82.5,10.9889908273559,0.,1.39186101822004,0.,    1061P   1299
0.,0.;                                                              1061P   1300
126,1,1,0,0,1,0,-1.25,-1.25,-0.749999999999999,                     1063P   1301
-0.749999999999999,1.,1.,-0.492016865856939,82.5,                   1063P   1302
10.9889908273559,-0.492016865856939,77.5,10.9889908273559,-1.25,    1063P   1303
-0.749999999999999,0.,0.,0.;                                        1063P   1304
126,1,1,0,0,1,0,0.749999999999999,0.749999999999999,1.25,1.25,      1065P   1305
1.,1.,-0.390035188206566,77.5,10.9112727613774,                     1065P   1306
-0.390035188206566,82.5,10.9112727613774,0.749999999999999,1.25,    1065P   1307
0.,0.,0.;                                                           1065P   1308
126,2,2,0,0,0,0,1.50463276905254D-32,1.50463276905254D-32,          1067P   1309
1.50463276905254D-32,1.5707963267949,1.5707963267949,               1067P   1310
1.5707963267949,1.,0.707106781186806,1.,-0.363177651377227,82.6,    1067P   1311
10.8323636716442,-0.363177651377227,82.7,10.8323636716442,          1067P   1312
-0.453972064221533,82.7,10.790454548577,1.50463276905254D-32,       1067P   1313
1.5707963267949,0.,0.,0.;                                           1067P   1314
126,4,3,0,0,1,0,-0.016089214323715,-0.016089214323715,              1069P   1315
-0.016089214323715,-0.016089214323715,-0.0080446071618575,0.,0.,    1069P   1316
0.,0.,1.,1.,1.,1.,1.,-0.453972064221533,82.7,10.790454548577,       1069P   1317
-0.466252503553663,82.7,10.839577191558,-0.486401278954102,         1069P   1318
82.6601045579586,10.9427072688006,-0.492016865856905,               1069P   1319
82.5536307144124,10.9889908273559,-0.492016865856905,82.5,          1069P   1320
10.9889908273559,-0.016089214323715,0.,0.,0.,0.;                    1069P   1321
126,4,3,0,0,1,0,0.,0.,0.,0.,0.0080446071618575,                     1071P   1322
0.016089214323715,0.016089214323715,0.016089214323715,              1071P   1323
0.016089214323715,1.,1.,1.,1.,1.,-0.390035188206564,82.5,           1071P   1324
10.9112727613774,-0.390035188206564,82.5268153572062,               1071P   1325
10.9112727613774,-0.386414209156438,82.5800522789793,               1071P   1326
10.8928217567624,-0.372168116219178,82.6,10.8518411485461,          1071P   1327
-0.363177651377227,82.6,10.8323636716442,0.,0.016089214323715,      1071P   1328
0.,0.,0.;                                                           1071P   1329
126,4,2,0,0,0,0,-1.13835214707675,-1.13835214707675,                1073P   1330
-1.13835214707675,-2.22044604925031D-16,-2.22044604925031D-16,      1073P   1331
1.13835214707675,1.13835214707675,1.13835214707675,1.,              1073P   1332
0.84234530647221,1.,0.84234530647221,1.,0.453972064221533,82.7,     1073P   1333
10.790454548577,0.319903368021459,82.7,10.5000001639128,            1073P   1334
8.04061324838319D-17,82.7,10.5000001639128,-0.319903368021459,      1073P   1335
82.7,10.5000001639128,-0.453972064221533,82.7,10.790454548577,      1073P   1336
-1.13835214707675,1.13835214707675,0.,0.,0.;                        1073P   1337
126,4,2,0,0,0,0,-1.13835214707675,-1.13835214707675,                1075P   1338
-1.13835214707675,2.22044604925031D-16,2.22044604925031D-16,        1075P   1339
1.13835214707675,1.13835214707675,1.13835214707675,1.,              1075P   1340
0.842345306472226,1.,0.842345306472226,1.,-0.363177651377227,       1075P   1341
82.6,10.8323636716442,-0.255922694417167,82.6,10.6000001639128,     1075P   1342
6.43249059870655D-17,82.6,10.6000001639128,0.255922694417167,       1075P   1343
82.6,10.6000001639128,0.363177651377227,82.6,10.8323636716442,      1075P   1344
-1.13835214707675,1.13835214707675,0.,0.,0.;                        1075P   1345
126,8,2,0,0,0,0,-6.24113846852606,-6.24113846852606,                1077P   1346
-6.24113846852606,-4.69136556105792,-4.69136556105792,              1077P   1347
-3.14159265358979,-3.14159265358979,-1.59181974612166,              1077P   1348
-1.59181974612166,-0.0420468386535294,-0.0420468386535294,          1077P   1349
-0.0420468386535294,1.,0.714500479597903,1.,0.714500479597903,      1077P   1350
1.,0.714500479597903,1.,0.714500479597903,1.,-0.45397206422154,     1077P   1351
82.7,10.790454548577,-11.0199259787109,82.7,10.3459275930686,       1077P   1352
-10.7976133734412,82.7,-0.227036203465678,-10.5753007681714,        1077P   1353
82.7,-10.8,1.32261854307914D-15,82.7,-10.8,10.5753007681714,        1077P   1354
82.7,-10.8,10.7976133734412,82.7,-0.227036203465673,                1077P   1355
11.0199259787109,82.7,10.3459275930687,0.453972064221533,82.7,      1077P   1356
10.790454548577,-6.24113846852606,-0.0420468386535294,0.,0.,0.;     1077P   1357
126,2,2,0,0,0,0,-3.14159265358979,-3.14159265358979,                1079P   1358
-3.14159265358979,-1.5707963267949,-1.5707963267949,                1079P   1359
-1.5707963267949,1.,0.707106781186547,1.,-7.8,82.7,                 1079P   1360
9.55224503334935D-16,-7.8,82.7,7.8,4.77612251667468D-16,82.7,       1079P   1361
7.8,-3.14159265358979,-1.5707963267949,0.,0.,0.;                    1079P   1362
126,6,2,0,0,0,0,-1.5707963267949,-1.5707963267949,                  1081P   1363
-1.5707963267949,0.,0.,1.5707963267949,1.5707963267949,             1081P   1364
3.14159265358979,3.14159265358979,3.14159265358979,1.,              1081P   1365
0.707106781186548,1.,0.707106781186548,1.,0.707106781186547,1.,     1081P   1366
4.77612251667468D-16,82.7,7.8,7.8,82.7,7.8,7.8,82.7,0.,7.8,82.7,    1081P   1367
-7.8,4.77612251667468D-16,82.7,-7.8,-7.8,82.7,-7.8,-7.8,82.7,       1081P   1368
-9.55224503334935D-16,-1.5707963267949,3.14159265358979,0.,0.,      1081P   1369
0.;                                                                 1081P   1370
126,8,2,0,0,0,0,-6.23844157318147,-6.23844157318147,                1083P   1371
-6.23844157318147,-4.69001711338563,-4.69001711338563,              1083P   1372
-3.14159265358979,-3.14159265358979,-1.59316819379396,              1083P   1373
-1.59316819379396,-0.044743733998115,-0.044743733998115,            1083P   1374
-0.044743733998115,1.,0.714972027724711,1.,0.714972027724711,1.,    1083P   1375
0.714972027724711,1.,0.714972027724711,1.,0.492016865856905,        1083P   1376
82.5,10.9889908273559,11.2378729996468,82.5,10.5078599811335,       1083P   1377
10.9972473624293,82.5,-0.246070009433266,10.7566217252117,82.5,     1083P   1378
-11.,1.81928137543407D-14,82.5,-11.,-10.7566217252117,82.5,-11.,    1083P   1379
-10.9972473624293,82.5,-0.246070009433297,-11.2378729996468,        1083P   1380
82.5,10.5078599811334,-0.492016865856939,82.5,10.9889908273559,     1083P   1381
-6.23844157318147,-0.044743733998115,0.,0.,0.;                      1083P   1382
126,8,2,0,0,0,0,-6.23844157318147,-6.23844157318147,                1085P   1383
-6.23844157318147,-4.69001711338563,-4.69001711338563,              1085P   1384
-3.14159265358979,-3.14159265358979,-1.59316819379396,              1085P   1385
-1.59316819379396,-0.044743733998115,-0.044743733998115,            1085P   1386
-0.044743733998115,1.,0.714972027724711,1.,0.714972027724711,1.,    1085P   1387
0.714972027724711,1.,0.714972027724711,1.,-0.492016865856905,       1085P   1388
77.5,10.9889908273559,-11.2378729996468,77.5,10.5078599811335,      1085P   1389
-10.9972473624293,77.5,-0.246070009433266,-10.7566217252117,        1085P   1390
77.5,-11.,-1.81928137543407D-14,77.5,-11.,10.7566217252117,77.5,    1085P   1391
-11.,10.9972473624293,77.5,-0.246070009433297,11.2378729996468,     1085P   1392
77.5,10.5078599811334,0.492016865856939,77.5,10.9889908273559,      1085P   1393
-6.23844157318147,-0.044743733998115,0.,0.,0.;                      1085P   1394
126,2,2,0,0,0,0,0.,0.,0.,1.39186101822003,1.39186101822003,         1087P   1395
1.39186101822003,1.,0.767457484884127,1.,0.390035188206564,72.5,    1087P   1396
10.9112727613774,0.408564919484673,72.5,10.9927272728356,           1087P   1397
0.492016865856905,72.5,10.9889908273559,0.,1.39186101822003,0.,     1087P   1398
0.,0.;                                                              1087P   1399
126,4,3,0,0,1,0,-0.0160892143237145,-0.0160892143237145,            1089P   1400
-0.0160892143237145,-0.0160892143237145,-0.00804460716185727,0.,    1089P   1401
0.,0.,0.,1.,1.,1.,1.,1.,0.492016865856905,72.5,10.9889908273559,    1089P   1402
0.492016865856905,72.5536307144124,10.9889908273559,                1089P   1403
0.486401280016704,72.6601045660183,10.9427072727898,                1089P   1404
0.466252503553663,72.7,10.839577191558,0.453972064221533,72.7,      1089P   1405
10.790454548577,-0.0160892143237145,0.,0.,0.,0.;                    1089P   1406
126,2,2,0,0,0,0,1.46567668427789D-32,1.46567668427789D-32,          1091P   1407
1.46567668427789D-32,1.5707963267949,1.5707963267949,               1091P   1408
1.5707963267949,1.,0.707106781186516,1.,0.453972064221533,72.7,     1091P   1409
10.790454548577,0.363177651377229,72.7,10.8323636716442,            1091P   1410
0.363177651377229,72.6,10.8323636716442,1.46567668427789D-32,       1091P   1411
1.5707963267949,0.,0.,0.;                                           1091P   1412
126,4,3,0,0,1,0,0.,0.,0.,0.,0.00804460716185727,                    1093P   1413
0.0160892143237145,0.0160892143237145,0.0160892143237145,           1093P   1414
0.0160892143237145,1.,1.,1.,1.,1.,0.363177651377227,72.6,           1093P   1415
10.8323636716442,0.372168116219178,72.6,10.8518411485461,           1093P   1416
0.386414209929288,72.5800522830092,10.8928217583408,                1093P   1417
0.390035188206564,72.5268153572062,10.9112727613774,                1093P   1418
0.390035188206564,72.5,10.9112727613774,0.,0.0160892143237145,      1093P   1419
0.,0.,0.;                                                           1093P   1420
126,2,2,0,0,0,0,0.,0.,0.,1.39186101822003,1.39186101822003,         1095P   1421
1.39186101822003,1.,0.767457484884027,1.,0.390035188206565,67.5,    1095P   1422
10.9112727613774,0.408564919484674,67.5,10.9927272728356,           1095P   1423
0.492016865856905,67.5,10.9889908273559,0.,1.39186101822003,0.,     1095P   1424
0.,0.;                                                              1095P   1425
126,1,1,0,0,1,0,-0.25,-0.25,0.25,0.25,1.,1.,0.492016865856905,      1097P   1426
67.5,10.9889908273559,0.492016865856905,72.5,10.9889908273559,      1097P   1427
-0.25,0.25,0.,0.,0.;                                                1097P   1428
126,1,1,0,0,1,0,-0.25,-0.25,0.25,0.25,1.,1.,0.390035188206565,      1099P   1429
72.5,10.9112727613774,0.390035188206565,67.5,10.9112727613774,      1099P   1430
-0.25,0.25,0.,0.,0.;                                                1099P   1431
126,2,2,0,0,0,0,1.20370621524203D-31,1.20370621524203D-31,          1101P   1432
1.20370621524203D-31,1.5707963267949,1.5707963267949,               1101P   1433
1.5707963267949,1.,0.707106781186544,1.,0.363177651377227,67.4,     1101P   1434
10.8323636716442,0.363177651377227,67.3,10.8323636716442,           1101P   1435
0.453972064221533,67.3,10.790454548577,1.20370621524203D-31,        1101P   1436
1.5707963267949,0.,0.,0.;                                           1101P   1437
126,4,3,0,0,1,0,-0.0160892143237147,-0.0160892143237147,            1103P   1438
-0.0160892143237147,-0.0160892143237147,-0.00804460716185736,0.,    1103P   1439
0.,0.,0.,1.,1.,1.,1.,1.,0.453972064221533,67.3,10.790454548577,     1103P   1440
0.466252503553663,67.3,10.839577191558,0.486401280658904,           1103P   1441
67.339895429111,10.9427072752009,0.492016865856903,                 1103P   1442
67.4463692855876,10.9889908273559,0.492016865856903,67.5,           1103P   1443
10.9889908273559,-0.0160892143237147,0.,0.,0.,0.;                   1103P   1444
126,4,3,0,0,1,0,0.,0.,0.,0.,0.00804460716185736,                    1105P   1445
0.0160892143237147,0.0160892143237147,0.0160892143237147,           1105P   1446
0.0160892143237147,1.,1.,1.,1.,1.,0.390035188206564,67.5,           1105P   1447
10.9112727613774,0.390035188206564,67.4731846427938,                1105P   1448
10.9112727613774,0.386414210396373,67.4199477145555,                1105P   1449
10.8928217592948,0.372168116219178,67.4,10.8518411485461,           1105P   1450
0.363177651377227,67.4,10.8323636716442,0.,0.0160892143237147,      1105P   1451
0.,0.,0.;                                                           1105P   1452
126,2,2,0,0,0,0,-2.40741243048407D-31,-2.40741243048407D-31,        1107P   1453
-2.40741243048407D-31,1.57079632679489,1.57079632679489,            1107P   1454
1.57079632679489,1.,0.707106781186539,1.,-0.363177651377226,        1107P   1455
67.4,10.8323636716442,-0.363177651377226,67.3,10.8323636716442,     1107P   1456
-0.453972064221532,67.3,10.790454548577,-2.40741243048407D-31,      1107P   1457
1.57079632679489,0.,0.,0.;                                          1107P   1458
126,4,2,0,0,0,0,-1.13835214707675,-1.13835214707675,                1109P   1459
-1.13835214707675,7.7715611723761D-16,7.7715611723761D-16,          1109P   1460
1.13835214707675,1.13835214707675,1.13835214707675,1.,              1109P   1461
0.842345306472211,1.,0.842345306472209,1.,-0.453972064221533,       1109P   1462
67.3,10.790454548577,-0.319903368021458,67.3,10.5000001639128,      1109P   1463
3.57961888640121D-16,67.3,10.5000001639128,0.319903368021459,       1109P   1464
67.3,10.5000001639128,0.453972064221533,67.3,10.790454548577,       1109P   1465
-1.13835214707675,1.13835214707675,0.,0.,0.;                        1109P   1466
126,4,2,0,0,0,0,-1.13835214707676,-1.13835214707676,                1111P   1467
-1.13835214707676,-2.77555756156289D-15,-2.77555756156289D-15,      1111P   1468
1.13835214707675,1.13835214707675,1.13835214707675,1.,              1111P   1469
0.842345306472178,1.,0.84234530647221,1.,0.363177651377227,67.4,    1111P   1470
10.8323636716442,0.255922694417168,67.4,10.6000001639128,           1111P   1471
1.08573008864221D-15,67.4,10.6000001639128,-0.255922694417166,      1111P   1472
67.4,10.6000001639128,-0.363177651377226,67.4,10.8323636716442,     1111P   1473
-1.13835214707676,1.13835214707675,0.,0.,0.;                        1111P   1474
126,2,2,0,0,0,0,0.,0.,0.,1.39186101822001,1.39186101822001,         1113P   1475
1.39186101822001,1.,0.767457484884072,1.,-0.390035188206564,        1113P   1476
67.5,10.9112727613774,-0.408564919484673,67.5,10.9927272728356,     1113P   1477
-0.492016865856903,67.5,10.9889908273559,0.,1.39186101822001,0.,    1113P   1478
0.,0.;                                                              1113P   1479
126,4,3,0,0,1,0,-0.0160891476433157,-0.0160891476433157,            1115P   1480
-0.0160891476433157,-0.0160891476433157,-0.00804457382165784,0.,    1115P   1481
0.,0.,0.,1.,1.,1.,1.,1.,-0.492016865856903,67.5,                    1115P   1482
10.9889908273559,-0.492016865856903,67.4463695078556,               1115P   1483
10.9889908273559,-0.486402040533523,67.3399002543836,               1115P   1484
10.9427121980101,-0.466252452658413,67.3,10.8395769879734,          1115P   1485
-0.453972064221533,67.3,10.790454548577,-0.0160891476433157,0.,     1115P   1486
0.,0.,0.;                                                           1115P   1487
126,4,3,0,0,1,0,0.,0.,0.,0.,0.00804457382165784,                    1117P   1488
0.0160891476433157,0.0160891476433157,0.0160891476433157,           1117P   1489
0.0160891476433157,1.,1.,1.,1.,1.,-0.363177651377227,67.4,          1117P   1490
10.8323636716442,-0.372168078958951,67.4,10.8518410678234,          1117P   1491
-0.386414726521899,67.4199501271918,10.8928237189114,               1117P   1492
-0.390035188206564,67.4731847539278,10.9112727613774,               1117P   1493
-0.390035188206564,67.5,10.9112727613774,0.,0.0160891476433157,     1117P   1494
0.,0.,0.;                                                           1117P   1495
126,2,2,0,0,0,0,0.,0.,0.,1.39186101822003,1.39186101822003,         1119P   1496
1.39186101822003,1.,0.767457484884072,1.,-0.390035188206565,        1119P   1497
72.5,10.9112727613774,-0.408564919484674,72.5,10.9927272728356,     1119P   1498
-0.492016865856905,72.5,10.9889908273559,0.,1.39186101822003,0.,    1119P   1499
0.,0.;                                                              1119P   1500
126,1,1,0,0,1,0,-0.25,-0.25,0.250000000000001,0.250000000000001,    1121P   1501
1.,1.,-0.492016865856905,72.5,10.9889908273559,                     1121P   1502
-0.492016865856905,67.5,10.9889908273559,-0.25,                     1121P   1503
0.250000000000001,0.,0.,0.;                                         1121P   1504
126,1,1,0,0,1,0,-0.250000000000001,-0.250000000000001,0.25,0.25,    1123P   1505
1.,1.,-0.390035188206565,67.5,10.9112727613774,                     1123P   1506
-0.390035188206565,72.5,10.9112727613774,-0.250000000000001,        1123P   1507
0.25,0.,0.,0.;                                                      1123P   1508
126,2,2,0,0,0,0,1.50463276905254D-32,1.50463276905254D-32,          1125P   1509
1.50463276905254D-32,1.5707963267949,1.5707963267949,               1125P   1510
1.5707963267949,1.,0.707106781186547,1.,-0.363177651377227,72.6,    1125P   1511
10.8323636716442,-0.363177651377227,72.7,10.8323636716442,          1125P   1512
-0.453972064221533,72.7,10.790454548577,1.50463276905254D-32,       1125P   1513
1.5707963267949,0.,0.,0.;                                           1125P   1514
126,4,3,0,0,1,0,-0.0160892143237146,-0.0160892143237146,            1127P   1515
-0.0160892143237146,-0.0160892143237146,-0.0080446071618573,0.,     1127P   1516
0.,0.,0.,1.,1.,1.,1.,1.,-0.453972064221533,72.7,10.790454548577,    1127P   1517
-0.466252503553663,72.7,10.839577191558,-0.486401280016719,         1127P   1518
72.6601045660182,10.94270727279,-0.492016865856904,                 1127P   1519
72.5536307144124,10.9889908273559,-0.492016865856904,72.5,          1127P   1520
10.9889908273559,-0.0160892143237146,0.,0.,0.,0.;                   1127P   1521
126,4,3,0,0,1,0,0.,0.,0.,0.,0.0080446071618573,                     1129P   1522
0.0160892143237146,0.0160892143237146,0.0160892143237146,           1129P   1523
0.0160892143237146,1.,1.,1.,1.,1.,-0.390035188206564,72.5,          1129P   1524
10.9112727613774,-0.390035188206564,72.5268153572062,               1129P   1525
10.9112727613774,-0.386414209929299,72.5800522830091,               1129P   1526
10.8928217583409,-0.372168116219178,72.6,10.8518411485461,          1129P   1527
-0.363177651377227,72.6,10.8323636716442,0.,0.0160892143237146,     1129P   1528
0.,0.,0.;                                                           1129P   1529
126,4,2,0,0,0,0,-1.13835214707675,-1.13835214707675,                1131P   1530
-1.13835214707675,-2.22044604925031D-16,-2.22044604925031D-16,      1131P   1531
1.13835214707675,1.13835214707675,1.13835214707675,1.,              1131P   1532
0.84234530647221,1.,0.84234530647221,1.,0.453972064221533,72.7,     1131P   1533
10.790454548577,0.319903368021459,72.7,10.5000001639128,            1131P   1534
8.04061324838319D-17,72.7,10.5000001639128,-0.319903368021459,      1131P   1535
72.7,10.5000001639128,-0.453972064221533,72.7,10.790454548577,      1131P   1536
-1.13835214707675,1.13835214707675,0.,0.,0.;                        1131P   1537
126,4,2,0,0,0,0,-1.13835214707675,-1.13835214707675,                1133P   1538
-1.13835214707675,2.22044604925031D-16,2.22044604925031D-16,        1133P   1539
1.13835214707675,1.13835214707675,1.13835214707675,1.,              1133P   1540
0.842345306472226,1.,0.842345306472226,1.,-0.363177651377227,       1133P   1541
72.6,10.8323636716442,-0.255922694417167,72.6,10.6000001639128,     1133P   1542
6.43249059870655D-17,72.6,10.6000001639128,0.255922694417167,       1133P   1543
72.6,10.6000001639128,0.363177651377227,72.6,10.8323636716442,      1133P   1544
-1.13835214707675,1.13835214707675,0.,0.,0.;                        1133P   1545
126,8,2,0,0,0,0,-6.24113846852606,-6.24113846852606,                1135P   1546
-6.24113846852606,-4.69136556105792,-4.69136556105792,              1135P   1547
-3.14159265358979,-3.14159265358979,-1.59181974612166,              1135P   1548
-1.59181974612166,-0.0420468386535294,-0.0420468386535294,          1135P   1549
-0.0420468386535294,1.,0.714500479597903,1.,0.714500479597903,      1135P   1550
1.,0.714500479597903,1.,0.714500479597903,1.,-0.45397206422154,     1135P   1551
72.7,10.790454548577,-11.0199259787109,72.7,10.3459275930686,       1135P   1552
-10.7976133734412,72.7,-0.227036203465678,-10.5753007681714,        1135P   1553
72.7,-10.8,1.32261854307914D-15,72.7,-10.8,10.5753007681714,        1135P   1554
72.7,-10.8,10.7976133734412,72.7,-0.227036203465673,                1135P   1555
11.0199259787109,72.7,10.3459275930687,0.453972064221533,72.7,      1135P   1556
10.790454548577,-6.24113846852606,-0.0420468386535294,0.,0.,0.;     1135P   1557
126,2,2,0,0,0,0,-3.14159265358979,-3.14159265358979,                1137P   1558
-3.14159265358979,-1.5707963267949,-1.5707963267949,                1137P   1559
-1.5707963267949,1.,0.707106781186547,1.,-7.8,72.7,                 1137P   1560
9.55224503334935D-16,-7.8,72.7,7.8,4.77612251667468D-16,72.7,       1137P   1561
7.8,-3.14159265358979,-1.5707963267949,0.,0.,0.;                    1137P   1562
126,6,2,0,0,0,0,-1.5707963267949,-1.5707963267949,                  1139P   1563
-1.5707963267949,0.,0.,1.5707963267949,1.5707963267949,             1139P   1564
3.14159265358979,3.14159265358979,3.14159265358979,1.,              1139P   1565
0.707106781186548,1.,0.707106781186548,1.,0.707106781186547,1.,     1139P   1566
4.77612251667468D-16,72.7,7.8,7.8,72.7,7.8,7.8,72.7,0.,7.8,72.7,    1139P   1567
-7.8,4.77612251667468D-16,72.7,-7.8,-7.8,72.7,-7.8,-7.8,72.7,       1139P   1568
-9.55224503334935D-16,-1.5707963267949,3.14159265358979,0.,0.,      1139P   1569
0.;                                                                 1139P   1570
126,8,2,0,0,0,0,-6.23844157318147,-6.23844157318147,                1141P   1571
-6.23844157318147,-4.69001711338563,-4.69001711338563,              1141P   1572
-3.14159265358979,-3.14159265358979,-1.59316819379395,              1141P   1573
-1.59316819379395,-0.0447437339981119,-0.0447437339981119,          1141P   1574
-0.0447437339981119,1.,0.714972027724711,1.,0.714972027724711,      1141P   1575
1.,0.714972027724711,1.,0.714972027724711,1.,0.492016865856905,     1141P   1576
72.5,10.9889908273559,11.2378729996468,72.5,10.5078599811335,       1141P   1577
10.9972473624293,72.5,-0.246070009433276,10.7566217252117,72.5,     1141P   1578
-11.,-1.34711147906209D-15,72.5,-11.,-10.7566217252117,72.5,        1141P   1579
-11.,-10.9972473624293,72.5,-0.24607000943327,-11.2378729996468,    1141P   1580
72.5,10.5078599811335,-0.492016865856905,72.5,10.9889908273559,     1141P   1581
-6.23844157318147,-0.0447437339981119,0.,0.,0.;                     1141P   1582
126,8,2,0,0,0,0,-6.23844157318147,-6.23844157318147,                1143P   1583
-6.23844157318147,-4.69001711338563,-4.69001711338563,              1143P   1584
-3.14159265358979,-3.14159265358979,-1.59316819379395,              1143P   1585
-1.59316819379395,-0.0447437339981119,-0.0447437339981119,          1143P   1586
-0.0447437339981119,1.,0.714972027724711,1.,0.714972027724711,      1143P   1587
1.,0.714972027724711,1.,0.714972027724711,1.,-0.492016865856905,    1143P   1588
67.5,10.9889908273559,-11.2378729996468,67.5,10.5078599811335,      1143P   1589
-10.9972473624293,67.5,-0.246070009433276,-10.7566217252117,        1143P   1590
67.5,-11.,1.34711147906209D-15,67.5,-11.,10.7566217252117,67.5,     1143P   1591
-11.,10.9972473624293,67.5,-0.24607000943327,11.2378729996468,      1143P   1592
67.5,10.5078599811335,0.492016865856905,67.5,10.9889908273559,      1143P   1593
-6.23844157318147,-0.0447437339981119,0.,0.,0.;                     1143P   1594
126,2,2,0,0,0,0,0.,0.,0.,1.57079632679489,1.57079632679489,         1145P   1595
1.57079632679489,1.,0.707106781186537,1.,-0.453972064221532,        1145P   1596
62.7,10.790454548577,-0.363177651377228,62.7,10.8323636716442,      1145P   1597
-0.363177651377228,62.6,10.8323636716442,0.,1.57079632679489,0.,    1145P   1598
0.,0.;                                                              1145P   1599
126,4,2,0,0,0,0,-1.13835214707675,-1.13835214707675,                1147P   1600
-1.13835214707675,0.,0.,1.13835214707675,1.13835214707675,          1147P   1601
1.13835214707675,1.,0.842345306472211,1.,0.842345306472211,1.,      1147P   1602
-0.363177651377226,62.6,10.8323636716442,-0.255922694417166,        1147P   1603
62.6,10.6000001639128,-2.44929359829471D-17,62.6,                   1147P   1604
10.6000001639128,0.255922694417166,62.6,10.6000001639128,           1147P   1605
0.363177651377226,62.6,10.8323636716442,-1.13835214707675,          1147P   1606
1.13835214707675,0.,0.,0.;                                          1147P   1607
126,2,2,0,0,0,0,0.,0.,0.,1.57079632679489,1.57079632679489,         1149P   1608
1.57079632679489,1.,0.707106781186539,1.,0.363177651377227,62.6,    1149P   1609
10.8323636716442,0.363177651377226,62.7,10.8323636716442,           1149P   1610
0.453972064221532,62.7,10.790454548577,0.,1.57079632679489,0.,      1149P   1611
0.,0.;                                                              1149P   1612
126,4,2,0,0,0,0,-1.13835214707675,-1.13835214707675,                1151P   1613
-1.13835214707675,-1.11022302462516D-16,-1.11022302462516D-16,      1151P   1614
1.13835214707675,1.13835214707675,1.13835214707675,1.,              1151P   1615
0.84234530647221,1.,0.842345306472211,1.,0.453972064221533,62.7,    1151P   1616
10.790454548577,0.319903368021458,62.7,10.5000001639128,            1151P   1617
2.4894981252574D-17,62.7,10.5000001639128,-0.319903368021458,       1151P   1618
62.7,10.5000001639128,-0.453972064221533,62.7,10.790454548577,      1151P   1619
-1.13835214707675,1.13835214707675,0.,0.,0.;                        1151P   1620
126,2,2,0,0,0,0,0.,0.,0.,1.39186101822003,1.39186101822003,         1153P   1621
1.39186101822003,1.,0.767457484884127,1.,0.390035188206564,62.5,    1153P   1622
10.9112727613774,0.408564919484673,62.5,10.9927272728356,           1153P   1623
0.492016865856905,62.5,10.9889908273559,0.,1.39186101822003,0.,     1153P   1624
0.,0.;                                                              1153P   1625
126,4,3,0,0,1,0,-0.0160891476433157,-0.0160891476433157,            1155P   1626
-0.0160891476433157,-0.0160891476433157,-0.00804457382165787,0.,    1155P   1627
0.,0.,0.,1.,1.,1.,1.,1.,0.492016865856905,62.5,10.9889908273559,    1155P   1628
0.492016865856905,62.5536304921444,10.9889908273559,                1155P   1629
0.486402041245407,62.660099750968,10.9427122006842,                 1155P   1630
0.466252452658412,62.7,10.8395769879734,0.453972064221533,62.7,     1155P   1631
10.790454548577,-0.0160891476433157,0.,0.,0.,0.;                    1155P   1632
126,4,3,0,0,1,0,0.,0.,0.,0.,0.00804457382165787,                    1157P   1633
0.0160891476433157,0.0160891476433157,0.0160891476433157,           1157P   1634
0.0160891476433157,1.,1.,1.,1.,1.,0.363177651377227,62.6,           1157P   1635
10.8323636716442,0.372168078958951,62.6,10.8518410678234,           1157P   1636
0.386414727039677,62.580049875484,10.8928237199695,                 1157P   1637
0.390035188206564,62.5268152460722,10.9112727613774,                1157P   1638
0.390035188206564,62.5,10.9112727613774,0.,0.0160891476433157,      1157P   1639
0.,0.,0.;                                                           1157P   1640
126,2,2,0,0,0,0,0.,0.,0.,1.39186101822004,1.39186101822004,         1159P   1641
1.39186101822004,1.,0.767457484884062,1.,0.390035188206566,57.5,    1159P   1642
10.9112727613774,0.40856491948468,57.5,10.9927272728357,            1159P   1643
0.492016865856941,57.5,10.9889908273559,0.,1.39186101822004,0.,     1159P   1644
0.,0.;                                                              1159P   1645
126,1,1,0,0,1,0,-1.25,-1.25,-0.75,-0.75,1.,1.,0.492016865856939,    1161P   1646
57.5,10.9889908273559,0.492016865856939,62.5,10.9889908273559,      1161P   1647
-1.25,-0.75,0.,0.,0.;                                               1161P   1648
126,1,1,0,0,1,0,0.75,0.75,1.25,1.25,1.,1.,0.390035188206566,        1163P   1649
62.5,10.9112727613774,0.390035188206566,57.5,10.9112727613774,      1163P   1650
0.75,1.25,0.,0.,0.;                                                 1163P   1651
126,2,2,0,0,0,0,1.20370621524203D-31,1.20370621524203D-31,          1165P   1652
1.20370621524203D-31,1.5707963267949,1.5707963267949,               1165P   1653
1.5707963267949,1.,0.707106781186544,1.,0.363177651377227,57.4,     1165P   1654
10.8323636716442,0.363177651377227,57.3,10.8323636716442,           1165P   1655
0.453972064221533,57.3,10.790454548577,1.20370621524203D-31,        1165P   1656
1.5707963267949,0.,0.,0.;                                           1165P   1657
126,4,3,0,0,1,0,-0.016089214323715,-0.016089214323715,              1167P   1658
-0.016089214323715,-0.016089214323715,-0.00804460716185748,0.,      1167P   1659
0.,0.,0.,1.,1.,1.,1.,1.,0.453972064221533,57.3,10.790454548577,     1167P   1660
0.466252503553664,57.3,10.839577191558,0.486401282200743,           1167P   1661
57.3398954174162,10.9427072809894,0.492016865856903,                1167P   1662
57.4463692855876,10.9889908273559,0.492016865856903,57.5,           1167P   1663
10.9889908273559,-0.016089214323715,0.,0.,0.,0.;                    1167P   1664
126,4,3,0,0,1,0,0.,0.,0.,0.,0.00804460716185748,                    1169P   1665
0.016089214323715,0.016089214323715,0.016089214323715,              1169P   1666
0.016089214323715,1.,1.,1.,1.,1.,0.390035188206564,57.5,            1169P   1667
10.9112727613774,0.390035188206564,57.4731846427938,                1169P   1668
10.9112727613774,0.386414211517783,57.4199477087081,                1169P   1669
10.8928217615852,0.372168116219179,57.4,10.8518411485461,           1169P   1670
0.363177651377227,57.4,10.8323636716442,0.,0.016089214323715,0.,    1169P   1671
0.,0.;                                                              1169P   1672
126,2,2,0,0,0,0,-2.40741243048407D-31,-2.40741243048407D-31,        1171P   1673
-2.40741243048407D-31,1.57079632679489,1.57079632679489,            1171P   1674
1.57079632679489,1.,0.707106781186539,1.,-0.363177651377226,        1171P   1675
57.4,10.8323636716442,-0.363177651377226,57.3,10.8323636716442,     1171P   1676
-0.453972064221532,57.3,10.790454548577,-2.40741243048407D-31,      1171P   1677
1.57079632679489,0.,0.,0.;                                          1171P   1678
126,4,2,0,0,0,0,-1.13835214707675,-1.13835214707675,                1173P   1679
-1.13835214707675,7.7715611723761D-16,7.7715611723761D-16,          1173P   1680
1.13835214707675,1.13835214707675,1.13835214707675,1.,              1173P   1681
0.842345306472211,1.,0.842345306472209,1.,-0.453972064221533,       1173P   1682
57.3,10.790454548577,-0.319903368021458,57.3,10.5000001639128,      1173P   1683
3.57961888640121D-16,57.3,10.5000001639128,0.319903368021459,       1173P   1684
57.3,10.5000001639128,0.453972064221533,57.3,10.790454548577,       1173P   1685
-1.13835214707675,1.13835214707675,0.,0.,0.;                        1173P   1686
126,4,2,0,0,0,0,-1.13835214707676,-1.13835214707676,                1175P   1687
-1.13835214707676,-2.77555756156289D-15,-2.77555756156289D-15,      1175P   1688
1.13835214707675,1.13835214707675,1.13835214707675,1.,              1175P   1689
0.842345306472178,1.,0.84234530647221,1.,0.363177651377227,57.4,    1175P   1690
10.8323636716442,0.255922694417168,57.4,10.6000001639128,           1175P   1691
1.08573008864221D-15,57.4,10.6000001639128,-0.255922694417166,      1175P   1692
57.4,10.6000001639128,-0.363177651377226,57.4,10.8323636716442,     1175P   1693
-1.13835214707676,1.13835214707675,0.,0.,0.;                        1175P   1694
126,2,2,0,0,0,0,0.,0.,0.,1.39186101822001,1.39186101822001,         1177P   1695
1.39186101822001,1.,0.767457484884072,1.,-0.390035188206564,        1177P   1696
57.5,10.9112727613774,-0.408564919484673,57.5,10.9927272728356,     1177P   1697
-0.492016865856903,57.5,10.9889908273559,0.,1.39186101822001,0.,    1177P   1698
0.,0.;                                                              1177P   1699
126,4,3,0,0,1,0,-0.0160891476433159,-0.0160891476433159,            1179P   1700
-0.0160891476433159,-0.0160891476433159,-0.00804457382165794,0.,    1179P   1701
0.,0.,0.,1.,1.,1.,1.,1.,-0.492016865856903,57.5,                    1179P   1702
10.9889908273559,-0.492016865856903,57.4463695078556,               1179P   1703
10.9889908273559,-0.486402042085299,57.3399002427181,               1179P   1704
10.9427122038392,-0.466252452658412,57.3,10.8395769879734,          1179P   1705
-0.453972064221533,57.3,10.790454548577,-0.0160891476433159,0.,     1179P   1706
0.,0.,0.;                                                           1179P   1707
126,4,3,0,0,1,0,0.,0.,0.,0.,0.00804457382165794,                    1181P   1708
0.0160891476433159,0.0160891476433159,0.0160891476433159,           1181P   1709
0.0160891476433159,1.,1.,1.,1.,1.,-0.363177651377227,57.4,          1181P   1710
10.8323636716442,-0.37216807895895,57.4,10.8518410678234,           1181P   1711
-0.386414727650561,57.4199501213591,10.8928237212179,               1181P   1712
-0.390035188206564,57.4731847539278,10.9112727613774,               1181P   1713
-0.390035188206564,57.5,10.9112727613774,0.,0.0160891476433159,     1181P   1714
0.,0.,0.;                                                           1181P   1715
126,2,2,0,0,0,0,0.,0.,0.,1.39186101822004,1.39186101822004,         1183P   1716
1.39186101822004,1.,0.767457484884062,1.,-0.390035188206566,        1183P   1717
62.5,10.9112727613774,-0.40856491948468,62.5,10.9927272728357,      1183P   1718
-0.492016865856941,62.5,10.9889908273559,0.,1.39186101822004,0.,    1183P   1719
0.,0.;                                                              1183P   1720
126,1,1,0,0,1,0,0.75,0.75,1.25,1.25,1.,1.,-0.492016865856939,       1185P   1721
62.5,10.9889908273559,-0.492016865856939,57.5,10.9889908273559,     1185P   1722
0.75,1.25,0.,0.,0.;                                                 1185P   1723
126,1,1,0,0,1,0,-1.25,-1.25,-0.75,-0.75,1.,1.,                      1187P   1724
-0.390035188206566,57.5,10.9112727613774,-0.390035188206566,        1187P   1725
62.5,10.9112727613774,-1.25,-0.75,0.,0.,0.;                         1187P   1726
126,4,3,0,0,1,0,-0.0160892143237146,-0.0160892143237146,            1189P   1727
-0.0160892143237146,-0.0160892143237146,-0.00804460716185729,0.,    1189P   1728
0.,0.,0.,1.,1.,1.,1.,1.,-0.453972064221533,62.7,10.790454548577,    1189P   1729
-0.466252503553664,62.7,10.839577191558,-0.48640128136622,          1189P   1730
62.6601045762541,10.9427072778563,-0.492016865856905,               1189P   1731
62.5536307144124,10.9889908273559,-0.492016865856905,62.5,          1189P   1732
10.9889908273559,-0.0160892143237146,0.,0.,0.,0.;                   1189P   1733
126,4,3,0,0,1,0,0.,0.,0.,0.,0.00804460716185729,                    1191P   1734
0.0160892143237146,0.0160892143237146,0.0160892143237146,           1191P   1735
0.0160892143237146,1.,1.,1.,1.,1.,-0.390035188206564,62.5,          1191P   1736
10.9112727613774,-0.390035188206564,62.5268153572062,               1191P   1737
10.9112727613774,-0.386414210910818,62.5800522881271,               1191P   1738
10.8928217603455,-0.372168116219178,62.6,10.8518411485461,          1191P   1739
-0.363177651377227,62.6,10.8323636716442,0.,0.0160892143237146,     1191P   1740
0.,0.,0.;                                                           1191P   1741
126,8,2,0,0,0,0,-6.23844157318147,-6.23844157318147,                1193P   1742
-6.23844157318147,-4.69001711338563,-4.69001711338563,              1193P   1743
-3.14159265358979,-3.14159265358979,-1.59316819379396,              1193P   1744
-1.59316819379396,-0.044743733998115,-0.044743733998115,            1193P   1745
-0.044743733998115,1.,0.714972027724711,1.,0.714972027724711,1.,    1193P   1746
0.714972027724711,1.,0.714972027724711,1.,-0.492016865856905,       1193P   1747
57.5,10.9889908273559,-11.2378729996468,57.5,10.5078599811335,      1193P   1748
-10.9972473624293,57.5,-0.246070009433266,-10.7566217252117,        1193P   1749
57.5,-11.,-1.81928137543407D-14,57.5,-11.,10.7566217252117,57.5,    1193P   1750
-11.,10.9972473624293,57.5,-0.246070009433297,11.2378729996468,     1193P   1751
57.5,10.5078599811334,0.492016865856939,57.5,10.9889908273559,      1193P   1752
-6.23844157318147,-0.044743733998115,0.,0.,0.;                      1193P   1753
126,8,2,0,0,0,0,-6.24113846852606,-6.24113846852606,                1195P   1754
-6.24113846852606,-4.69136556105792,-4.69136556105792,              1195P   1755
-3.14159265358979,-3.14159265358979,-1.59181974612166,              1195P   1756
-1.59181974612166,-0.0420468386535293,-0.0420468386535293,          1195P   1757
-0.0420468386535293,1.,0.714500479597903,1.,0.714500479597903,      1195P   1758
1.,0.714500479597903,1.,0.714500479597903,1.,0.45397206422154,      1195P   1759
57.3,10.790454548577,11.0199259787109,57.3,10.3459275930686,        1195P   1760
10.7976133734412,57.3,-0.227036203465678,10.5753007681714,57.3,     1195P   1761
-10.8,-6.11878200945982D-15,57.3,-10.8,-10.5753007681714,57.3,      1195P   1762
-10.8,-10.7976133734412,57.3,-0.227036203465671,                    1195P   1763
-11.0199259787109,57.3,10.3459275930687,-0.453972064221532,57.3,    1195P   1764
10.790454548577,-6.24113846852606,-0.0420468386535293,0.,0.,0.;     1195P   1765
126,8,2,0,0,0,0,-6.23844157318147,-6.23844157318147,                1197P   1766
-6.23844157318147,-4.69001711338563,-4.69001711338563,              1197P   1767
-3.14159265358979,-3.14159265358979,-1.59316819379396,              1197P   1768
-1.59316819379396,-0.044743733998115,-0.044743733998115,            1197P   1769
-0.044743733998115,1.,0.714972027724711,1.,0.714972027724711,1.,    1197P   1770
0.714972027724711,1.,0.714972027724711,1.,0.492016865856905,        1197P   1771
62.5,10.9889908273559,11.2378729996468,62.5,10.5078599811335,       1197P   1772
10.9972473624293,62.5,-0.246070009433266,10.7566217252117,62.5,     1197P   1773
-11.,1.81928137543407D-14,62.5,-11.,-10.7566217252117,62.5,-11.,    1197P   1774
-10.9972473624293,62.5,-0.246070009433297,-11.2378729996468,        1197P   1775
62.5,10.5078599811334,-0.492016865856939,62.5,10.9889908273559,     1197P   1776
-6.23844157318147,-0.044743733998115,0.,0.,0.;                      1197P   1777
126,8,2,0,0,0,0,-6.24113846852606,-6.24113846852606,                1199P   1778
-6.24113846852606,-4.69136556105793,-4.69136556105793,              1199P   1779
-3.14159265358979,-3.14159265358979,-1.59181974612166,              1199P   1780
-1.59181974612166,-0.0420468386535293,-0.0420468386535293,          1199P   1781
-0.0420468386535293,1.,0.714500479597903,1.,0.714500479597903,      1199P   1782
1.,0.714500479597903,1.,0.714500479597903,1.,-0.45397206422153,     1199P   1783
62.7,10.790454548577,-11.0199259787109,62.7,10.3459275930687,       1199P   1784
-10.7976133734412,62.7,-0.227036203465669,-10.5753007681714,        1199P   1785
62.7,-10.8,1.32261854307914D-15,62.7,-10.8,10.5753007681714,        1199P   1786
62.7,-10.8,10.7976133734412,62.7,-0.227036203465673,                1199P   1787
11.0199259787109,62.7,10.3459275930687,0.453972064221532,62.7,      1199P   1788
10.790454548577,-6.24113846852606,-0.0420468386535293,0.,0.,0.;     1199P   1789
126,2,2,0,0,0,0,-3.14159265358979,-3.14159265358979,                1201P   1790
-3.14159265358979,-1.5707963267949,-1.5707963267949,                1201P   1791
-1.5707963267949,1.,0.707106781186547,1.,-7.8,62.7,                 1201P   1792
9.55224503334935D-16,-7.8,62.7,7.8,4.77612251667468D-16,62.7,       1201P   1793
7.8,-3.14159265358979,-1.5707963267949,0.,0.,0.;                    1201P   1794
126,6,2,0,0,0,0,-1.5707963267949,-1.5707963267949,                  1203P   1795
-1.5707963267949,0.,0.,1.5707963267949,1.5707963267949,             1203P   1796
3.14159265358979,3.14159265358979,3.14159265358979,1.,              1203P   1797
0.707106781186548,1.,0.707106781186548,1.,0.707106781186547,1.,     1203P   1798
4.77612251667468D-16,62.7,7.8,7.8,62.7,7.8,7.8,62.7,0.,7.8,62.7,    1203P   1799
-7.8,4.77612251667468D-16,62.7,-7.8,-7.8,62.7,-7.8,-7.8,62.7,       1203P   1800
-9.55224503334935D-16,-1.5707963267949,3.14159265358979,0.,0.,      1203P   1801
0.;                                                                 1203P   1802
126,2,2,0,0,0,0,0.,0.,0.,1.57079632679489,1.57079632679489,         1205P   1803
1.57079632679489,1.,0.707106781186537,1.,-0.453972064221532,        1205P   1804
52.7,10.790454548577,-0.363177651377228,52.7,10.8323636716442,      1205P   1805
-0.363177651377228,52.6,10.8323636716442,0.,1.57079632679489,0.,    1205P   1806
0.,0.;                                                              1205P   1807
126,4,2,0,0,0,0,-1.13835214707675,-1.13835214707675,                1207P   1808
-1.13835214707675,0.,0.,1.13835214707675,1.13835214707675,          1207P   1809
1.13835214707675,1.,0.842345306472211,1.,0.842345306472211,1.,      1207P   1810
-0.363177651377226,52.6,10.8323636716442,-0.255922694417166,        1207P   1811
52.6,10.6000001639128,-2.44929359829471D-17,52.6,                   1207P   1812
10.6000001639128,0.255922694417166,52.6,10.6000001639128,           1207P   1813
0.363177651377226,52.6,10.8323636716442,-1.13835214707675,          1207P   1814
1.13835214707675,0.,0.,0.;                                          1207P   1815
126,2,2,0,0,0,0,0.,0.,0.,1.57079632679489,1.57079632679489,         1209P   1816
1.57079632679489,1.,0.707106781186539,1.,0.363177651377227,52.6,    1209P   1817
10.8323636716442,0.363177651377226,52.7,10.8323636716442,           1209P   1818
0.453972064221532,52.7,10.790454548577,0.,1.57079632679489,0.,      1209P   1819
0.,0.;                                                              1209P   1820
126,4,2,0,0,0,0,-1.13835214707675,-1.13835214707675,                1211P   1821
-1.13835214707675,-1.11022302462516D-16,-1.11022302462516D-16,      1211P   1822
1.13835214707675,1.13835214707675,1.13835214707675,1.,              1211P   1823
0.84234530647221,1.,0.842345306472211,1.,0.453972064221533,52.7,    1211P   1824
10.790454548577,0.319903368021458,52.7,10.5000001639128,            1211P   1825
2.4894981252574D-17,52.7,10.5000001639128,-0.319903368021458,       1211P   1826
52.7,10.5000001639128,-0.453972064221533,52.7,10.790454548577,      1211P   1827
-1.13835214707675,1.13835214707675,0.,0.,0.;                        1211P   1828
126,2,2,0,0,0,0,0.,0.,0.,1.39186101822001,1.39186101822001,         1213P   1829
1.39186101822001,1.,0.76745748488407,1.,0.390035188206564,52.5,     1213P   1830
10.9112727613774,0.408564919484673,52.5,10.9927272728356,           1213P   1831
0.492016865856903,52.5,10.9889908273559,0.,1.39186101822001,0.,     1213P   1832
0.,0.;                                                              1213P   1833
126,4,3,0,0,1,0,-0.0160891476433156,-0.0160891476433156,            1215P   1834
-0.0160891476433156,-0.0160891476433156,-0.0080445738216578,0.,     1215P   1835
0.,0.,0.,1.,1.,1.,1.,1.,0.492016865856903,52.5,10.9889908273559,    1215P   1836
0.492016865856903,52.5536304921444,10.9889908273559,                1215P   1837
0.486402043027582,52.6600997643654,10.9427122073788,                1215P   1838
0.466252452658413,52.7,10.8395769879734,0.453972064221533,52.7,     1215P   1839
10.790454548577,-0.0160891476433156,0.,0.,0.,0.;                    1215P   1840
126,4,3,0,0,1,0,0.,0.,0.,0.,0.0080445738216578,                     1217P   1841
0.0160891476433156,0.0160891476433156,0.0160891476433156,           1217P   1842
0.0160891476433156,1.,1.,1.,1.,1.,0.363177651377227,52.6,           1217P   1843
10.8323636716442,0.372168078958951,52.6,10.8518410678234,           1217P   1844
0.386414728335916,52.5800498821827,10.8928237226185,                1217P   1845
0.390035188206564,52.5268152460722,10.9112727613774,                1217P   1846
0.390035188206564,52.5,10.9112727613774,0.,0.0160891476433156,      1217P   1847
0.,0.,0.;                                                           1217P   1848
126,2,2,0,0,0,0,0.,0.,0.,1.39186101822004,1.39186101822004,         1219P   1849
1.39186101822004,1.,0.767457484884062,1.,0.390035188206566,         1219P   1850
0.199999999999996,10.9112727613774,0.40856491948468,                1219P   1851
0.199999999999996,10.9927272728357,0.492016865856941,               1219P   1852
0.199999999999996,10.9889908273559,0.,1.39186101822004,0.,0.,0.;    1219P   1853
126,1,1,0,0,1,0,-6.98,-6.98,-1.75,-1.75,1.,1.,0.492016865856939,    1221P   1854
0.199999999999996,10.9889908273559,0.492016865856939,52.5,          1221P   1855
10.9889908273559,-6.98,-1.75,0.,0.,0.;                              1221P   1856
126,1,1,0,0,1,0,1.75,1.75,6.98,6.98,1.,1.,0.390035188206566,        1223P   1857
52.5,10.9112727613774,0.390035188206566,0.199999999999996,          1223P   1858
10.9112727613774,1.75,6.98,0.,0.,0.;                                1223P   1859
126,2,2,0,0,0,0,0.,0.,0.,1.57079632679492,1.57079632679492,         1225P   1860
1.57079632679492,1.,0.70710678118655,1.,0.363177651377227,          1225P   1861
0.0999999999999979,10.8323636716442,0.363177651377225,              1225P   1862
-4.24701089914531D-15,10.8323636716442,0.453972064221533,           1225P   1863
-4.18068357710411D-15,10.790454548577,0.,1.57079632679492,0.,0.,    1225P   1864
0.;                                                                 1225P   1865
126,4,3,0,0,1,0,-0.0160892143237147,-0.0160892143237147,            1227P   1866
-0.0160892143237147,-0.0160892143237147,-0.00804460716185736,0.,    1227P   1867
0.,0.,0.,1.,1.,1.,1.,1.,0.453972064221533,-4.16333634234434D-15,    1227P   1868
10.790454548577,0.466252503553662,-4.10080344108989D-15,            1227P   1869
10.839577191558,0.486401341872979,0.0398949648131331,               1227P   1870
10.9427075050164,0.492016865856904,0.146369285587613,               1227P   1871
10.9889908273559,0.492016865856904,0.199999999999996,               1227P   1872
10.9889908273559,-0.0160892143237147,0.,0.,0.,0.;                   1227P   1873
126,4,3,0,0,1,0,0.,0.,0.,0.,0.00804460716185736,                    1229P   1874
0.0160892143237147,0.0160892143237147,0.0160892143237147,           1229P   1875
0.0160892143237147,1.,1.,1.,1.,1.,0.390035188206564,                1229P   1876
0.199999999999996,10.9112727613774,0.390035188206564,               1229P   1877
0.173184642793805,10.9112727613774,0.386414254918561,               1229P   1878
0.119947482406565,10.8928218502274,0.372168116219178,               1229P   1879
0.0999999999999979,10.8518411485461,0.363177651377227,              1229P   1880
0.0999999999999979,10.8323636716442,0.,0.0160892143237147,0.,0.,    1229P   1881
0.;                                                                 1229P   1882
126,2,2,0,0,0,0,-2.40741243048407D-31,-2.40741243048407D-31,        1231P   1883
-2.40741243048407D-31,1.57079632679489,1.57079632679489,            1231P   1884
1.57079632679489,1.,0.707106781186552,1.,-0.363177651377226,        1231P   1885
0.0999999999999979,10.8323636716442,-0.363177651377226,             1231P   1886
-6.06173267765194D-16,10.8323636716442,-0.453972064221532,          1231P   1887
-1.54390389361936D-15,10.790454548577,-2.40741243048407D-31,        1231P   1888
1.57079632679489,0.,0.,0.;                                          1231P   1889
126,4,2,0,0,0,0,-1.13835214707676,-1.13835214707676,                1233P   1890
-1.13835214707676,-2.77555756156289D-15,-2.77555756156289D-15,      1233P   1891
1.13835214707675,1.13835214707675,1.13835214707675,1.,              1233P   1892
0.842345306472178,1.,0.84234530647221,1.,0.363177651377227,         1233P   1893
0.0999999999999979,10.8323636716442,0.255922694417168,              1233P   1894
0.0999999999999979,10.6000001639128,1.08573008864221D-15,           1233P   1895
0.0999999999999979,10.6000001639128,-0.255922694417166,             1233P   1896
0.0999999999999979,10.6000001639128,-0.363177651377226,             1233P   1897
0.0999999999999979,10.8323636716442,-1.13835214707676,              1233P   1898
1.13835214707675,0.,0.,0.;                                          1233P   1899
126,2,2,0,0,0,0,0.,0.,0.,1.39186101822003,1.39186101822003,         1235P   1900
1.39186101822003,1.,0.767457484884127,1.,-0.390035188206564,        1235P   1901
0.199999999999996,10.9112727613774,-0.408564919484673,              1235P   1902
0.199999999999996,10.9927272728356,-0.492016865856905,              1235P   1903
0.199999999999996,10.9889908273559,0.,1.39186101822003,0.,0.,0.;    1235P   1904
126,4,3,0,0,1,0,-0.0160891476433161,-0.0160891476433161,            1237P   1905
-0.0160891476433161,-0.0160891476433161,-0.00804457382165804,0.,    1237P   1906
0.,0.,0.,1.,1.,1.,1.,1.,-0.492016865856905,0.199999999999996,       1237P   1907
10.9889908273559,-0.492016865856905,0.146369507855608,              1237P   1908
10.9889908273559,-0.486402102141523,0.0398997912467753,             1237P   1909
10.942712429435,-0.466252452658413,-3.92212144452451D-15,           1237P   1910
10.8395769879734,-0.453972064221533,-3.98986399474666D-15,          1237P   1911
10.790454548577,-0.0160891476433161,0.,0.,0.,0.;                    1237P   1912
126,4,3,0,0,1,0,0.,0.,0.,0.,0.00804457382165804,                    1239P   1913
0.0160891476433161,0.0160891476433161,0.0160891476433161,           1239P   1914
0.0160891476433161,1.,1.,1.,1.,1.,-0.363177651377227,               1239P   1915
0.0999999999999979,10.8323636716442,-0.372168078958951,             1239P   1916
0.0999999999999979,10.8518410678234,-0.386414771331577,             1239P   1917
0.119949895623386,10.8928238104823,-0.390035188206564,              1239P   1918
0.173184753927802,10.9112727613774,-0.390035188206564,              1239P   1919
0.199999999999996,10.9112727613774,0.,0.0160891476433161,0.,0.,     1239P   1920
0.;                                                                 1239P   1921
126,2,2,0,0,0,0,0.,0.,0.,1.39186101822004,1.39186101822004,         1241P   1922
1.39186101822004,1.,0.767457484884062,1.,-0.390035188206566,        1241P   1923
52.5,10.9112727613774,-0.40856491948468,52.5,10.9927272728357,      1241P   1924
-0.492016865856941,52.5,10.9889908273559,0.,1.39186101822004,0.,    1241P   1925
0.,0.;                                                              1241P   1926
126,1,1,0,0,1,0,1.75,1.75,6.98,6.98,1.,1.,-0.492016865856939,       1243P   1927
52.5,10.9889908273559,-0.492016865856939,0.199999999999996,         1243P   1928
10.9889908273559,1.75,6.98,0.,0.,0.;                                1243P   1929
126,1,1,0,0,1,0,-6.98,-6.98,-1.75,-1.75,1.,1.,                      1245P   1930
-0.390035188206566,0.199999999999996,10.9112727613774,              1245P   1931
-0.390035188206566,52.5,10.9112727613774,-6.98,-1.75,0.,0.,0.;      1245P   1932
126,4,3,0,0,1,0,-0.0160892143237146,-0.0160892143237146,            1247P   1933
-0.0160892143237146,-0.0160892143237146,-0.00804460716185728,0.,    1247P   1934
0.,0.,0.,1.,1.,1.,1.,1.,-0.453972064221533,52.7,10.790454548577,    1247P   1935
-0.466252503553662,52.7,10.839577191558,-0.486401283136997,         1247P   1936
52.660104589685,10.9427072845044,-0.492016865856903,                1247P   1937
52.5536307144124,10.9889908273559,-0.492016865856903,52.5,          1247P   1938
10.9889908273559,-0.0160892143237146,0.,0.,0.,0.;                   1247P   1939
126,4,3,0,0,1,0,0.,0.,0.,0.,0.00804460716185728,                    1249P   1940
0.0160892143237146,0.0160892143237146,0.0160892143237146,           1249P   1941
0.0160892143237146,1.,1.,1.,1.,1.,-0.390035188206564,52.5,          1249P   1942
10.9112727613774,-0.390035188206564,52.5268153572062,               1249P   1943
10.9112727613774,-0.386414212198739,52.5800522948425,               1249P   1944
10.892821762976,-0.372168116219177,52.6,10.8518411485461,           1249P   1945
-0.363177651377227,52.6,10.8323636716442,0.,0.0160892143237146,     1249P   1946
0.,0.,0.;                                                           1249P   1947
126,8,2,0,0,0,0,-3.09684891959168,-3.09684891959168,                1251P   1948
-3.09684891959168,-1.54842445979584,-1.54842445979584,              1251P   1949
-1.77635683940025D-15,-1.77635683940025D-15,1.54842445979584,       1251P   1950
1.54842445979584,3.09684891959168,3.09684891959168,                 1251P   1951
3.09684891959168,1.,0.714972027724712,1.,0.714972027724711,1.,      1251P   1952
0.714972027724711,1.,0.714972027724711,1.,-0.492016865856904,       1251P   1953
0.199999999999996,10.9889908273559,-11.2378729996468,               1251P   1954
0.199999999999996,10.5078599811335,-10.9972473624293,               1251P   1955
0.199999999999996,-0.246070009433263,-10.7566217252117,             1251P   1956
0.199999999999996,-11.,-1.88663694938717D-14,0.199999999999996,     1251P   1957
-11.,10.7566217252117,0.199999999999996,-11.,10.9972473624293,      1251P   1958
0.199999999999996,-0.2460700094333,11.2378729996468,                1251P   1959
0.199999999999996,10.5078599811334,0.492016865856941,               1251P   1960
0.199999999999996,10.9889908273559,-3.09684891959168,               1251P   1961
3.09684891959168,0.,0.,0.;                                          1251P   1962
126,8,2,0,0,0,0,-6.23844157318147,-6.23844157318147,                1253P   1963
-6.23844157318147,-4.69001711338563,-4.69001711338563,              1253P   1964
-3.14159265358979,-3.14159265358979,-1.59316819379396,              1253P   1965
-1.59316819379396,-0.044743733998115,-0.044743733998115,            1253P   1966
-0.044743733998115,1.,0.714972027724711,1.,0.714972027724711,1.,    1253P   1967
0.714972027724711,1.,0.714972027724711,1.,0.492016865856905,        1253P   1968
52.5,10.9889908273559,11.2378729996468,52.5,10.5078599811335,       1253P   1969
10.9972473624293,52.5,-0.246070009433266,10.7566217252117,52.5,     1253P   1970
-11.,1.81928137543407D-14,52.5,-11.,-10.7566217252117,52.5,-11.,    1253P   1971
-10.9972473624293,52.5,-0.246070009433297,-11.2378729996468,        1253P   1972
52.5,10.5078599811334,-0.492016865856939,52.5,10.9889908273559,     1253P   1973
-6.23844157318147,-0.044743733998115,0.,0.,0.;                      1253P   1974
126,8,2,0,0,0,0,-6.24113846852606,-6.24113846852606,                1255P   1975
-6.24113846852606,-4.69136556105793,-4.69136556105793,              1255P   1976
-3.14159265358979,-3.14159265358979,-1.59181974612166,              1255P   1977
-1.59181974612166,-0.0420468386535293,-0.0420468386535293,          1255P   1978
-0.0420468386535293,1.,0.714500479597903,1.,0.714500479597903,      1255P   1979
1.,0.714500479597903,1.,0.714500479597903,1.,-0.45397206422153,     1255P   1980
52.7,10.790454548577,-11.0199259787109,52.7,10.3459275930687,       1255P   1981
-10.7976133734412,52.7,-0.227036203465669,-10.5753007681714,        1255P   1982
52.7,-10.8,1.32261854307914D-15,52.7,-10.8,10.5753007681714,        1255P   1983
52.7,-10.8,10.7976133734412,52.7,-0.227036203465673,                1255P   1984
11.0199259787109,52.7,10.3459275930687,0.453972064221532,52.7,      1255P   1985
10.790454548577,-6.24113846852606,-0.0420468386535293,0.,0.,0.;     1255P   1986
126,2,2,0,0,0,0,-3.14159265358979,-3.14159265358979,                1257P   1987
-3.14159265358979,-1.5707963267949,-1.5707963267949,                1257P   1988
-1.5707963267949,1.,0.707106781186547,1.,-7.8,52.7,                 1257P   1989
9.55224503334935D-16,-7.8,52.7,7.8,4.77612251667468D-16,52.7,       1257P   1990
7.8,-3.14159265358979,-1.5707963267949,0.,0.,0.;                    1257P   1991
126,6,2,0,0,0,0,-1.5707963267949,-1.5707963267949,                  1259P   1992
-1.5707963267949,0.,0.,1.5707963267949,1.5707963267949,             1259P   1993
3.14159265358979,3.14159265358979,3.14159265358979,1.,              1259P   1994
0.707106781186548,1.,0.707106781186548,1.,0.707106781186547,1.,     1259P   1995
4.77612251667468D-16,52.7,7.8,7.8,52.7,7.8,7.8,52.7,0.,7.8,52.7,    1259P   1996
-7.8,4.77612251667468D-16,52.7,-7.8,-7.8,52.7,-7.8,-7.8,52.7,       1259P   1997
-9.55224503334935D-16,-1.5707963267949,3.14159265358979,0.,0.,      1259P   1998
0.;                                                                 1259P   1999
126,8,2,0,0,0,0,-6.24113846852606,-6.24113846852606,                1261P   2000
-6.24113846852606,-4.69136556105792,-4.69136556105792,              1261P   2001
-3.14159265358979,-3.14159265358979,-1.59181974612166,              1261P   2002
-1.59181974612166,-0.0420468386535293,-0.0420468386535293,          1261P   2003
-0.0420468386535293,1.,0.714500479597903,1.,0.714500479597903,      1261P   2004
1.,0.714500479597903,1.,0.714500479597903,1.,0.45397206422154,      1261P   2005
77.3,10.790454548577,11.0199259787109,77.3,10.3459275930686,        1261P   2006
10.7976133734412,77.3,-0.227036203465678,10.5753007681714,77.3,     1261P   2007
-10.8,-6.11878200945982D-15,77.3,-10.8,-10.5753007681714,77.3,      1261P   2008
-10.8,-10.7976133734412,77.3,-0.227036203465671,                    1261P   2009
-11.0199259787109,77.3,10.3459275930687,-0.453972064221532,77.3,    1261P   2010
10.790454548577,-6.24113846852606,-0.0420468386535293,0.,0.,0.;     1261P   2011
126,6,2,0,0,0,0,-3.14159265358979,-3.14159265358979,                1263P   2012
-3.14159265358979,-1.5707963267949,-1.5707963267949,0.,0.,          1263P   2013
1.5707963267949,1.5707963267949,1.5707963267949,1.,                 1263P   2014
0.707106781186547,1.,0.707106781186548,1.,0.707106781186548,1.,     1263P   2015
-7.8,77.3,-9.55224503334935D-16,-7.8,77.3,-7.8,                     1263P   2016
4.77612251667468D-16,77.3,-7.8,7.8,77.3,-7.8,7.8,77.3,0.,7.8,       1263P   2017
77.3,7.8,4.77612251667468D-16,77.3,7.8,-3.14159265358979,           1263P   2018
1.5707963267949,0.,0.,0.;                                           1263P   2019
126,2,2,0,0,0,0,1.5707963267949,1.5707963267949,1.5707963267949,    1265P   2020
3.14159265358979,3.14159265358979,3.14159265358979,1.,              1265P   2021
0.707106781186547,1.,4.77612251667468D-16,77.3,7.8,-7.8,77.3,       1265P   2022
7.8,-7.8,77.3,9.55224503334935D-16,1.5707963267949,                 1265P   2023
3.14159265358979,0.,0.,0.;                                          1265P   2024
126,8,2,0,0,0,0,-6.24113846852606,-6.24113846852606,                1267P   2025
-6.24113846852606,-4.69136556105792,-4.69136556105792,              1267P   2026
-3.14159265358979,-3.14159265358979,-1.59181974612166,              1267P   2027
-1.59181974612166,-0.0420468386535293,-0.0420468386535293,          1267P   2028
-0.0420468386535293,1.,0.714500479597903,1.,0.714500479597903,      1267P   2029
1.,0.714500479597903,1.,0.714500479597903,1.,0.45397206422154,      1267P   2030
67.3,10.790454548577,11.0199259787109,67.3,10.3459275930686,        1267P   2031
10.7976133734412,67.3,-0.227036203465678,10.5753007681714,67.3,     1267P   2032
-10.8,-6.11878200945982D-15,67.3,-10.8,-10.5753007681714,67.3,      1267P   2033
-10.8,-10.7976133734412,67.3,-0.227036203465671,                    1267P   2034
-11.0199259787109,67.3,10.3459275930687,-0.453972064221532,67.3,    1267P   2035
10.790454548577,-6.24113846852606,-0.0420468386535293,0.,0.,0.;     1267P   2036
126,6,2,0,0,0,0,-3.14159265358979,-3.14159265358979,                1269P   2037
-3.14159265358979,-1.5707963267949,-1.5707963267949,0.,0.,          1269P   2038
1.5707963267949,1.5707963267949,1.5707963267949,1.,                 1269P   2039
0.707106781186547,1.,0.707106781186548,1.,0.707106781186548,1.,     1269P   2040
-7.8,67.3,-9.55224503334935D-16,-7.8,67.3,-7.8,                     1269P   2041
4.77612251667468D-16,67.3,-7.8,7.8,67.3,-7.8,7.8,67.3,0.,7.8,       1269P   2042
67.3,7.8,4.77612251667468D-16,67.3,7.8,-3.14159265358979,           1269P   2043
1.5707963267949,0.,0.,0.;                                           1269P   2044
126,2,2,0,0,0,0,1.5707963267949,1.5707963267949,1.5707963267949,    1271P   2045
3.14159265358979,3.14159265358979,3.14159265358979,1.,              1271P   2046
0.707106781186547,1.,4.77612251667468D-16,67.3,7.8,-7.8,67.3,       1271P   2047
7.8,-7.8,67.3,9.55224503334935D-16,1.5707963267949,                 1271P   2048
3.14159265358979,0.,0.,0.;                                          1271P   2049
126,6,2,0,0,0,0,-3.14159265358979,-3.14159265358979,                1273P   2050
-3.14159265358979,-1.5707963267949,-1.5707963267949,0.,0.,          1273P   2051
1.5707963267949,1.5707963267949,1.5707963267949,1.,                 1273P   2052
0.707106781186547,1.,0.707106781186548,1.,0.707106781186548,1.,     1273P   2053
-7.8,57.3,-9.55224503334935D-16,-7.8,57.3,-7.8,                     1273P   2054
4.77612251667468D-16,57.3,-7.8,7.8,57.3,-7.8,7.8,57.3,0.,7.8,       1273P   2055
57.3,7.8,4.77612251667468D-16,57.3,7.8,-3.14159265358979,           1273P   2056
1.5707963267949,0.,0.,0.;                                           1273P   2057
126,2,2,0,0,0,0,1.5707963267949,1.5707963267949,1.5707963267949,    1275P   2058
3.14159265358979,3.14159265358979,3.14159265358979,1.,              1275P   2059
0.707106781186547,1.,4.77612251667468D-16,57.3,7.8,-7.8,57.3,       1275P   2060
7.8,-7.8,57.3,9.55224503334935D-16,1.5707963267949,                 1275P   2061
3.14159265358979,0.,0.,0.;                                          1275P   2062
126,2,2,0,0,0,0,-3.14159265358979,-3.14159265358979,                1277P   2063
-3.14159265358979,-1.5707963267949,-1.5707963267949,                1277P   2064
-1.5707963267949,1.,0.707106781186547,1.,6.4,10.,                   1277P   2065
3.91886975727153D-16,6.4,10.,6.4,0.,10.,6.4,-3.14159265358979,      1277P   2066
-1.5707963267949,0.,0.,0.;                                          1277P   2067
126,2,2,0,0,0,0,-1.5707963267949,-1.5707963267949,                  1279P   2068
-1.5707963267949,0.,0.,0.,1.,0.707106781186545,1.,0.,10.,6.4,0.,    1279P   2069
10.,6.6,0.,10.2,6.6,-1.5707963267949,0.,0.,0.,0.;                   1279P   2070
126,6,2,0,0,0,0,-1.5707963267949,-1.5707963267949,                  1281P   2071
-1.5707963267949,0.,0.,1.5707963267949,1.5707963267949,             1281P   2072
3.14159265358979,3.14159265358979,3.14159265358979,1.,              1281P   2073
0.707106781186548,1.,0.707106781186548,1.,0.707106781186547,1.,     1281P   2074
0.,10.,6.4,-6.4,10.,6.4,-6.4,10.,3.91886975727153D-16,-6.4,10.,     1281P   2075
-6.4,-7.83773951454306D-16,10.,-6.4,6.4,10.,-6.4,6.4,10.,           1281P   2076
-1.17566092718146D-15,-1.5707963267949,3.14159265358979,0.,0.,      1281P   2077
0.;                                                                 1281P   2078
126,8,2,0,0,0,0,-6.24113846852606,-6.24113846852606,                1283P   2079
-6.24113846852606,-4.69136556105792,-4.69136556105792,              1283P   2080
-3.14159265358979,-3.14159265358979,-1.59181974612166,              1283P   2081
-1.59181974612166,-0.0420468386535293,-0.0420468386535293,          1283P   2082
-0.0420468386535293,1.,0.714500479597903,1.,0.714500479597903,      1283P   2083
1.,0.714500479597903,1.,0.714500479597903,1.,0.45397206422154,      1283P   2084
87.3,10.790454548577,11.0199259787109,87.3,10.3459275930686,        1283P   2085
10.7976133734412,87.3,-0.227036203465678,10.5753007681714,87.3,     1283P   2086
-10.8,-6.11878200945982D-15,87.3,-10.8,-10.5753007681714,87.3,      1283P   2087
-10.8,-10.7976133734412,87.3,-0.227036203465671,                    1283P   2088
-11.0199259787109,87.3,10.3459275930687,-0.453972064221532,87.3,    1283P   2089
10.790454548577,-6.24113846852606,-0.0420468386535293,0.,0.,0.;     1283P   2090
126,6,2,0,0,0,0,-3.14159265358979,-3.14159265358979,                1285P   2091
-3.14159265358979,-1.5707963267949,-1.5707963267949,0.,0.,          1285P   2092
1.5707963267949,1.5707963267949,1.5707963267949,1.,                 1285P   2093
0.707106781186547,1.,0.707106781186548,1.,0.707106781186548,1.,     1285P   2094
-7.8,87.3,-9.55224503334935D-16,-7.8,87.3,-7.8,                     1285P   2095
4.77612251667468D-16,87.3,-7.8,7.8,87.3,-7.8,7.8,87.3,0.,7.8,       1285P   2096
87.3,7.8,4.77612251667468D-16,87.3,7.8,-3.14159265358979,           1285P   2097
1.5707963267949,0.,0.,0.;                                           1285P   2098
126,2,2,0,0,0,0,1.5707963267949,1.5707963267949,1.5707963267949,    1287P   2099
3.14159265358979,3.14159265358979,3.14159265358979,1.,              1287P   2100
0.707106781186547,1.,4.77612251667468D-16,87.3,7.8,-7.8,87.3,       1287P   2101
7.8,-7.8,87.3,9.55224503334935D-16,1.5707963267949,                 1287P   2102
3.14159265358979,0.,0.,0.;                                          1287P   2103
126,2,2,0,0,0,0,1.5707963267949,1.5707963267949,1.5707963267949,    1289P   2104
3.14159265358979,3.14159265358979,3.14159265358979,1.,              1289P   2105
0.707106781186526,1.,0.,87.3,7.8,0.,87.3,7.6,0.,87.1,7.6,           1289P   2106
1.5707963267949,3.14159265358979,0.,0.,0.;                          1289P   2107
126,6,2,0,0,0,0,-1.5707963267949,-1.5707963267949,                  1291P   2108
-1.5707963267949,0.,0.,1.5707963267949,1.5707963267949,             1291P   2109
3.14159265358979,3.14159265358979,3.14159265358979,1.,              1291P   2110
0.707106781186548,1.,0.707106781186548,1.,0.707106781186548,1.,     1291P   2111
4.65365783675994D-16,87.1,7.6,7.6,87.1,7.6,7.6,87.1,0.,7.6,87.1,    1291P   2112
-7.6,4.65365783675994D-16,87.1,-7.6,-7.6,87.1,-7.6,-7.6,87.1,       1291P   2113
-9.30731567351989D-16,-1.5707963267949,3.14159265358979,0.,0.,      1291P   2114
0.;                                                                 1291P   2115
126,2,2,0,0,0,0,-3.14159265358979,-3.14159265358979,                1293P   2116
-3.14159265358979,-1.5707963267949,-1.5707963267949,                1293P   2117
-1.5707963267949,1.,0.707106781186548,1.,-7.6,87.1,                 1293P   2118
9.30731567351989D-16,-7.6,87.1,7.6,4.65365783675994D-16,87.1,       1293P   2119
7.6,-3.14159265358979,-1.5707963267949,0.,0.,0.;                    1293P   2120
126,6,2,0,0,0,0,-3.14159265358979,-3.14159265358979,                1295P   2121
-3.14159265358979,-1.5707963267949,-1.5707963267949,0.,0.,          1295P   2122
1.5707963267949,1.5707963267949,1.5707963267949,1.,                 1295P   2123
0.707106781186548,1.,0.707106781186548,1.,0.707106781186548,1.,     1295P   2124
-7.6,82.9,-9.30731567351989D-16,-7.6,82.9,-7.6,                     1295P   2125
4.65365783675994D-16,82.9,-7.6,7.6,82.9,-7.6,7.6,82.9,0.,7.6,       1295P   2126
82.9,7.6,4.65365783675994D-16,82.9,7.6,-3.14159265358979,           1295P   2127
1.5707963267949,0.,0.,0.;                                           1295P   2128
126,1,1,0,0,1,0,0.0263157894736837,0.0263157894736837,              1297P   2129
0.578947368421054,0.578947368421054,1.,1.,-7.6,82.9,0.,-7.6,        1297P   2130
87.1,0.,0.0263157894736837,0.578947368421054,0.,0.,0.;              1297P   2131
126,2,2,0,0,0,0,1.5707963267949,1.5707963267949,1.5707963267949,    1299P   2132
3.14159265358979,3.14159265358979,3.14159265358979,1.,              1299P   2133
0.707106781186548,1.,4.65365783675994D-16,82.9,7.6,-7.6,82.9,       1299P   2134
7.6,-7.6,82.9,9.30731567351989D-16,1.5707963267949,                 1299P   2135
3.14159265358979,0.,0.,0.;                                          1299P   2136
126,2,2,0,0,0,0,-3.14159265358979,-3.14159265358979,                1301P   2137
-3.14159265358979,-1.57079632679489,-1.57079632679489,              1301P   2138
-1.57079632679489,1.,0.707106781186531,1.,0.,82.9,7.6,0.,82.7,      1301P   2139
7.6,0.,82.7,7.8,-3.14159265358979,-1.57079632679489,0.,0.,0.;       1301P   2140
126,2,2,0,0,0,0,1.5707963267949,1.5707963267949,1.5707963267949,    1303P   2141
3.14159265358979,3.14159265358979,3.14159265358979,1.,              1303P   2142
0.707106781186526,1.,0.,77.3,7.8,0.,77.3,7.6,0.,77.1,7.6,           1303P   2143
1.5707963267949,3.14159265358979,0.,0.,0.;                          1303P   2144
126,6,2,0,0,0,0,-1.5707963267949,-1.5707963267949,                  1305P   2145
-1.5707963267949,0.,0.,1.5707963267949,1.5707963267949,             1305P   2146
3.14159265358979,3.14159265358979,3.14159265358979,1.,              1305P   2147
0.707106781186548,1.,0.707106781186548,1.,0.707106781186548,1.,     1305P   2148
4.65365783675994D-16,77.1,7.6,7.6,77.1,7.6,7.6,77.1,0.,7.6,77.1,    1305P   2149
-7.6,4.65365783675994D-16,77.1,-7.6,-7.6,77.1,-7.6,-7.6,77.1,       1305P   2150
-9.30731567351989D-16,-1.5707963267949,3.14159265358979,0.,0.,      1305P   2151
0.;                                                                 1305P   2152
126,2,2,0,0,0,0,-3.14159265358979,-3.14159265358979,                1307P   2153
-3.14159265358979,-1.5707963267949,-1.5707963267949,                1307P   2154
-1.5707963267949,1.,0.707106781186548,1.,-7.6,77.1,                 1307P   2155
9.30731567351989D-16,-7.6,77.1,7.6,4.65365783675994D-16,77.1,       1307P   2156
7.6,-3.14159265358979,-1.5707963267949,0.,0.,0.;                    1307P   2157
126,6,2,0,0,0,0,-3.14159265358979,-3.14159265358979,                1309P   2158
-3.14159265358979,-1.5707963267949,-1.5707963267949,0.,0.,          1309P   2159
1.5707963267949,1.5707963267949,1.5707963267949,1.,                 1309P   2160
0.707106781186548,1.,0.707106781186548,1.,0.707106781186548,1.,     1309P   2161
-7.6,72.9,-9.30731567351989D-16,-7.6,72.9,-7.6,                     1309P   2162
4.65365783675994D-16,72.9,-7.6,7.6,72.9,-7.6,7.6,72.9,0.,7.6,       1309P   2163
72.9,7.6,4.65365783675994D-16,72.9,7.6,-3.14159265358979,           1309P   2164
1.5707963267949,0.,0.,0.;                                           1309P   2165
126,1,1,0,0,1,0,0.0263157894736837,0.0263157894736837,              1311P   2166
0.578947368421053,0.578947368421053,1.,1.,-7.6,72.9,0.,-7.6,        1311P   2167
77.1,0.,0.0263157894736837,0.578947368421053,0.,0.,0.;              1311P   2168
126,2,2,0,0,0,0,1.5707963267949,1.5707963267949,1.5707963267949,    1313P   2169
3.14159265358979,3.14159265358979,3.14159265358979,1.,              1313P   2170
0.707106781186548,1.,4.65365783675994D-16,72.9,7.6,-7.6,72.9,       1313P   2171
7.6,-7.6,72.9,9.30731567351989D-16,1.5707963267949,                 1313P   2172
3.14159265358979,0.,0.,0.;                                          1313P   2173
126,2,2,0,0,0,0,-3.14159265358979,-3.14159265358979,                1315P   2174
-3.14159265358979,-1.57079632679489,-1.57079632679489,              1315P   2175
-1.57079632679489,1.,0.707106781186531,1.,0.,72.9,7.6,0.,72.7,      1315P   2176
7.6,0.,72.7,7.8,-3.14159265358979,-1.57079632679489,0.,0.,0.;       1315P   2177
126,2,2,0,0,0,0,1.5707963267949,1.5707963267949,1.5707963267949,    1317P   2178
3.14159265358979,3.14159265358979,3.14159265358979,1.,              1317P   2179
0.707106781186526,1.,0.,67.3,7.8,0.,67.3,7.6,0.,67.1,7.6,           1317P   2180
1.5707963267949,3.14159265358979,0.,0.,0.;                          1317P   2181
126,6,2,0,0,0,0,-1.5707963267949,-1.5707963267949,                  1319P   2182
-1.5707963267949,0.,0.,1.5707963267949,1.5707963267949,             1319P   2183
3.14159265358979,3.14159265358979,3.14159265358979,1.,              1319P   2184
0.707106781186548,1.,0.707106781186548,1.,0.707106781186548,1.,     1319P   2185
4.65365783675994D-16,67.1,7.6,7.6,67.1,7.6,7.6,67.1,0.,7.6,67.1,    1319P   2186
-7.6,4.65365783675994D-16,67.1,-7.6,-7.6,67.1,-7.6,-7.6,67.1,       1319P   2187
-9.30731567351989D-16,-1.5707963267949,3.14159265358979,0.,0.,      1319P   2188
0.;                                                                 1319P   2189
126,2,2,0,0,0,0,-3.14159265358979,-3.14159265358979,                1321P   2190
-3.14159265358979,-1.5707963267949,-1.5707963267949,                1321P   2191
-1.5707963267949,1.,0.707106781186548,1.,-7.6,67.1,                 1321P   2192
9.30731567351989D-16,-7.6,67.1,7.6,4.65365783675994D-16,67.1,       1321P   2193
7.6,-3.14159265358979,-1.5707963267949,0.,0.,0.;                    1321P   2194
126,6,2,0,0,0,0,-3.14159265358979,-3.14159265358979,                1323P   2195
-3.14159265358979,-1.5707963267949,-1.5707963267949,0.,0.,          1323P   2196
1.5707963267949,1.5707963267949,1.5707963267949,1.,                 1323P   2197
0.707106781186548,1.,0.707106781186548,1.,0.707106781186548,1.,     1323P   2198
-7.6,62.9,-9.30731567351989D-16,-7.6,62.9,-7.6,                     1323P   2199
4.65365783675994D-16,62.9,-7.6,7.6,62.9,-7.6,7.6,62.9,0.,7.6,       1323P   2200
62.9,7.6,4.65365783675994D-16,62.9,7.6,-3.14159265358979,           1323P   2201
1.5707963267949,0.,0.,0.;                                           1323P   2202
126,1,1,0,0,1,0,0.0263157894736837,0.0263157894736837,              1325P   2203
0.578947368421053,0.578947368421053,1.,1.,-7.6,62.9,0.,-7.6,        1325P   2204
67.1,0.,0.0263157894736837,0.578947368421053,0.,0.,0.;              1325P   2205
126,2,2,0,0,0,0,1.5707963267949,1.5707963267949,1.5707963267949,    1327P   2206
3.14159265358979,3.14159265358979,3.14159265358979,1.,              1327P   2207
0.707106781186548,1.,4.65365783675994D-16,62.9,7.6,-7.6,62.9,       1327P   2208
7.6,-7.6,62.9,9.30731567351989D-16,1.5707963267949,                 1327P   2209
3.14159265358979,0.,0.,0.;                                          1327P   2210
126,2,2,0,0,0,0,-3.14159265358979,-3.14159265358979,                1329P   2211
-3.14159265358979,-1.57079632679489,-1.57079632679489,              1329P   2212
-1.57079632679489,1.,0.707106781186531,1.,0.,62.9,7.6,0.,62.7,      1329P   2213
7.6,0.,62.7,7.8,-3.14159265358979,-1.57079632679489,0.,0.,0.;       1329P   2214
126,2,2,0,0,0,0,1.5707963267949,1.5707963267949,1.5707963267949,    1331P   2215
3.14159265358979,3.14159265358979,3.14159265358979,1.,              1331P   2216
0.707106781186526,1.,0.,57.3,7.8,0.,57.3,7.6,0.,57.1,7.6,           1331P   2217
1.5707963267949,3.14159265358979,0.,0.,0.;                          1331P   2218
126,6,2,0,0,0,0,-1.5707963267949,-1.5707963267949,                  1333P   2219
-1.5707963267949,0.,0.,1.5707963267949,1.5707963267949,             1333P   2220
3.14159265358979,3.14159265358979,3.14159265358979,1.,              1333P   2221
0.707106781186548,1.,0.707106781186548,1.,0.707106781186548,1.,     1333P   2222
4.65365783675994D-16,57.1,7.6,7.6,57.1,7.6,7.6,57.1,0.,7.6,57.1,    1333P   2223
-7.6,4.65365783675994D-16,57.1,-7.6,-7.6,57.1,-7.6,-7.6,57.1,       1333P   2224
-9.30731567351989D-16,-1.5707963267949,3.14159265358979,0.,0.,      1333P   2225
0.;                                                                 1333P   2226
126,2,2,0,0,0,0,-3.14159265358979,-3.14159265358979,                1335P   2227
-3.14159265358979,-1.5707963267949,-1.5707963267949,                1335P   2228
-1.5707963267949,1.,0.707106781186548,1.,-7.6,57.1,                 1335P   2229
9.30731567351989D-16,-7.6,57.1,7.6,4.65365783675994D-16,57.1,       1335P   2230
7.6,-3.14159265358979,-1.5707963267949,0.,0.,0.;                    1335P   2231
126,6,2,0,0,0,0,-3.14159265358979,-3.14159265358979,                1337P   2232
-3.14159265358979,-1.5707963267949,-1.5707963267949,0.,0.,          1337P   2233
1.5707963267949,1.5707963267949,1.5707963267949,1.,                 1337P   2234
0.707106781186548,1.,0.707106781186548,1.,0.707106781186548,1.,     1337P   2235
-7.6,52.9,-9.30731567351989D-16,-7.6,52.9,-7.6,                     1337P   2236
4.65365783675994D-16,52.9,-7.6,7.6,52.9,-7.6,7.6,52.9,0.,7.6,       1337P   2237
52.9,7.6,4.65365783675994D-16,52.9,7.6,-3.14159265358979,           1337P   2238
1.5707963267949,0.,0.,0.;                                           1337P   2239
126,1,1,0,0,1,0,0.0263157894736837,0.0263157894736837,              1339P   2240
0.578947368421053,0.578947368421053,1.,1.,-7.6,52.9,0.,-7.6,        1339P   2241
57.1,0.,0.0263157894736837,0.578947368421053,0.,0.,0.;              1339P   2242
126,2,2,0,0,0,0,1.5707963267949,1.5707963267949,1.5707963267949,    1341P   2243
3.14159265358979,3.14159265358979,3.14159265358979,1.,              1341P   2244
0.707106781186548,1.,4.65365783675994D-16,52.9,7.6,-7.6,52.9,       1341P   2245
7.6,-7.6,52.9,9.30731567351989D-16,1.5707963267949,                 1341P   2246
3.14159265358979,0.,0.,0.;                                          1341P   2247
126,2,2,0,0,0,0,-3.14159265358979,-3.14159265358979,                1343P   2248
-3.14159265358979,-1.57079632679489,-1.57079632679489,              1343P   2249
-1.57079632679489,1.,0.707106781186531,1.,0.,52.9,7.6,0.,52.7,      1343P   2250
7.6,0.,52.7,7.8,-3.14159265358979,-1.57079632679489,0.,0.,0.;       1343P   2251
126,2,2,0,0,0,0,-3.14159265358979,-3.14159265358979,                1345P   2252
-3.14159265358979,-1.5707963267949,-1.5707963267949,                1345P   2253
-1.5707963267949,1.,0.707106781186548,1.,-5.,0.1,                   1345P   2254
-6.12323399573677D-16,-5.,0.1,-5.,3.06161699786838D-16,0.1,-5.,     1345P   2255
-3.14159265358979,-1.5707963267949,0.,0.,0.;                        1345P   2256
126,2,2,0,0,0,0,0.,0.,0.,1.5707963267949,1.5707963267949,           1347P   2257
1.5707963267949,1.,0.707106781186538,1.,0.,0.1,-5.,0.,              1347P   2258
-1.74452296424377D-16,-5.,0.,0.,-4.9,0.,1.5707963267949,0.,0.,      1347P   2259
0.;                                                                 1347P   2260
126,2,2,0,0,0,0,1.5707963267949,1.5707963267949,1.5707963267949,    1349P   2261
3.14159265358979,3.14159265358979,3.14159265358979,1.,              1349P   2262
0.707106781186547,1.,3.00038465791102D-16,0.,-4.9,-4.9,0.,-4.9,     1349P   2263
-4.9,0.,-6.00076931582203D-16,1.5707963267949,3.14159265358979,     1349P   2264
0.,0.,0.;                                                           1349P   2265
126,6,2,0,0,0,0,-3.14159265358979,-3.14159265358979,                1351P   2266
-3.14159265358979,-1.5707963267949,-1.5707963267949,0.,0.,          1351P   2267
1.5707963267949,1.5707963267949,1.5707963267949,1.,                 1351P   2268
0.707106781186547,1.,0.707106781186548,1.,0.707106781186548,1.,     1351P   2269
-4.9,0.,6.00076931582203D-16,-4.9,0.,4.9,3.00038465791102D-16,      1351P   2270
0.,4.9,4.9,0.,4.9,4.9,0.,0.,4.9,0.,-4.9,3.00038465791102D-16,0.,    1351P   2271
-4.9,-3.14159265358979,1.5707963267949,0.,0.,0.;                    1351P   2272
126,6,2,0,0,0,0,-1.5707963267949,-1.5707963267949,                  1353P   2273
-1.5707963267949,0.,0.,1.5707963267949,1.5707963267949,             1353P   2274
3.14159265358979,3.14159265358979,3.14159265358979,1.,              1353P   2275
0.707106781186548,1.,0.707106781186548,1.,0.707106781186548,1.,     1353P   2276
3.06161699786838D-16,0.1,-5.,5.,0.1,-5.,5.,0.1,0.,5.,0.1,5.,        1353P   2277
3.06161699786838D-16,0.1,5.,-5.,0.1,5.,-5.,0.1,                     1353P   2278
6.12323399573677D-16,-1.5707963267949,3.14159265358979,0.,0.,0.;    1353P   2279
126,6,2,0,0,0,0,-3.14159265358979,-3.14159265358979,                1355P   2280
-3.14159265358979,-1.5707963267949,-1.5707963267949,0.,0.,          1355P   2281
1.5707963267949,1.5707963267949,1.5707963267949,1.,                 1355P   2282
0.707106781186548,1.,0.707106781186548,1.,0.707106781186548,1.,     1355P   2283
-5.,2.9,6.12323399573677D-16,-5.,2.9,5.,3.06161699786838D-16,       1355P   2284
2.9,5.,5.,2.9,5.,5.,2.9,0.,5.,2.9,-5.,3.06161699786838D-16,2.9,     1355P   2285
-5.,-3.14159265358979,1.5707963267949,0.,0.,0.;                     1355P   2286
126,1,1,0,0,1,0,-0.58,-0.58,-0.02,-0.02,1.,1.,-5.,2.9,0.,-5.,       1357P   2287
0.1,0.,-0.58,-0.02,0.,0.,0.;                                        1357P   2288
126,2,2,0,0,0,0,1.5707963267949,1.5707963267949,1.5707963267949,    1359P   2289
3.14159265358979,3.14159265358979,3.14159265358979,1.,              1359P   2290
0.707106781186548,1.,3.06161699786838D-16,2.9,-5.,-5.,2.9,-5.,      1359P   2291
-5.,2.9,-6.12323399573677D-16,1.5707963267949,3.14159265358979,     1359P   2292
0.,0.,0.;                                                           1359P   2293
126,2,2,0,0,0,0,-3.14159265358979,-3.14159265358979,                1361P   2294
-3.14159265358979,-1.5707963267949,-1.5707963267949,                1361P   2295
-1.5707963267949,1.,0.707106781186547,1.,-4.9,3.,                   1361P   2296
-6.00076931582203D-16,-4.9,3.,-4.9,3.00038465791102D-16,3.,-4.9,    1361P   2297
-3.14159265358979,-1.5707963267949,0.,0.,0.;                        1361P   2298
126,2,2,0,0,0,0,-1.5707963267949,-1.5707963267949,                  1363P   2299
-1.5707963267949,0.,0.,0.,1.,0.707106781186543,1.,0.,3.,-4.9,0.,    1363P   2300
3.,-5.,0.,2.9,-5.,-1.5707963267949,0.,0.,0.,0.;                     1363P   2301
126,6,2,0,0,0,0,-1.5707963267949,-1.5707963267949,                  1365P   2302
-1.5707963267949,0.,0.,1.5707963267949,1.5707963267949,             1365P   2303
3.14159265358979,3.14159265358979,3.14159265358979,1.,              1365P   2304
0.707106781186548,1.,0.707106781186548,1.,0.707106781186547,1.,     1365P   2305
3.00038465791102D-16,3.,-4.9,4.9,3.,-4.9,4.9,3.,0.,4.9,3.,4.9,      1365P   2306
3.00038465791102D-16,3.,4.9,-4.9,3.,4.9,-4.9,3.,                    1365P   2307
6.00076931582203D-16,-1.5707963267949,3.14159265358979,0.,0.,0.;    1365P   2308
126,2,2,0,0,0,0,-3.14159265358979,-3.14159265358979,                1367P   2309
-3.14159265358979,-1.5707963267949,-1.5707963267949,                1367P   2310
-1.5707963267949,1.,0.707106781186548,1.,-10.8,4.6,                 1367P   2311
-1.32261854307914D-15,-10.8,4.6,-10.8,6.61309271539571D-16,4.6,     1367P   2312
-10.8,-3.14159265358979,-1.5707963267949,0.,0.,0.;                  1367P   2313
126,2,2,0,0,0,0,-1.5707963267949,-1.5707963267949,                  1369P   2314
-1.5707963267949,0.,0.,0.,1.,0.707106781186564,1.,0.,4.6,-10.8,     1369P   2315
0.,4.6,-11.,0.,4.4,-11.,-1.5707963267949,0.,0.,0.,0.;               1369P   2316
126,2,2,0,0,0,0,1.5707963267949,1.5707963267949,1.5707963267949,    1371P   2317
3.14159265358979,3.14159265358979,3.14159265358979,1.,              1371P   2318
0.707106781186548,1.,6.73555739531044D-16,4.4,-11.,-11.,4.4,        1371P   2319
-11.,-11.,4.4,-1.34711147906209D-15,1.5707963267949,                1371P   2320
3.14159265358979,0.,0.,0.;                                          1371P   2321
126,6,2,0,0,0,0,-3.14159265358979,-3.14159265358979,                1373P   2322
-3.14159265358979,-1.5707963267949,-1.5707963267949,0.,0.,          1373P   2323
1.5707963267949,1.5707963267949,1.5707963267949,1.,                 1373P   2324
0.707106781186548,1.,0.707106781186548,1.,0.707106781186548,1.,     1373P   2325
-11.,4.4,1.34711147906209D-15,-11.,4.4,11.,6.73555739531044D-16,    1373P   2326
4.4,11.,11.,4.4,11.,11.,4.4,0.,11.,4.4,-11.,                        1373P   2327
6.73555739531044D-16,4.4,-11.,-3.14159265358979,1.5707963267949,    1373P   2328
0.,0.,0.;                                                           1373P   2329
126,6,2,0,0,0,0,-1.5707963267949,-1.5707963267949,                  1375P   2330
-1.5707963267949,0.,0.,1.5707963267949,1.5707963267949,             1375P   2331
3.14159265358979,3.14159265358979,3.14159265358979,1.,              1375P   2332
0.707106781186548,1.,0.707106781186548,1.,0.707106781186548,1.,     1375P   2333
6.61309271539571D-16,4.6,-10.8,10.8,4.6,-10.8,10.8,4.6,0.,10.8,     1375P   2334
4.6,10.8,6.61309271539571D-16,4.6,10.8,-10.8,4.6,10.8,-10.8,4.6,    1375P   2335
1.32261854307914D-15,-1.5707963267949,3.14159265358979,0.,0.,0.;    1375P   2336
126,1,1,0,0,1,0,-0.4,-0.4,-0.0181818181818182,                      1377P   2337
-0.0181818181818182,1.,1.,-11.,4.4,0.,-11.,0.2,0.,-0.4,             1377P   2338
-0.0181818181818182,0.,0.,0.;                                       1377P   2339
126,6,2,0,0,0,0,-1.5707963267949,-1.5707963267949,                  1379P   2340
-1.5707963267949,0.,0.,1.5707963267949,1.5707963267949,             1379P   2341
3.14159265358979,3.14159265358979,3.14159265358979,1.,              1379P   2342
0.707106781186548,1.,0.707106781186548,1.,0.707106781186548,1.,     1379P   2343
6.73555739531044D-16,0.2,-11.,11.,0.2,-11.,11.,0.2,0.,11.,0.2,      1379P   2344
11.,6.73555739531044D-16,0.2,11.,-11.,0.2,11.,-11.,0.2,             1379P   2345
1.34711147906209D-15,-1.5707963267949,3.14159265358979,0.,0.,0.;    1379P   2346
126,2,2,0,0,0,0,-3.14159265358979,-3.14159265358979,                1381P   2347
-3.14159265358979,-1.5707963267949,-1.5707963267949,                1381P   2348
-1.5707963267949,1.,0.707106781186548,1.,-11.,0.2,                  1381P   2349
-1.34711147906209D-15,-11.,0.2,-11.,6.73555739531044D-16,0.2,       1381P   2350
-11.,-3.14159265358979,-1.5707963267949,0.,0.,0.;                   1381P   2351
126,2,2,0,0,0,0,-3.14159265358979,-3.14159265358979,                1383P   2352
-3.14159265358979,-1.5707963267949,-1.5707963267949,                1383P   2353
-1.5707963267949,1.,0.707106781186547,1.,-7.8,4.6,                  1383P   2354
9.55224503334935D-16,-7.8,4.6,7.8,4.77612251667468D-16,4.6,7.8,     1383P   2355
-3.14159265358979,-1.5707963267949,0.,0.,0.;                        1383P   2356
126,6,2,0,0,0,0,-1.5707963267949,-1.5707963267949,                  1385P   2357
-1.5707963267949,0.,0.,1.5707963267949,1.5707963267949,             1385P   2358
3.14159265358979,3.14159265358979,3.14159265358979,1.,              1385P   2359
0.707106781186548,1.,0.707106781186548,1.,0.707106781186547,1.,     1385P   2360
4.77612251667468D-16,4.6,7.8,7.8,4.6,7.8,7.8,4.6,0.,7.8,4.6,        1385P   2361
-7.8,4.77612251667468D-16,4.6,-7.8,-7.8,4.6,-7.8,-7.8,4.6,          1385P   2362
-9.55224503334935D-16,-1.5707963267949,3.14159265358979,0.,0.,      1385P   2363
0.;                                                                 1385P   2364
126,2,2,0,0,0,0,0.,0.,0.,1.5707963267949,1.5707963267949,           1387P   2365
1.5707963267949,1.,0.707106781186554,1.,0.,0.2,-11.,0.,             1387P   2366
-3.78741836635555D-16,-11.,0.,0.,-10.8,0.,1.5707963267949,0.,0.,    1387P   2367
0.;                                                                 1387P   2368
126,2,2,0,0,0,0,1.5707963267949,1.5707963267949,1.5707963267949,    1389P   2369
3.14159265358979,3.14159265358979,3.14159265358979,1.,              1389P   2370
0.707106781186548,1.,6.61309271539571D-16,0.,-10.8,-10.8,0.,        1389P   2371
-10.8,-10.8,0.,-1.32261854307914D-15,1.5707963267949,               1389P   2372
3.14159265358979,0.,0.,0.;                                          1389P   2373
126,6,2,0,0,0,0,-3.14159265358979,-3.14159265358979,                1391P   2374
-3.14159265358979,-1.5707963267949,-1.5707963267949,0.,0.,          1391P   2375
1.5707963267949,1.5707963267949,1.5707963267949,1.,                 1391P   2376
0.707106781186548,1.,0.707106781186548,1.,0.707106781186548,1.,     1391P   2377
-10.8,0.,1.32261854307914D-15,-10.8,0.,10.8,                        1391P   2378
6.61309271539571D-16,0.,10.8,10.8,0.,10.8,10.8,0.,0.,10.8,0.,       1391P   2379
-10.8,6.61309271539571D-16,0.,-10.8,-3.14159265358979,              1391P   2380
1.5707963267949,0.,0.,0.;                                           1391P   2381
126,6,2,0,0,0,0,-3.14159265358979,-3.14159265358979,                1393P   2382
-3.14159265358979,-1.5707963267949,-1.5707963267949,0.,0.,          1393P   2383
1.5707963267949,1.5707963267949,1.5707963267949,1.,                 1393P   2384
0.707106781186547,1.,0.707106781186548,1.,0.707106781186548,1.,     1393P   2385
-7.8,0.,-9.55224503334935D-16,-7.8,0.,-7.8,4.77612251667468D-16,    1393P   2386
0.,-7.8,7.8,0.,-7.8,7.8,0.,0.,7.8,0.,7.8,4.77612251667468D-16,      1393P   2387
0.,7.8,-3.14159265358979,1.5707963267949,0.,0.,0.;                  1393P   2388
126,2,2,0,0,0,0,1.5707963267949,1.5707963267949,1.5707963267949,    1395P   2389
3.14159265358979,3.14159265358979,3.14159265358979,1.,              1395P   2390
0.707106781186547,1.,4.77612251667468D-16,0.,7.8,-7.8,0.,7.8,       1395P   2391
-7.8,0.,9.55224503334935D-16,1.5707963267949,3.14159265358979,      1395P   2392
0.,0.,0.;                                                           1395P   2393
126,2,2,0,0,0,0,-3.14159265358979,-3.14159265358979,                1397P   2394
-3.14159265358979,-1.5707963267949,-1.5707963267949,                1397P   2395
-1.5707963267949,1.,0.707106781186548,1.,-7.6,0.2,                  1397P   2396
9.30731567351989D-16,-7.6,0.2,7.6,4.65365783675994D-16,0.2,7.6,     1397P   2397
-3.14159265358979,-1.5707963267949,0.,0.,0.;                        1397P   2398
126,2,2,0,0,0,0,-3.14159265358979,-3.14159265358979,                1399P   2399
-3.14159265358979,-1.5707963267949,-1.5707963267949,                1399P   2400
-1.5707963267949,1.,0.707106781186538,1.,0.,0.2,7.6,0.,             1399P   2401
-3.06820881070479D-16,7.6,0.,0.,7.8,-3.14159265358979,              1399P   2402
-1.5707963267949,0.,0.,0.;                                          1399P   2403
126,6,2,0,0,0,0,-1.5707963267949,-1.5707963267949,                  1401P   2404
-1.5707963267949,0.,0.,1.5707963267949,1.5707963267949,             1401P   2405
3.14159265358979,3.14159265358979,3.14159265358979,1.,              1401P   2406
0.707106781186548,1.,0.707106781186548,1.,0.707106781186548,1.,     1401P   2407
4.65365783675994D-16,0.2,7.6,7.6,0.2,7.6,7.6,0.2,0.,7.6,0.2,        1401P   2408
-7.6,4.65365783675994D-16,0.2,-7.6,-7.6,0.2,-7.6,-7.6,0.2,          1401P   2409
-9.30731567351989D-16,-1.5707963267949,3.14159265358979,0.,0.,      1401P   2410
0.;                                                                 1401P   2411
126,6,2,0,0,0,0,-3.14159265358979,-3.14159265358979,                1403P   2412
-3.14159265358979,-1.5707963267949,-1.5707963267949,0.,0.,          1403P   2413
1.5707963267949,1.5707963267949,1.5707963267949,1.,                 1403P   2414
0.707106781186548,1.,0.707106781186548,1.,0.707106781186548,1.,     1403P   2415
-7.6,4.4,-9.30731567351989D-16,-7.6,4.4,-7.6,                       1403P   2416
4.65365783675994D-16,4.4,-7.6,7.6,4.4,-7.6,7.6,4.4,0.,7.6,4.4,      1403P   2417
7.6,4.65365783675994D-16,4.4,7.6,-3.14159265358979,                 1403P   2418
1.5707963267949,0.,0.,0.;                                           1403P   2419
126,1,1,0,0,1,0,-0.578947368421053,-0.578947368421053,              1405P   2420
-0.0263157894736842,-0.0263157894736842,1.,1.,-7.6,4.4,0.,-7.6,     1405P   2421
0.2,0.,-0.578947368421053,-0.0263157894736842,0.,0.,0.;             1405P   2422
126,2,2,0,0,0,0,1.5707963267949,1.5707963267949,1.5707963267949,    1407P   2423
3.14159265358979,3.14159265358979,3.14159265358979,1.,              1407P   2424
0.707106781186548,1.,4.65365783675994D-16,4.4,7.6,-7.6,4.4,7.6,     1407P   2425
-7.6,4.4,9.30731567351989D-16,1.5707963267949,3.14159265358979,     1407P   2426
0.,0.,0.;                                                           1407P   2427
126,2,2,0,0,0,0,1.57079632679489,1.57079632679489,                  1409P   2428
1.57079632679489,3.14159265358979,3.14159265358979,                 1409P   2429
3.14159265358979,1.,0.707106781186543,1.,0.,4.6,7.8,0.,4.6,7.6,     1409P   2430
0.,4.4,7.6,1.57079632679489,3.14159265358979,0.,0.,0.;              1409P   2431
126,8,2,0,1,0,0,-3.14159265358979,-3.14159265358979,                1411P   2432
-3.14159265358979,-1.5707963267949,-1.5707963267949,0.,0.,          1411P   2433
1.5707963267949,1.5707963267949,3.14159265358979,                   1411P   2434
3.14159265358979,3.14159265358979,1.,0.707106781186548,1.,          1411P   2435
0.707106781186548,1.,0.707106781186548,1.,0.707106781186548,1.,     1411P   2436
-5.,80.,-6.12323399573677D-16,-5.,80.,-5.,3.06161699786838D-16,     1411P   2437
80.,-5.,5.,80.,-5.,5.,80.,0.,5.,80.,5.,3.06161699786838D-16,80.,    1411P   2438
5.,-5.,80.,5.,-5.,80.,6.12323399573677D-16,-3.14159265358979,       1411P   2439
3.14159265358979,0.,0.,0.;                                          1411P   2440
126,1,1,0,0,1,0,-16.,-16.,0.,0.,1.,1.,-5.,80.,0.,-5.,0.,0.,-16.,    1413P   2441
0.,0.,0.,0.;                                                        1413P   2442
126,8,2,0,1,0,0,-3.14159265358979,-3.14159265358979,                1415P   2443
-3.14159265358979,-1.5707963267949,-1.5707963267949,0.,0.,          1415P   2444
1.5707963267949,1.5707963267949,3.14159265358979,                   1415P   2445
3.14159265358979,3.14159265358979,1.,0.707106781186548,1.,          1415P   2446
0.707106781186548,1.,0.707106781186548,1.,0.707106781186548,1.,     1415P   2447
-5.,0.,-6.12323399573677D-16,-5.,0.,-5.,3.06161699786838D-16,0.,    1415P   2448
-5.,5.,0.,-5.,5.,0.,0.,5.,0.,5.,3.06161699786838D-16,0.,5.,-5.,     1415P   2449
0.,5.,-5.,0.,6.12323399573677D-16,-3.14159265358979,                1415P   2450
3.14159265358979,0.,0.,0.;                                          1415P   2451
126,8,2,0,1,0,0,-3.14159265358979,-3.14159265358979,                1417P   2452
-3.14159265358979,-1.5707963267949,-1.5707963267949,0.,0.,          1417P   2453
1.5707963267949,1.5707963267949,3.14159265358979,                   1417P   2454
3.14159265358979,3.14159265358979,1.,0.707106781186548,1.,          1417P   2455
0.707106781186548,1.,0.707106781186548,1.,0.707106781186548,1.,     1417P   2456
-6.,80.,7.34788079488412D-16,-6.,80.,6.,3.67394039744206D-16,       1417P   2457
80.,6.,6.,80.,6.,6.,80.,0.,6.,80.,-6.,3.67394039744206D-16,80.,     1417P   2458
-6.,-6.,80.,-6.,-6.,80.,-7.34788079488412D-16,-3.14159265358979,    1417P   2459
3.14159265358979,0.,0.,0.;                                          1417P   2460
126,1,1,0,0,1,0,-13.3333333333333,-13.3333333333333,0.,0.,1.,1.,    1419P   2461
-6.,80.,0.,-6.,0.,0.,-13.3333333333333,0.,0.,0.,0.;                 1419P   2462
126,8,2,0,1,0,0,-3.14159265358979,-3.14159265358979,                1421P   2463
-3.14159265358979,-1.5707963267949,-1.5707963267949,0.,0.,          1421P   2464
1.5707963267949,1.5707963267949,3.14159265358979,                   1421P   2465
3.14159265358979,3.14159265358979,1.,0.707106781186548,1.,          1421P   2466
0.707106781186548,1.,0.707106781186548,1.,0.707106781186548,1.,     1421P   2467
-6.,0.,7.34788079488412D-16,-6.,0.,6.,3.67394039744206D-16,0.,      1421P   2468
6.,6.,0.,6.,6.,0.,0.,6.,0.,-6.,3.67394039744206D-16,0.,-6.,-6.,     1421P   2469
0.,-6.,-6.,0.,-7.34788079488412D-16,-3.14159265358979,              1421P   2470
3.14159265358979,0.,0.,0.;                                          1421P   2471
126,8,2,0,1,0,0,-3.14159265358979,-3.14159265358979,                1423P   2472
-3.14159265358979,-1.5707963267949,-1.5707963267949,0.,0.,          1423P   2473
1.5707963267949,1.5707963267949,3.14159265358979,                   1423P   2474
3.14159265358979,3.14159265358979,1.,0.707106781186548,1.,          1423P   2475
0.707106781186548,1.,0.707106781186548,1.,0.707106781186548,1.,     1423P   2476
-5.,10.,6.12323399573677D-16,-5.,10.,5.,3.06161699786838D-16,       1423P   2477
10.,5.,5.,10.,5.,5.,10.,0.,5.,10.,-5.,3.06161699786838D-16,10.,     1423P   2478
-5.,-5.,10.,-5.,-5.,10.,-6.12323399573677D-16,-3.14159265358979,    1423P   2479
3.14159265358979,0.,0.,0.;                                          1423P   2480
126,1,1,0,0,1,0,-2.,-2.,0.,0.,1.,1.,-5.,10.,0.,-5.,0.,0.,-2.,0.,    1425P   2481
0.,0.,0.;                                                           1425P   2482
126,8,2,0,1,0,0,-3.14159265358979,-3.14159265358979,                1427P   2483
-3.14159265358979,-1.5707963267949,-1.5707963267949,0.,0.,          1427P   2484
1.5707963267949,1.5707963267949,3.14159265358979,                   1427P   2485
3.14159265358979,3.14159265358979,1.,0.707106781186548,1.,          1427P   2486
0.707106781186548,1.,0.707106781186548,1.,0.707106781186548,1.,     1427P   2487
-5.,0.,6.12323399573677D-16,-5.,0.,5.,3.06161699786838D-16,0.,      1427P   2488
5.,5.,0.,5.,5.,0.,0.,5.,0.,-5.,3.06161699786838D-16,0.,-5.,-5.,     1427P   2489
0.,-5.,-5.,0.,-6.12323399573677D-16,-3.14159265358979,              1427P   2490
3.14159265358979,0.,0.,0.;                                          1427P   2491
126,6,2,0,0,0,0,-3.14159265358979,-3.14159265358979,                1429P   2492
-3.14159265358979,-1.5707963267949,-1.5707963267949,0.,0.,          1429P   2493
1.5707963267949,1.5707963267949,1.5707963267949,1.,                 1429P   2494
0.707106781186548,1.,0.707106781186548,1.,0.707106781186548,1.,     1429P   2495
-1.,0.2,-1.22464679914735D-16,-1.,0.2,-1.,6.12323399573677D-17,     1429P   2496
0.2,-1.,1.,0.2,-1.,1.,0.2,0.,1.,0.2,1.,6.12323399573677D-17,0.2,    1429P   2497
1.,-3.14159265358979,1.5707963267949,0.,0.,0.;                      1429P   2498
126,2,2,0,0,0,0,-3.14159265358979,-3.14159265358979,                1431P   2499
-3.14159265358979,-1.5707963267949,-1.5707963267949,                1431P   2500
-1.5707963267949,1.,0.707106781186547,1.,0.,0.2,1.,0.,              1431P   2501
-1.35430201643971D-16,1.,0.,0.,1.2,-3.14159265358979,               1431P   2502
-1.5707963267949,0.,0.,0.;                                          1431P   2503
126,6,2,0,0,0,0,-1.5707963267949,-1.5707963267949,                  1433P   2504
-1.5707963267949,0.,0.,1.5707963267949,1.5707963267949,             1433P   2505
3.14159265358979,3.14159265358979,3.14159265358979,1.,              1433P   2506
0.707106781186549,1.,0.707106781186549,1.,0.707106781186548,1.,     1433P   2507
7.34788079488412D-17,0.,1.2,1.2,0.,1.2,1.2,0.,0.,1.2,0.,-1.2,       1433P   2508
7.34788079488412D-17,0.,-1.2,-1.2,0.,-1.2,-1.2,0.,                  1433P   2509
-1.46957615897682D-16,-1.5707963267949,3.14159265358979,0.,0.,      1433P   2510
0.;                                                                 1433P   2511
126,2,2,0,0,0,0,-3.14159265358979,-3.14159265358979,                1435P   2512
-3.14159265358979,-1.5707963267949,-1.5707963267949,                1435P   2513
-1.5707963267949,1.,0.707106781186548,1.,-1.2,0.,                   1435P   2514
1.46957615897682D-16,-1.2,0.,1.2,7.34788079488412D-17,0.,1.2,       1435P   2515
-3.14159265358979,-1.5707963267949,0.,0.,0.;                        1435P   2516
126,2,2,0,0,0,0,1.5707963267949,1.5707963267949,1.5707963267949,    1437P   2517
3.14159265358979,3.14159265358979,3.14159265358979,1.,              1437P   2518
0.707106781186548,1.,6.12323399573677D-17,0.2,1.,-1.,0.2,1.,-1.,    1437P   2519
0.2,1.22464679914735D-16,1.5707963267949,3.14159265358979,0.,0.,    1437P   2520
0.;                                                                 1437P   2521
126,1,1,0,0,1,0,0.2,0.2,19.8,19.8,1.,1.,-1.,0.2,0.,-1.,19.8,0.,     1439P   2522
0.2,19.8,0.,0.,0.;                                                  1439P   2523
126,2,2,0,0,0,0,1.5707963267949,1.5707963267949,1.5707963267949,    1441P   2524
3.14159265358979,3.14159265358979,3.14159265358979,1.,              1441P   2525
0.707106781186548,1.,6.12323399573677D-17,19.8,-1.,-1.,19.8,-1.,    1441P   2526
-1.,19.8,-1.22464679914735D-16,1.5707963267949,3.14159265358979,    1441P   2527
0.,0.,0.;                                                           1441P   2528
126,6,2,0,0,0,0,-3.14159265358979,-3.14159265358979,                1443P   2529
-3.14159265358979,-1.5707963267949,-1.5707963267949,0.,0.,          1443P   2530
1.5707963267949,1.5707963267949,1.5707963267949,1.,                 1443P   2531
0.707106781186548,1.,0.707106781186548,1.,0.707106781186548,1.,     1443P   2532
-1.,19.8,1.22464679914735D-16,-1.,19.8,1.,6.12323399573677D-17,     1443P   2533
19.8,1.,1.,19.8,1.,1.,19.8,0.,1.,19.8,-1.,6.12323399573677D-17,     1443P   2534
19.8,-1.,-3.14159265358979,1.5707963267949,0.,0.,0.;                1443P   2535
126,2,2,0,0,0,0,-3.14159265358979,-3.14159265358979,                1445P   2536
-3.14159265358979,-1.5707963267949,-1.5707963267949,                1445P   2537
-1.5707963267949,1.,0.707106781186548,1.,-1.7,0.,                   1445P   2538
-2.0818995585505D-16,-1.7,0.,-1.7,1.04094977927525D-16,0.,-1.7,     1445P   2539
-3.14159265358979,-1.5707963267949,0.,0.,0.;                        1445P   2540
126,6,2,0,0,0,0,-1.5707963267949,-1.5707963267949,                  1447P   2541
-1.5707963267949,0.,0.,1.5707963267949,1.5707963267949,             1447P   2542
3.14159265358979,3.14159265358979,3.14159265358979,1.,              1447P   2543
0.707106781186548,1.,0.707106781186548,1.,0.707106781186548,1.,     1447P   2544
1.04094977927525D-16,0.,-1.7,1.7,0.,-1.7,1.7,0.,0.,1.7,0.,1.7,      1447P   2545
1.04094977927525D-16,0.,1.7,-1.7,0.,1.7,-1.7,0.,                    1447P   2546
2.0818995585505D-16,-1.5707963267949,3.14159265358979,0.,0.,0.;     1447P   2547
126,2,2,0,0,0,0,-3.14159265358979,-3.14159265358979,                1449P   2548
-3.14159265358979,-1.5707963267949,-1.5707963267949,                1449P   2549
-1.5707963267949,1.,0.707106781186548,1.,-0.8,20.,                  1449P   2550
-9.79717439317883D-17,-0.8,20.,-0.8,4.89858719658941D-17,20.,       1449P   2551
-0.8,-3.14159265358979,-1.5707963267949,0.,0.,0.;                   1449P   2552
126,2,2,0,0,0,0,-1.5707963267949,-1.5707963267949,                  1451P   2553
-1.5707963267949,0.,0.,0.,1.,0.707106781186553,1.,0.,20.,-0.8,      1451P   2554
0.,20.,-1.,0.,19.8,-1.,-1.5707963267949,0.,0.,0.,0.;                1451P   2555
126,6,2,0,0,0,0,-1.5707963267949,-1.5707963267949,                  1453P   2556
-1.5707963267949,0.,0.,1.5707963267949,1.5707963267949,             1453P   2557
3.14159265358979,3.14159265358979,3.14159265358979,1.,              1453P   2558
0.707106781186548,1.,0.707106781186548,1.,0.707106781186548,1.,     1453P   2559
4.89858719658941D-17,20.,-0.8,0.8,20.,-0.8,0.8,20.,0.,0.8,20.,      1453P   2560
0.8,4.89858719658941D-17,20.,0.8,-0.8,20.,0.8,-0.8,20.,             1453P   2561
9.79717439317883D-17,-1.5707963267949,3.14159265358979,0.,0.,0.;    1453P   2562
126,2,2,0,0,0,0,-3.14159265358979,-3.14159265358979,                1455P   2563
-3.14159265358979,-1.5707963267949,-1.5707963267949,                1455P   2564
-1.5707963267949,1.,0.707106781186548,1.,-1.7,-1.9,                 1455P   2565
2.0818995585505D-16,-1.7,-1.9,1.7,1.04094977927525D-16,-1.9,1.7,    1455P   2566
-3.14159265358979,-1.5707963267949,0.,0.,0.;                        1455P   2567
126,2,2,0,0,0,0,-1.5707963267949,-1.5707963267949,                  1457P   2568
-1.5707963267949,0.,0.,0.,1.,0.707106781186545,1.,0.,-1.9,1.7,      1457P   2569
0.,-1.9,1.9,0.,-1.7,1.9,-1.5707963267949,0.,0.,0.,0.;               1457P   2570
126,2,2,0,0,0,0,1.5707963267949,1.5707963267949,1.5707963267949,    1459P   2571
3.14159265358979,3.14159265358979,3.14159265358979,1.,              1459P   2572
0.707106781186548,1.,1.16341445918999D-16,-1.7,1.9,-1.9,-1.7,       1459P   2573
1.9,-1.9,-1.7,2.32682891837997D-16,1.5707963267949,                 1459P   2574
3.14159265358979,0.,0.,0.;                                          1459P   2575
126,6,2,0,0,0,0,-3.14159265358979,-3.14159265358979,                1461P   2576
-3.14159265358979,-1.5707963267949,-1.5707963267949,0.,0.,          1461P   2577
1.5707963267949,1.5707963267949,1.5707963267949,1.,                 1461P   2578
0.707106781186548,1.,0.707106781186548,1.,0.707106781186548,1.,     1461P   2579
-1.9,-1.7,-2.32682891837997D-16,-1.9,-1.7,-1.9,                     1461P   2580
1.16341445918999D-16,-1.7,-1.9,1.9,-1.7,-1.9,1.9,-1.7,0.,1.9,       1461P   2581
-1.7,1.9,1.16341445918999D-16,-1.7,1.9,-3.14159265358979,           1461P   2582
1.5707963267949,0.,0.,0.;                                           1461P   2583
126,6,2,0,0,0,0,-1.5707963267949,-1.5707963267949,                  1463P   2584
-1.5707963267949,0.,0.,1.5707963267949,1.5707963267949,             1463P   2585
3.14159265358979,3.14159265358979,3.14159265358979,1.,              1463P   2586
0.707106781186548,1.,0.707106781186548,1.,0.707106781186548,1.,     1463P   2587
1.04094977927525D-16,-1.9,1.7,1.7,-1.9,1.7,1.7,-1.9,0.,1.7,-1.9,    1463P   2588
-1.7,1.04094977927525D-16,-1.9,-1.7,-1.7,-1.9,-1.7,-1.7,-1.9,       1463P   2589
-2.0818995585505D-16,-1.5707963267949,3.14159265358979,0.,0.,0.;    1463P   2590
126,1,1,0,0,1,0,-0.894736842105263,-0.894736842105263,              1465P   2591
-0.105263157894737,-0.105263157894737,1.,1.,-1.9,-1.7,0.,-1.9,      1465P   2592
-0.2,0.,-0.894736842105263,-0.105263157894737,0.,0.,0.;             1465P   2593
126,2,2,0,0,0,0,1.5707963267949,1.5707963267949,1.5707963267949,    1467P   2594
3.14159265358979,3.14159265358979,3.14159265358979,1.,              1467P   2595
0.707106781186548,1.,1.16341445918999D-16,-0.2,-1.9,-1.9,-0.2,      1467P   2596
-1.9,-1.9,-0.2,-2.32682891837997D-16,1.5707963267949,               1467P   2597
3.14159265358979,0.,0.,0.;                                          1467P   2598
126,6,2,0,0,0,0,-3.14159265358979,-3.14159265358979,                1469P   2599
-3.14159265358979,-1.5707963267949,-1.5707963267949,0.,0.,          1469P   2600
1.5707963267949,1.5707963267949,1.5707963267949,1.,                 1469P   2601
0.707106781186548,1.,0.707106781186548,1.,0.707106781186548,1.,     1469P   2602
-1.9,-0.2,2.32682891837997D-16,-1.9,-0.2,1.9,                       1469P   2603
1.16341445918999D-16,-0.2,1.9,1.9,-0.2,1.9,1.9,-0.2,0.,1.9,-0.2,    1469P   2604
-1.9,1.16341445918999D-16,-0.2,-1.9,-3.14159265358979,              1469P   2605
1.5707963267949,0.,0.,0.;                                           1469P   2606
126,1,1,0,0,1,0,-0.0432735026918963,-0.0432735026918963,            1471P   2607
0.118273502691896,0.118273502691896,1.,1.,-1.39903810567666,        1471P   2608
-1.9,-0.807735026918963,6.93889390390723D-16,-1.9,                  1471P   2609
-1.61547005383793,-0.0432735026918963,0.118273502691896,0.,0.,      1471P   2610
0.;                                                                 1471P   2611
126,1,1,0,0,1,0,-0.0432735026918963,-0.0432735026918963,            1473P   2612
0.118273502691896,0.118273502691896,1.,1.,-1.39903810567666,        1473P   2613
-1.9,0.807735026918963,-1.39903810567666,-1.9,                      1473P   2614
-0.807735026918963,-0.0432735026918963,0.118273502691896,0.,0.,     1473P   2615
0.;                                                                 1473P   2616
126,1,1,0,0,1,0,-0.0432735026918963,-0.0432735026918963,            1475P   2617
0.118273502691896,0.118273502691896,1.,1.,-6.93889390390723D-16,    1475P   2618
-1.9,1.61547005383793,-1.39903810567666,-1.9,0.807735026918962,     1475P   2619
-0.0432735026918963,0.118273502691896,0.,0.,0.;                     1475P   2620
126,1,1,0,0,1,0,-0.0432735026918963,-0.0432735026918963,            1477P   2621
0.118273502691896,0.118273502691896,1.,1.,1.39903810567666,-1.9,    1477P   2622
0.807735026918963,-8.32667268468867D-16,-1.9,1.61547005383793,      1477P   2623
-0.0432735026918963,0.118273502691896,0.,0.,0.;                     1477P   2624
126,1,1,0,0,1,0,-0.0432735026918963,-0.0432735026918963,            1479P   2625
0.118273502691896,0.118273502691896,1.,1.,1.39903810567666,-1.9,    1479P   2626
-0.807735026918963,1.39903810567666,-1.9,0.807735026918963,         1479P   2627
-0.0432735026918963,0.118273502691896,0.,0.,0.;                     1479P   2628
126,1,1,0,0,1,0,-0.0432735026918963,-0.0432735026918963,            1481P   2629
0.118273502691896,0.118273502691896,1.,1.,4.85722573273506D-16,     1481P   2630
-1.9,-1.61547005383793,1.39903810567666,-1.9,-0.807735026918963,    1481P   2631
-0.0432735026918963,0.118273502691896,0.,0.,0.;                     1481P   2632
126,2,2,0,0,0,0,-1.5707963267949,-1.5707963267949,                  1483P   2633
-1.5707963267949,0.,0.,0.,1.,0.707106781186548,1.,0.,0.,-1.7,0.,    1483P   2634
1.77513913422245D-16,-1.9,0.,-0.2,-1.9,-1.5707963267949,0.,0.,      1483P   2635
0.,0.;                                                              1483P   2636
126,1,1,0,0,1,0,-0.106726497308104,-0.106726497308104,              1485P   2637
0.0317264973081037,0.0317264973081037,1.,1.,                        1485P   2638
-2.77555756156289D-16,-1.,1.38452994616207,1.19903810567666,-1.,    1485P   2639
0.692264973081038,-0.106726497308104,0.0317264973081037,0.,0.,      1485P   2640
0.;                                                                 1485P   2641
126,1,1,0,0,1,0,0.,0.,0.0152752523165195,0.0152752523165195,1.,     1487P   2642
1.,1.19903810567666,-1.,0.692264973081038,1.29903810567666,-1.1,    1487P   2643
0.750000000000001,0.,0.0152752523165195,0.,0.,0.;                   1487P   2644
126,1,1,0,0,1,0,-0.0375,-0.0375,0.1125,0.1125,1.,1.,                1489P   2645
1.29903810567666,-1.1,0.750000000000001,-5.55111512312578D-16,      1489P   2646
-1.1,1.5,-0.0375,0.1125,0.,0.,0.;                                   1489P   2647
126,1,1,0,0,1,0,0.,0.,0.0152752523165195,0.0152752523165195,1.,     1491P   2648
1.,-4.16333634234434D-16,-1.,1.38452994616208,                      1491P   2649
-5.55111512312578D-16,-1.1,1.5,0.,0.0152752523165195,0.,0.,0.;      1491P   2650
126,1,1,0,0,1,0,-0.106726497308104,-0.106726497308104,              1493P   2651
0.0317264973081037,0.0317264973081037,1.,1.,1.19903810567666,       1493P   2652
-1.,0.692264973081038,1.19903810567666,-1.,-0.692264973081037,      1493P   2653
-0.106726497308104,0.0317264973081037,0.,0.,0.;                     1493P   2654
126,1,1,0,0,1,0,9.08514472969213D-18,9.08514472969213D-18,          1495P   2655
0.0152752523165195,0.0152752523165195,1.,1.,1.19903810567666,       1495P   2656
-1.,-0.692264973081037,1.29903810567666,-1.1,-0.75,                 1495P   2657
9.08514472969213D-18,0.0152752523165195,0.,0.,0.;                   1495P   2658
126,1,1,0,0,1,0,-0.0375,-0.0375,0.1125,0.1125,1.,1.,                1497P   2659
1.29903810567666,-1.1,-0.75,1.29903810567666,-1.1,                  1497P   2660
0.750000000000001,-0.0375,0.1125,0.,0.,0.;                          1497P   2661
126,1,1,0,0,1,0,-0.0375,-0.0375,0.1125,0.1125,1.,1.,                1499P   2662
6.93889390390723D-17,-1.1,-1.5,1.29903810567666,-1.1,-0.75,         1499P   2663
-0.0375,0.1125,0.,0.,0.;                                            1499P   2664
126,1,1,0,0,1,0,-0.106726497308104,-0.106726497308104,              1501P   2665
0.0317264973081038,0.0317264973081038,1.,1.,1.19903810567666,       1501P   2666
-1.,-0.692264973081037,3.46944695195361D-17,-1.,                    1501P   2667
-1.38452994616208,-0.106726497308104,0.0317264973081038,0.,0.,      1501P   2668
0.;                                                                 1501P   2669
126,1,1,0,0,1,0,0.,0.,0.0152752523165195,0.0152752523165195,1.,     1503P   2670
1.,0.,-1.,-1.38452994616208,0.,-1.1,-1.5,0.,0.0152752523165195,     1503P   2671
0.,0.,0.;                                                           1503P   2672
126,1,1,0,0,1,0,-0.0375,-0.0375,0.1125,0.1125,1.,1.,                1505P   2673
-1.29903810567666,-1.1,-0.75,0.,-1.1,-1.5,-0.0375,0.1125,0.,0.,     1505P   2674
0.;                                                                 1505P   2675
126,1,1,0,0,1,0,-0.106726497308104,-0.106726497308104,              1507P   2676
0.0317264973081038,0.0317264973081038,1.,1.,                        1507P   2677
2.77555756156289D-16,-1.,-1.38452994616208,-1.19903810567666,       1507P   2678
-1.,-0.692264973081038,-0.106726497308104,0.0317264973081038,0.,    1507P   2679
0.,0.;                                                              1507P   2680
126,1,1,0,0,1,0,0.,0.,0.0152752523165195,0.0152752523165195,1.,     1509P   2681
1.,-1.19903810567666,-1.,-0.692264973081038,-1.29903810567666,      1509P   2682
-1.1,-0.75,0.,0.0152752523165195,0.,0.,0.;                          1509P   2683
126,1,1,0,0,1,0,-0.0375,-0.0375,0.1125,0.1125,1.,1.,                1511P   2684
-1.29903810567666,-1.1,0.75,-1.29903810567666,-1.1,-0.75,           1511P   2685
-0.0375,0.1125,0.,0.,0.;                                            1511P   2686
126,1,1,0,0,1,0,-0.106726497308104,-0.106726497308104,              1513P   2687
0.0317264973081037,0.0317264973081037,1.,1.,-1.19903810567666,      1513P   2688
-1.,-0.692264973081038,-1.19903810567666,-1.,0.692264973081037,     1513P   2689
-0.106726497308104,0.0317264973081037,0.,0.,0.;                     1513P   2690
126,1,1,0,0,1,0,9.08514472969213D-18,9.08514472969213D-18,          1515P   2691
0.0152752523165195,0.0152752523165195,1.,1.,-1.19903810567666,      1515P   2692
-1.,0.692264973081037,-1.29903810567666,-1.1,0.75,                  1515P   2693
9.08514472969213D-18,0.0152752523165195,0.,0.,0.;                   1515P   2694
126,1,1,0,0,1,0,-0.0375,-0.0375,0.1125,0.1125,1.,1.,                1517P   2695
-5.55111512312578D-16,-1.1,1.5,-1.29903810567666,-1.1,0.75,         1517P   2696
-0.0375,0.1125,0.,0.,0.;                                            1517P   2697
126,1,1,0,0,1,0,-0.106726497308104,-0.106726497308104,              1519P   2698
0.0317264973081037,0.0317264973081037,1.,1.,-1.19903810567666,      1519P   2699
-1.,0.692264973081037,-4.16333634234434D-16,-1.,                    1519P   2700
1.38452994616208,-0.106726497308104,0.0317264973081037,0.,0.,0.;    1519P   2701
126,1,1,0,0,1,0,0.11,0.11,0.18,0.18,1.,1.,-1.29903810567666,        1521P   2702
-1.1,0.75,-1.29903810567666,-1.8,0.75,0.11,0.18,0.,0.,0.;           1521P   2703
126,1,1,0,0,1,0,-0.1125,-0.1125,0.0375,0.0375,1.,1.,                1523P   2704
-1.29903810567666,-1.8,-0.75,-1.29903810567666,-1.8,0.75,           1523P   2705
-0.1125,0.0375,0.,0.,0.;                                            1523P   2706
126,1,1,0,0,1,0,0.11,0.11,0.18,0.18,1.,1.,-1.29903810567666,        1525P   2707
-1.1,-0.75,-1.29903810567666,-1.8,-0.75,0.11,0.18,0.,0.,0.;         1525P   2708
126,1,1,0,0,1,0,0.11,0.11,0.18,0.18,1.,1.,-5.55111512312578D-16,    1527P   2709
-1.1,1.5,-5.55111512312578D-16,-1.8,1.5,0.11,0.18,0.,0.,0.;         1527P   2710
126,1,1,0,0,1,0,-0.1125,-0.1125,0.0375,0.0375,1.,1.,                1529P   2711
-1.29903810567666,-1.8,0.75,-4.16333634234434D-16,-1.8,1.5,         1529P   2712
-0.1125,0.0375,0.,0.,0.;                                            1529P   2713
126,1,1,0,0,1,0,0.11,0.11,0.18,0.18,1.,1.,1.29903810567666,-1.1,    1531P   2714
0.750000000000001,1.29903810567666,-1.8,0.750000000000001,0.11,     1531P   2715
0.18,0.,0.,0.;                                                      1531P   2716
126,1,1,0,0,1,0,-0.1125,-0.1125,0.0375,0.0375,1.,1.,                1533P   2717
-4.16333634234434D-16,-1.8,1.5,1.29903810567666,-1.8,               1533P   2718
0.750000000000001,-0.1125,0.0375,0.,0.,0.;                          1533P   2719
126,1,1,0,0,1,0,6.30408553809755D-32,6.30408553809755D-32,          1535P   2720
0.0152752523165195,0.0152752523165195,1.,1.,                        1535P   2721
6.93889390390723D-16,-1.9,-1.61547005383793,                        1535P   2722
-1.23259516440783D-31,-1.8,-1.5,6.30408553809755D-32,               1535P   2723
0.0152752523165195,0.,0.,0.;                                        1535P   2724
126,1,1,0,0,1,0,-0.1125,-0.1125,0.0375,0.0375,1.,1.,0.,-1.8,        1537P   2725
-1.5,-1.29903810567666,-1.8,-0.75,-0.1125,0.0375,0.,0.,0.;          1537P   2726
126,1,1,0,0,1,0,0.,0.,0.0152752523165195,0.0152752523165195,1.,     1539P   2727
1.,-1.29903810567666,-1.8,-0.75,-1.39903810567666,-1.9,             1539P   2728
-0.807735026918963,0.,0.0152752523165195,0.,0.,0.;                  1539P   2729
126,1,1,0,0,1,0,0.,0.,0.0152752523165195,0.0152752523165195,1.,     1541P   2730
1.,-1.29903810567666,-1.8,0.75,-1.39903810567666,-1.9,              1541P   2731
0.807735026918963,0.,0.0152752523165195,0.,0.,0.;                   1541P   2732
126,1,1,0,0,1,0,0.,0.,0.0152752523165195,0.0152752523165195,1.,     1543P   2733
1.,-5.55111512312578D-16,-1.8,1.5,-8.32667268468867D-16,-1.9,       1543P   2734
1.61547005383793,0.,0.0152752523165195,0.,0.,0.;                    1543P   2735
126,1,1,0,0,1,0,0.,0.,0.0152752523165195,0.0152752523165195,1.,     1545P   2736
1.,1.29903810567666,-1.8,0.750000000000001,1.39903810567666,        1545P   2737
-1.9,0.807735026918963,0.,0.0152752523165195,0.,0.,0.;              1545P   2738
126,1,1,0,0,1,0,-0.1125,-0.1125,0.0375,0.0375,1.,1.,                1547P   2739
1.29903810567666,-1.8,0.750000000000001,1.29903810567666,-1.8,      1547P   2740
-0.75,-0.1125,0.0375,0.,0.,0.;                                      1547P   2741
126,1,1,0,0,1,0,0.,0.,0.0152752523165195,0.0152752523165195,1.,     1549P   2742
1.,1.29903810567666,-1.8,-0.75,1.39903810567666,-1.9,               1549P   2743
-0.807735026918963,0.,0.0152752523165195,0.,0.,0.;                  1549P   2744
126,1,1,0,0,1,0,-0.1125,-0.1125,0.0375,0.0375,1.,1.,                1551P   2745
1.29903810567666,-1.8,-0.749999999999999,0.,-1.8,-1.5,-0.1125,      1551P   2746
0.0375,0.,0.,0.;                                                    1551P   2747
126,1,1,0,0,1,0,0.11,0.11,0.18,0.18,1.,1.,0.,-1.1,-1.5,0.,-1.8,     1553P   2748
-1.5,0.11,0.18,0.,0.,0.;                                            1553P   2749
126,1,1,0,0,1,0,0.11,0.11,0.18,0.18,1.,1.,1.29903810567666,-1.1,    1555P   2750
-0.75,1.29903810567666,-1.8,-0.75,0.11,0.18,0.,0.,0.;               1555P   2751
128,2,8,2,2,0,1,0,0,1,0.,0.,0.,1.57079632679491,                    1557P   2752
1.57079632679491,1.57079632679491,-3.14159265358979,                1557P   2753
-3.14159265358979,-3.14159265358979,-1.5707963267949,               1557P   2754
-1.5707963267949,0.,0.,1.5707963267949,1.5707963267949,             1557P   2755
3.14159265358979,3.14159265358979,3.14159265358979,1.,              1557P   2756
0.707106781186561,1.,0.707106781186548,0.50000000000001,            1557P   2757
0.707106781186548,1.,0.707106781186561,1.,0.707106781186548,        1557P   2758
0.50000000000001,0.707106781186548,1.,0.707106781186561,1.,         1557P   2759
0.707106781186548,0.50000000000001,0.707106781186548,1.,            1557P   2760
0.707106781186561,1.,0.707106781186548,0.50000000000001,            1557P   2761
0.707106781186548,1.,0.707106781186561,1.,0.,10.,-10.9,0.,10.,      1557P   2762
-11.,0.,9.9,-11.,-10.9,10.,-10.9,-11.,10.,-11.,-11.,9.9,-11.,       1557P   2763
-10.9,10.,0.,-11.,10.,0.,-11.,9.9,0.,-10.9,10.,10.9,-11.,10.,       1557P   2764
11.,-11.,9.9,11.,0.,10.,10.9,0.,10.,11.,0.,9.9,11.,10.9,10.,        1557P   2765
10.9,11.,10.,11.,11.,9.9,11.,10.9,10.,0.,11.,10.,0.,11.,9.9,0.,     1557P   2766
10.9,10.,-10.9,11.,10.,-11.,11.,9.9,-11.,0.,10.,-10.9,0.,10.,       1557P   2767
-11.,0.,9.9,-11.,0.,1.57079632679491,-3.14159265358979,             1557P   2768
3.14159265358979;                                                   1557P   2769
128,1,8,1,2,0,1,0,0,1,0.00909090909090909,0.00909090909090909,      1559P   2770
0.9,0.9,-3.14159265358979,-3.14159265358979,-3.14159265358979,      1559P   2771
-1.5707963267949,-1.5707963267949,0.,0.,1.5707963267949,            1559P   2772
1.5707963267949,3.14159265358979,3.14159265358979,                  1559P   2773
3.14159265358979,1.,1.,0.707106781186548,0.707106781186548,1.,      1559P   2774
1.,0.707106781186548,0.707106781186548,1.,1.,0.707106781186548,     1559P   2775
0.707106781186548,1.,1.,0.707106781186548,0.707106781186548,1.,     1559P   2776
1.,-11.,9.9,0.,-11.,0.1,0.,-11.,9.9,11.,-11.,0.1,11.,0.,9.9,11.,    1559P   2777
0.,0.1,11.,11.,9.9,11.,11.,0.1,11.,11.,9.9,0.,11.,0.1,0.,11.,       1559P   2778
9.9,-11.,11.,0.1,-11.,0.,9.9,-11.,0.,0.1,-11.,-11.,9.9,-11.,        1559P   2779
-11.,0.1,-11.,-11.,9.9,0.,-11.,0.1,0.,0.00909090909090909,0.9,      1559P   2780
-3.14159265358979,3.14159265358979;                                 1559P   2781
128,1,1,1,1,0,0,1,0,0,-1.091,-1.091,1.091,1.091,-1.091,-1.091,      1561P   2782
1.091,1.091,1.,1.,1.,1.,-10.91,10.,10.91,10.91,10.,10.91,-10.91,    1561P   2783
10.,-10.91,10.91,10.,-10.91,-1.091,1.091,-1.091,1.091;              1561P   2784
128,2,8,2,2,0,1,0,0,1,-3.14159265358979,-3.14159265358979,          1563P   2785
-3.14159265358979,-1.57079632679489,-1.57079632679489,              1563P   2786
-1.57079632679489,-3.14159265358979,-3.14159265358979,              1563P   2787
-3.14159265358979,-1.5707963267949,-1.5707963267949,0.,0.,          1563P   2788
1.5707963267949,1.5707963267949,3.14159265358979,                   1563P   2789
3.14159265358979,3.14159265358979,1.,0.70710678118653,1.,           1563P   2790
0.707106781186548,0.499999999999988,0.707106781186548,1.,           1563P   2791
0.70710678118653,1.,0.707106781186548,0.499999999999988,            1563P   2792
0.707106781186548,1.,0.70710678118653,1.,0.707106781186548,         1563P   2793
0.499999999999988,0.707106781186548,1.,0.70710678118653,1.,         1563P   2794
0.707106781186548,0.499999999999988,0.707106781186548,1.,           1563P   2795
0.70710678118653,1.,0.,0.,-6.1,0.,-9.91628824127227D-16,-6.,0.,     1563P   2796
0.1,-6.,-6.1,0.,-6.1,-6.,-9.91628824127227D-16,-6.,-6.,0.1,-6.,     1563P   2797
-6.1,0.,0.,-6.,-9.8879238130678D-16,0.,-6.,0.1,0.,-6.1,0.,6.1,      1563P   2798
-6.,-9.85955938486333D-16,6.,-6.,0.1,6.,0.,0.,6.1,0.,               1563P   2799
-9.85955938486333D-16,6.,0.,0.1,6.,6.1,0.,6.1,6.,                   1563P   2800
-9.85955938486333D-16,6.,6.,0.1,6.,6.1,0.,0.,6.,                    1563P   2801
-9.8879238130678D-16,0.,6.,0.1,0.,6.1,0.,-6.1,6.,                   1563P   2802
-9.91628824127227D-16,-6.,6.,0.1,-6.,0.,0.,-6.1,0.,                 1563P   2803
-9.91628824127227D-16,-6.,0.,0.1,-6.,-3.14159265358979,             1563P   2804
-1.57079632679489,-3.14159265358979,3.14159265358979;               1563P   2805
128,1,1,1,1,0,0,1,0,0,-1.091,-1.091,1.091,1.091,-1.091,-1.091,      1565P   2806
1.091,1.091,1.,1.,1.,1.,10.91,0.,10.91,-10.91,0.,10.91,10.91,0.,    1565P   2807
-10.91,-10.91,0.,-10.91,-1.091,1.091,-1.091,1.091;                  1565P   2808
128,1,8,1,2,0,1,0,0,1,0.0166666666666667,0.0166666666666667,        1567P   2809
0.833333333333333,0.833333333333333,-3.14159265358979,              1567P   2810
-3.14159265358979,-3.14159265358979,-1.5707963267949,               1567P   2811
-1.5707963267949,0.,0.,1.5707963267949,1.5707963267949,             1567P   2812
3.14159265358979,3.14159265358979,3.14159265358979,1.,1.,           1567P   2813
0.707106781186548,0.707106781186548,1.,1.,0.707106781186548,        1567P   2814
0.707106781186548,1.,1.,0.707106781186548,0.707106781186548,1.,     1567P   2815
1.,0.707106781186548,0.707106781186548,1.,1.,-6.,0.1,0.,-6.,5.,     1567P   2816
0.,-6.,0.1,6.,-6.,5.,6.,0.,0.1,6.,0.,5.,6.,6.,0.1,6.,6.,5.,6.,      1567P   2817
6.,0.1,0.,6.,5.,0.,6.,0.1,-6.,6.,5.,-6.,0.,0.1,-6.,0.,5.,-6.,       1567P   2818
-6.,0.1,-6.,-6.,5.,-6.,-6.,0.1,0.,-6.,5.,0.,0.0166666666666667,     1567P   2819
0.833333333333333,-3.14159265358979,3.14159265358979;               1567P   2820
128,2,8,2,2,0,1,0,0,1,-3.14159265358979,-3.14159265358979,          1569P   2821
-3.14159265358979,-1.5707963267949,-1.5707963267949,                1569P   2822
-1.5707963267949,-3.14159265358979,-3.14159265358979,               1569P   2823
-3.14159265358979,-1.5707963267949,-1.5707963267949,0.,0.,          1569P   2824
1.5707963267949,1.5707963267949,3.14159265358979,                   1569P   2825
3.14159265358979,3.14159265358979,1.,0.707106781186555,1.,          1569P   2826
0.707106781186548,0.500000000000005,0.707106781186548,1.,           1569P   2827
0.707106781186555,1.,0.707106781186548,0.500000000000005,           1569P   2828
0.707106781186548,1.,0.707106781186555,1.,0.707106781186548,        1569P   2829
0.500000000000005,0.707106781186548,1.,0.707106781186555,1.,        1569P   2830
0.707106781186548,0.500000000000005,0.707106781186548,1.,           1569P   2831
0.707106781186555,1.,-7.62102355330306,0.,3.05,                     1569P   2832
-7.62102355330306,-1.5341044053524D-16,3.15,-7.62102355330306,      1569P   2833
0.1,3.15,-8.97102355330306,0.,3.05,-8.87102355330306,               1569P   2834
-1.5341044053524D-16,3.15,-8.87102355330306,0.1,3.15,               1569P   2835
-8.97102355330306,0.,4.4,-8.87102355330306,                         1569P   2836
-1.56125112837913D-16,4.4,-8.87102355330306,0.1,4.4,                1569P   2837
-8.97102355330306,0.,5.75,-8.87102355330306,                        1569P   2838
-1.58839785140586D-16,5.65,-8.87102355330306,0.1,5.65,              1569P   2839
-7.62102355330306,0.,5.75,-7.62102355330306,                        1569P   2840
-1.58839785140586D-16,5.65,-7.62102355330306,0.1,5.65,              1569P   2841
-6.27102355330306,0.,5.75,-6.37102355330306,                        1569P   2842
-1.58839785140586D-16,5.65,-6.37102355330306,0.1,5.65,              1569P   2843
-6.27102355330306,0.,4.4,-6.37102355330306,                         1569P   2844
-1.56125112837913D-16,4.4,-6.37102355330306,0.1,4.4,                1569P   2845
-6.27102355330306,0.,3.05,-6.37102355330306,                        1569P   2846
-1.5341044053524D-16,3.15,-6.37102355330306,0.1,3.15,               1569P   2847
-7.62102355330306,0.,3.05,-7.62102355330306,                        1569P   2848
-1.5341044053524D-16,3.15,-7.62102355330306,0.1,3.15,               1569P   2849
-3.14159265358979,-1.5707963267949,-3.14159265358979,               1569P   2850
3.14159265358979;                                                   1569P   2851
128,1,8,1,2,0,1,0,0,1,0.08,0.08,8.,8.,-3.14159265358979,            1571P   2852
-3.14159265358979,-3.14159265358979,-1.5707963267949,               1571P   2853
-1.5707963267949,0.,0.,1.5707963267949,1.5707963267949,             1571P   2854
3.14159265358979,3.14159265358979,3.14159265358979,1.,1.,           1571P   2855
0.707106781186548,0.707106781186548,1.,1.,0.707106781186548,        1571P   2856
0.707106781186548,1.,1.,0.707106781186548,0.707106781186548,1.,     1571P   2857
1.,0.707106781186548,0.707106781186548,1.,1.,-8.87102355330306,     1571P   2858
0.1,4.4,-8.87102355330306,10.,4.4,-8.87102355330306,0.1,5.65,       1571P   2859
-8.87102355330306,10.,5.65,-7.62102355330306,0.1,5.65,              1571P   2860
-7.62102355330306,10.,5.65,-6.37102355330306,0.1,5.65,              1571P   2861
-6.37102355330306,10.,5.65,-6.37102355330306,0.1,4.4,               1571P   2862
-6.37102355330306,10.,4.4,-6.37102355330306,0.1,3.15,               1571P   2863
-6.37102355330306,10.,3.15,-7.62102355330306,0.1,3.15,              1571P   2864
-7.62102355330306,10.,3.15,-8.87102355330306,0.1,3.15,              1571P   2865
-8.87102355330306,10.,3.15,-8.87102355330306,0.1,4.4,               1571P   2866
-8.87102355330306,10.,4.4,0.08,8.,-3.14159265358979,                1571P   2867
3.14159265358979;                                                   1571P   2868
128,2,8,2,2,0,1,0,0,1,-3.14159265358979,-3.14159265358979,          1573P   2869
-3.14159265358979,-1.57079632679488,-1.57079632679488,              1573P   2870
-1.57079632679488,-3.14159265358979,-3.14159265358979,              1573P   2871
-3.14159265358979,-1.5707963267949,-1.5707963267949,0.,0.,          1573P   2872
1.5707963267949,1.5707963267949,3.14159265358979,                   1573P   2873
3.14159265358979,3.14159265358979,1.,0.70710678118653,1.,           1573P   2874
0.707106781186548,0.499999999999987,0.707106781186548,1.,           1573P   2875
0.70710678118653,1.,0.707106781186548,0.499999999999987,            1573P   2876
0.707106781186548,1.,0.70710678118653,1.,0.707106781186548,         1573P   2877
0.499999999999987,0.707106781186548,1.,0.70710678118653,1.,         1573P   2878
0.707106781186548,0.499999999999987,0.707106781186548,1.,           1573P   2879
0.70710678118653,1.,-1.21430636856028D-16,0.,-10.15,                1573P   2880
-1.21430636856028D-16,-1.24871484326699D-15,-10.05,                 1573P   2881
-1.21430636856028D-16,0.1,-10.05,-1.35,0.,-10.15,-1.25,             1573P   2882
-1.24871484326699D-15,-10.05,-1.25,0.1,-10.05,-1.35,0.,-8.8,        1573P   2883
-1.25,-1.2490009027033D-15,-8.8,-1.25,0.1,-8.8,-1.35,0.,-7.45,      1573P   2884
-1.25,-1.24928696213961D-15,-7.55,-1.25,0.1,-7.55,                  1573P   2885
-1.21430636856028D-16,0.,-7.45,-1.21430636856028D-16,               1573P   2886
-1.24928696213961D-15,-7.55,-1.21430636856028D-16,0.1,-7.55,        1573P   2887
1.35,0.,-7.45,1.25,-1.24928696213961D-15,-7.55,1.25,0.1,-7.55,      1573P   2888
1.35,0.,-8.8,1.25,-1.2490009027033D-15,-8.8,1.25,0.1,-8.8,1.35,     1573P   2889
0.,-10.15,1.25,-1.24871484326699D-15,-10.05,1.25,0.1,-10.05,        1573P   2890
-1.21430636856028D-16,0.,-10.15,-1.21430636856028D-16,              1573P   2891
-1.24871484326699D-15,-10.05,-1.21430636856028D-16,0.1,-10.05,      1573P   2892
-3.14159265358979,-1.57079632679488,-3.14159265358979,              1573P   2893
3.14159265358979;                                                   1573P   2894
128,1,8,1,2,0,1,0,0,1,0.08,0.08,8.,8.,-3.14159265358979,            1575P   2895
-3.14159265358979,-3.14159265358979,-1.5707963267949,               1575P   2896
-1.5707963267949,0.,0.,1.5707963267949,1.5707963267949,             1575P   2897
3.14159265358979,3.14159265358979,3.14159265358979,1.,1.,           1575P   2898
0.707106781186548,0.707106781186548,1.,1.,0.707106781186548,        1575P   2899
0.707106781186548,1.,1.,0.707106781186548,0.707106781186548,1.,     1575P   2900
1.,0.707106781186548,0.707106781186548,1.,1.,-1.25,0.1,-8.8,        1575P   2901
-1.25,10.,-8.8,-1.25,0.1,-7.55,-1.25,10.,-7.55,                     1575P   2902
-1.21430636856028D-16,0.1,-7.55,-1.21430636856028D-16,10.,-7.55,    1575P   2903
1.25,0.1,-7.55,1.25,10.,-7.55,1.25,0.1,-8.8,1.25,10.,-8.8,1.25,     1575P   2904
0.1,-10.05,1.25,10.,-10.05,-1.21430636856028D-16,0.1,-10.05,        1575P   2905
-1.21430636856028D-16,10.,-10.05,-1.25,0.1,-10.05,-1.25,10.,        1575P   2906
-10.05,-1.25,0.1,-8.8,-1.25,10.,-8.8,0.08,8.,-3.14159265358979,     1575P   2907
3.14159265358979;                                                   1575P   2908
128,2,8,2,2,0,1,0,0,1,-3.14159265358979,-3.14159265358979,          1577P   2909
-3.14159265358979,-1.57079632679489,-1.57079632679489,              1577P   2910
-1.57079632679489,-3.14159265358979,-3.14159265358979,              1577P   2911
-3.14159265358979,-1.5707963267949,-1.5707963267949,0.,0.,          1577P   2912
1.5707963267949,1.5707963267949,3.14159265358979,                   1577P   2913
3.14159265358979,3.14159265358979,1.,0.707106781186563,1.,          1577P   2914
0.707106781186548,0.500000000000011,0.707106781186548,1.,           1577P   2915
0.707106781186563,1.,0.707106781186548,0.500000000000011,           1577P   2916
0.707106781186548,1.,0.707106781186563,1.,0.707106781186548,        1577P   2917
0.500000000000011,0.707106781186548,1.,0.707106781186563,1.,        1577P   2918
0.707106781186548,0.500000000000011,0.707106781186548,1.,           1577P   2919
0.707106781186563,1.,7.62102355330306,0.,3.05,7.62102355330306,     1577P   2920
-6.93603330954413D-16,3.15,7.62102355330306,0.1,3.15,               1577P   2921
6.27102355330306,0.,3.05,6.37102355330306,-6.93603330954413D-16,    1577P   2922
3.15,6.37102355330306,0.1,3.15,6.27102355330306,0.,4.4,             1577P   2923
6.37102355330306,-6.93889390390723D-16,4.4,6.37102355330306,0.1,    1577P   2924
4.4,6.27102355330306,0.,5.75000000000001,6.37102355330306,          1577P   2925
-6.94175449827032D-16,5.65,6.37102355330306,0.1,5.65,               1577P   2926
7.62102355330306,0.,5.75000000000001,7.62102355330306,              1577P   2927
-6.94175449827032D-16,5.65,7.62102355330306,0.1,5.65,               1577P   2928
8.97102355330306,0.,5.75000000000001,8.87102355330306,              1577P   2929
-6.94175449827032D-16,5.65,8.87102355330306,0.1,5.65,               1577P   2930
8.97102355330306,0.,4.4,8.87102355330306,-6.93889390390723D-16,     1577P   2931
4.4,8.87102355330306,0.1,4.4,8.97102355330306,0.,3.05,              1577P   2932
8.87102355330306,-6.93603330954413D-16,3.15,8.87102355330306,       1577P   2933
0.1,3.15,7.62102355330306,0.,3.05,7.62102355330306,                 1577P   2934
-6.93603330954413D-16,3.15,7.62102355330306,0.1,3.15,               1577P   2935
-3.14159265358979,-1.57079632679489,-3.14159265358979,              1577P   2936
3.14159265358979;                                                   1577P   2937
128,1,8,1,2,0,1,0,0,1,0.08,0.08,8.,8.,-3.14159265358979,            1579P   2938
-3.14159265358979,-3.14159265358979,-1.5707963267949,               1579P   2939
-1.5707963267949,0.,0.,1.5707963267949,1.5707963267949,             1579P   2940
3.14159265358979,3.14159265358979,3.14159265358979,1.,1.,           1579P   2941
0.707106781186548,0.707106781186548,1.,1.,0.707106781186548,        1579P   2942
0.707106781186548,1.,1.,0.707106781186548,0.707106781186548,1.,     1579P   2943
1.,0.707106781186548,0.707106781186548,1.,1.,6.37102355330306,      1579P   2944
0.1,4.4,6.37102355330306,10.,4.4,6.37102355330306,0.1,5.65,         1579P   2945
6.37102355330306,10.,5.65,7.62102355330306,0.1,5.65,                1579P   2946
7.62102355330306,10.,5.65,8.87102355330306,0.1,5.65,                1579P   2947
8.87102355330306,10.,5.65,8.87102355330306,0.1,4.4,                 1579P   2948
8.87102355330306,10.,4.4,8.87102355330306,0.1,3.15,                 1579P   2949
8.87102355330306,10.,3.15,7.62102355330306,0.1,3.15,                1579P   2950
7.62102355330306,10.,3.15,6.37102355330306,0.1,3.15,                1579P   2951
6.37102355330306,10.,3.15,6.37102355330306,0.1,4.4,                 1579P   2952
6.37102355330306,10.,4.4,0.08,8.,-3.14159265358979,                 1579P   2953
3.14159265358979;                                                   1579P   2954
128,2,8,2,2,0,1,0,0,1,-1.5707963267949,-1.5707963267949,            1581P   2955
-1.5707963267949,0.,0.,0.,-3.14159265358979,-3.14159265358979,      1581P   2956
-3.14159265358979,-1.5707963267949,-1.5707963267949,0.,0.,          1581P   2957
1.5707963267949,1.5707963267949,3.14159265358979,                   1581P   2958
3.14159265358979,3.14159265358979,1.,0.707106781186554,1.,          1581P   2959
0.707106781186548,0.500000000000005,0.707106781186548,1.,           1581P   2960
0.707106781186554,1.,0.707106781186548,0.500000000000005,           1581P   2961
0.707106781186548,1.,0.707106781186554,1.,0.707106781186548,        1581P   2962
0.500000000000005,0.707106781186548,1.,0.707106781186554,1.,        1581P   2963
0.707106781186548,0.500000000000005,0.707106781186548,1.,           1581P   2964
0.707106781186554,1.,0.,0.1,-11.,0.,-3.45842975850885D-16,-11.,     1581P   2965
0.,0.,-10.9,-11.,0.1,-11.,-11.,-3.45842975850885D-16,-11.,-10.9,    1581P   2966
0.,-10.9,-11.,0.1,0.,-11.,-3.46944695195361D-16,0.,-10.9,0.,0.,     1581P   2967
-11.,0.1,11.,-11.,-3.48046414539838D-16,11.,-10.9,0.,10.9,0.,       1581P   2968
0.1,11.,0.,-3.48046414539838D-16,11.,0.,0.,10.9,11.,0.1,11.,11.,    1581P   2969
-3.48046414539838D-16,11.,10.9,0.,10.9,11.,0.1,0.,11.,              1581P   2970
-3.46944695195361D-16,0.,10.9,0.,0.,11.,0.1,-11.,11.,               1581P   2971
-3.45842975850885D-16,-11.,10.9,0.,-10.9,0.,0.1,-11.,0.,            1581P   2972
-3.45842975850885D-16,-11.,0.,0.,-10.9,-1.5707963267949,0.,         1581P   2973
-3.14159265358979,3.14159265358979;                                 1581P   2974
128,1,1,1,1,0,0,1,0,0,-0.601,-0.601,0.601,0.601,-0.601,-0.601,      1583P   2975
0.601,0.601,1.,1.,1.,1.,6.01,5.,6.01,-6.01,5.,6.01,6.01,5.,         1583P   2976
-6.01,-6.01,5.,-6.01,-0.601,0.601,-0.601,0.601;                     1583P   2977
128,2,8,2,2,0,1,0,0,1,-3.14159265358979,-3.14159265358979,          1585P   2978
-3.14159265358979,-1.57079632679489,-1.57079632679489,              1585P   2979
-1.57079632679489,-3.14159265358979,-3.14159265358979,              1585P   2980
-3.14159265358979,-1.5707963267949,-1.5707963267949,0.,0.,          1585P   2981
1.5707963267949,1.5707963267949,3.14159265358979,                   1585P   2982
3.14159265358979,3.14159265358979,1.,0.707106781186542,1.,          1585P   2983
0.707106781186548,0.499999999999996,0.707106781186548,1.,           1585P   2984
0.707106781186542,1.,0.707106781186548,0.499999999999996,           1585P   2985
0.707106781186548,1.,0.707106781186542,1.,0.707106781186548,        1585P   2986
0.499999999999996,0.707106781186548,1.,0.707106781186542,1.,        1585P   2987
0.707106781186548,0.499999999999996,0.707106781186548,1.,           1585P   2988
0.707106781186542,1.,0.,0.,-6.2,0.,-7.31481187989599D-16,-6.,0.,    1585P   2989
0.2,-6.,-6.2,0.,-6.2,-6.,-7.31481187989599D-16,-6.,-6.,0.2,-6.,     1585P   2990
-6.2,0.,0.,-6.,-7.28583859910259D-16,0.,-6.,0.2,0.,-6.2,0.,6.2,     1585P   2991
-6.,-7.25686531830919D-16,6.,-6.,0.2,6.,0.,0.,6.2,0.,               1585P   2992
-7.25686531830919D-16,6.,0.,0.2,6.,6.2,0.,6.2,6.,                   1585P   2993
-7.25686531830919D-16,6.,6.,0.2,6.,6.2,0.,0.,6.,                    1585P   2994
-7.28583859910259D-16,0.,6.,0.2,0.,6.2,0.,-6.2,6.,                  1585P   2995
-7.31481187989599D-16,-6.,6.,0.2,-6.,0.,0.,-6.2,0.,                 1585P   2996
-7.31481187989599D-16,-6.,0.,0.2,-6.,-3.14159265358979,             1585P   2997
-1.57079632679489,-3.14159265358979,3.14159265358979;               1585P   2998
128,1,1,1,1,0,0,1,0,0,0.0199545451422983,0.0199545451422983,        1587P   2999
2.181,2.181,-1.10299259787109,-1.10299259787109,                    1587P   3000
1.10299259787109,1.10299259787109,1.,1.,1.,1.,-11.0299259787109,    1587P   3001
0.,10.800454548577,-11.0299259787109,0.,-10.81,11.0299259787109,    1587P   3002
0.,10.800454548577,11.0299259787109,0.,-10.81,                      1587P   3003
0.0199545451422983,2.181,-1.10299259787109,1.10299259787109;        1587P   3004
128,1,8,1,2,0,1,0,0,1,0.0333333333333333,0.0333333333333333,        1589P   3005
0.833333333333333,0.833333333333333,-3.14159265358979,              1589P   3006
-3.14159265358979,-3.14159265358979,-1.5707963267949,               1589P   3007
-1.5707963267949,0.,0.,1.5707963267949,1.5707963267949,             1589P   3008
3.14159265358979,3.14159265358979,3.14159265358979,1.,1.,           1589P   3009
0.707106781186548,0.707106781186548,1.,1.,0.707106781186548,        1589P   3010
0.707106781186548,1.,1.,0.707106781186548,0.707106781186548,1.,     1589P   3011
1.,0.707106781186548,0.707106781186548,1.,1.,-6.,0.2,0.,-6.,5.,     1589P   3012
0.,-6.,0.2,6.,-6.,5.,6.,0.,0.2,6.,0.,5.,6.,6.,0.2,6.,6.,5.,6.,      1589P   3013
6.,0.2,0.,6.,5.,0.,6.,0.2,-6.,6.,5.,-6.,0.,0.2,-6.,0.,5.,-6.,       1589P   3014
-6.,0.2,-6.,-6.,5.,-6.,-6.,0.2,0.,-6.,5.,0.,0.0333333333333333,     1589P   3015
0.833333333333333,-3.14159265358979,3.14159265358979;               1589P   3016
128,1,8,1,2,0,1,0,0,1,-0.0707106781186487,-0.0707106781186487,      1591P   3017
0.0707106781186603,0.0707106781186603,-3.14159265358979,            1591P   3018
-3.14159265358979,-3.14159265358979,-1.5707963267949,               1591P   3019
-1.5707963267949,0.,0.,1.5707963267949,1.5707963267949,             1591P   3020
3.14159265358979,3.14159265358979,3.14159265358979,1.,1.,           1591P   3021
0.707106781186548,0.707106781186548,1.,1.,0.707106781186548,        1591P   3022
0.707106781186548,1.,1.,0.707106781186548,0.707106781186548,1.,     1591P   3023
1.,0.707106781186548,0.707106781186548,1.,1.,8.57102355330306,      1591P   3024
120.,4.40000000000002,8.67102355330306,120.1,4.40000000000002,      1591P   3025
8.57102355330306,120.,3.45000000000002,8.67102355330306,120.1,      1591P   3026
3.35000000000001,7.62102355330305,120.,3.45000000000001,            1591P   3027
7.62102355330305,120.1,3.35000000000001,6.67102355330305,120.,      1591P   3028
3.45000000000002,6.57102355330305,120.1,3.35000000000001,           1591P   3029
6.67102355330305,120.,4.40000000000002,6.57102355330305,120.1,      1591P   3030
4.40000000000002,6.67102355330305,120.,5.35000000000002,            1591P   3031
6.57102355330305,120.1,5.45000000000002,7.62102355330305,120.,      1591P   3032
5.35000000000002,7.62102355330305,120.1,5.45000000000002,           1591P   3033
8.57102355330306,120.,5.35000000000002,8.67102355330306,120.1,      1591P   3034
5.45000000000002,8.57102355330306,120.,4.40000000000002,            1591P   3035
8.67102355330306,120.1,4.40000000000002,-0.0707106781186487,        1591P   3036
0.0707106781186603,-3.14159265358979,3.14159265358979;              1591P   3037
128,1,8,1,2,0,1,0,0,1,0.0952380952380932,0.0952380952380932,        1593P   3038
9.42857142857143,9.42857142857143,-3.14159265358979,                1593P   3039
-3.14159265358979,-3.14159265358979,-1.5707963267949,               1593P   3040
-1.5707963267949,0.,0.,1.5707963267949,1.5707963267949,             1593P   3041
3.14159265358979,3.14159265358979,3.14159265358979,1.,1.,           1593P   3042
0.707106781186548,0.707106781186548,1.,1.,0.707106781186548,        1593P   3043
0.707106781186548,1.,1.,0.707106781186548,0.707106781186548,1.,     1593P   3044
1.,0.707106781186548,0.707106781186548,1.,1.,8.67102355330305,      1593P   3045
129.9,4.40000000000002,8.67102355330305,120.1,4.40000000000002,     1593P   3046
8.67102355330305,129.9,5.45000000000002,8.67102355330305,120.1,     1593P   3047
5.45000000000002,7.62102355330305,129.9,5.45000000000002,           1593P   3048
7.62102355330305,120.1,5.45000000000002,6.57102355330305,129.9,     1593P   3049
5.45000000000002,6.57102355330305,120.1,5.45000000000002,           1593P   3050
6.57102355330305,129.9,4.40000000000002,6.57102355330305,120.1,     1593P   3051
4.40000000000002,6.57102355330305,129.9,3.35000000000002,           1593P   3052
6.57102355330305,120.1,3.35000000000002,7.62102355330305,129.9,     1593P   3053
3.35000000000002,7.62102355330305,120.1,3.35000000000002,           1593P   3054
8.67102355330305,129.9,3.35000000000002,8.67102355330305,120.1,     1593P   3055
3.35000000000002,8.67102355330305,129.9,4.40000000000002,           1593P   3056
8.67102355330305,120.1,4.40000000000002,0.0952380952380932,         1593P   3057
9.42857142857143,-3.14159265358979,3.14159265358979;                1593P   3058
128,1,1,1,1,0,0,1,0,0,-0.096,-0.096,0.096,0.096,                    1595P   3059
-0.0959999999999999,-0.0959999999999999,0.096,0.096,1.,1.,1.,1.,    1595P   3060
8.58102355330305,120.,3.44000000000002,6.66102355330305,120.,       1595P   3061
3.44000000000002,8.58102355330305,120.,5.36000000000002,            1595P   3062
6.66102355330305,120.,5.36000000000002,-0.096,0.096,                1595P   3063
-0.0959999999999999,0.096;                                          1595P   3064
128,1,8,1,2,0,1,0,0,1,-0.0707106781186487,-0.0707106781186487,      1597P   3065
0.0707106781186603,0.0707106781186603,-3.14159265358979,            1597P   3066
-3.14159265358979,-3.14159265358979,-1.5707963267949,               1597P   3067
-1.5707963267949,0.,0.,1.5707963267949,1.5707963267949,             1597P   3068
3.14159265358979,3.14159265358979,3.14159265358979,1.,1.,           1597P   3069
0.707106781186548,0.707106781186548,1.,1.,0.707106781186548,        1597P   3070
0.707106781186548,1.,1.,0.707106781186548,0.707106781186548,1.,     1597P   3071
1.,0.707106781186548,0.707106781186548,1.,1.,-6.67102355330307,     1597P   3072
120.,4.39999999999998,-6.57102355330307,120.1,4.39999999999998,     1597P   3073
-6.67102355330307,120.,3.44999999999998,-6.57102355330307,120.1,    1597P   3074
3.34999999999998,-7.62102355330307,120.,3.44999999999998,           1597P   3075
-7.62102355330307,120.1,3.34999999999998,-8.57102355330307,120.,    1597P   3076
3.44999999999998,-8.67102355330308,120.1,3.34999999999998,          1597P   3077
-8.57102355330307,120.,4.39999999999998,-8.67102355330308,120.1,    1597P   3078
4.39999999999998,-8.57102355330307,120.,5.34999999999999,           1597P   3079
-8.67102355330308,120.1,5.44999999999999,-7.62102355330307,120.,    1597P   3080
5.34999999999999,-7.62102355330307,120.1,5.44999999999999,          1597P   3081
-6.67102355330307,120.,5.34999999999999,-6.57102355330307,120.1,    1597P   3082
5.44999999999999,-6.67102355330307,120.,4.39999999999998,           1597P   3083
-6.57102355330307,120.1,4.39999999999998,-0.0707106781186487,       1597P   3084
0.0707106781186603,-3.14159265358979,3.14159265358979;              1597P   3085
128,1,8,1,2,0,1,0,0,1,0.0952380952380932,0.0952380952380932,        1599P   3086
9.42857142857143,9.42857142857143,-3.14159265358979,                1599P   3087
-3.14159265358979,-3.14159265358979,-1.5707963267949,               1599P   3088
-1.5707963267949,0.,0.,1.5707963267949,1.5707963267949,             1599P   3089
3.14159265358979,3.14159265358979,3.14159265358979,1.,1.,           1599P   3090
0.707106781186548,0.707106781186548,1.,1.,0.707106781186548,        1599P   3091
0.707106781186548,1.,1.,0.707106781186548,0.707106781186548,1.,     1599P   3092
1.,0.707106781186548,0.707106781186548,1.,1.,-6.57102355330307,     1599P   3093
129.9,4.39999999999998,-6.57102355330307,120.1,4.39999999999998,    1599P   3094
-6.57102355330307,129.9,5.44999999999998,-6.57102355330307,         1599P   3095
120.1,5.44999999999998,-7.62102355330307,129.9,5.44999999999998,    1599P   3096
-7.62102355330307,120.1,5.44999999999998,-8.67102355330307,         1599P   3097
129.9,5.44999999999998,-8.67102355330307,120.1,5.44999999999998,    1599P   3098
-8.67102355330307,129.9,4.39999999999998,-8.67102355330307,         1599P   3099
120.1,4.39999999999998,-8.67102355330307,129.9,3.34999999999999,    1599P   3100
-8.67102355330307,120.1,3.34999999999999,-7.62102355330307,         1599P   3101
129.9,3.34999999999998,-7.62102355330307,120.1,3.34999999999998,    1599P   3102
-6.57102355330307,129.9,3.34999999999999,-6.57102355330307,         1599P   3103
120.1,3.34999999999999,-6.57102355330307,129.9,4.39999999999998,    1599P   3104
-6.57102355330307,120.1,4.39999999999998,0.0952380952380932,        1599P   3105
9.42857142857143,-3.14159265358979,3.14159265358979;                1599P   3106
128,1,1,1,1,0,0,1,0,0,-0.096,-0.096,0.096,0.096,                    1601P   3107
-0.0959999999999999,-0.0959999999999999,0.096,0.096,1.,1.,1.,1.,    1601P   3108
-6.66102355330307,120.,3.43999999999998,-8.58102355330307,120.,     1601P   3109
3.43999999999998,-6.66102355330307,120.,5.35999999999998,           1601P   3110
-8.58102355330307,120.,5.35999999999998,-0.096,0.096,               1601P   3111
-0.0959999999999999,0.096;                                          1601P   3112
128,1,8,1,2,0,1,0,0,1,-0.0707106781186479,-0.0707106781186479,      1603P   3113
0.0707106781186603,0.0707106781186603,-3.14159265358979,            1603P   3114
-3.14159265358979,-3.14159265358979,-1.5707963267949,               1603P   3115
-1.5707963267949,0.,0.,1.5707963267949,1.5707963267949,             1603P   3116
3.14159265358979,3.14159265358979,3.14159265358979,1.,1.,           1603P   3117
0.707106781186548,0.707106781186548,1.,1.,0.707106781186548,        1603P   3118
0.707106781186548,1.,1.,0.707106781186548,0.707106781186548,1.,     1603P   3119
1.,0.707106781186548,0.707106781186548,1.,1.,0.950000000000021,     1603P   3120
120.,-8.8,1.05000000000002,120.1,-8.8,0.950000000000021,120.,       1603P   3121
-9.75000000000001,1.05000000000002,120.1,-9.85000000000001,         1603P   3122
1.65839564303383D-14,120.,-9.75000000000001,                        1603P   3123
1.65839564303383D-14,120.1,-9.85000000000001,-0.949999999999987,    1603P   3124
120.,-9.75000000000001,-1.04999999999999,120.1,                     1603P   3125
-9.85000000000001,-0.949999999999988,120.,-8.8,                     1603P   3126
-1.04999999999999,120.1,-8.8,-0.949999999999987,120.,-7.85,         1603P   3127
-1.04999999999999,120.1,-7.75,1.65839564303383D-14,120.,-7.85,      1603P   3128
1.65839564303383D-14,120.1,-7.75,0.950000000000021,120.,-7.85,      1603P   3129
1.05000000000002,120.1,-7.75,0.950000000000021,120.,-8.8,           1603P   3130
1.05000000000002,120.1,-8.8,-0.0707106781186479,                    1603P   3131
0.0707106781186603,-3.14159265358979,3.14159265358979;              1603P   3132
128,1,8,1,2,0,1,0,0,1,0.0952380952380932,0.0952380952380932,        1605P   3133
9.42857142857143,9.42857142857143,-3.14159265358979,                1605P   3134
-3.14159265358979,-3.14159265358979,-1.5707963267949,               1605P   3135
-1.5707963267949,0.,0.,1.5707963267949,1.5707963267949,             1605P   3136
3.14159265358979,3.14159265358979,3.14159265358979,1.,1.,           1605P   3137
0.707106781186548,0.707106781186548,1.,1.,0.707106781186548,        1605P   3138
0.707106781186548,1.,1.,0.707106781186548,0.707106781186548,1.,     1605P   3139
1.,0.707106781186548,0.707106781186548,1.,1.,1.05000000000002,      1605P   3140
129.9,-8.8,1.05000000000002,120.1,-8.8,1.05000000000002,129.9,      1605P   3141
-7.75,1.05000000000002,120.1,-7.75,1.65839564303383D-14,129.9,      1605P   3142
-7.75,1.65839564303383D-14,120.1,-7.75,-1.04999999999998,129.9,     1605P   3143
-7.75,-1.04999999999998,120.1,-7.75,-1.04999999999998,129.9,        1605P   3144
-8.8,-1.04999999999998,120.1,-8.8,-1.04999999999998,129.9,-9.85,    1605P   3145
-1.04999999999998,120.1,-9.85,1.65839564303383D-14,129.9,-9.85,     1605P   3146
1.65839564303383D-14,120.1,-9.85,1.05000000000002,129.9,-9.85,      1605P   3147
1.05000000000002,120.1,-9.85,1.05000000000002,129.9,-8.8,           1605P   3148
1.05000000000002,120.1,-8.8,0.0952380952380932,9.42857142857143,    1605P   3149
-3.14159265358979,3.14159265358979;                                 1605P   3150
128,1,1,1,1,0,0,1,0,0,-0.096,-0.096,0.096,0.096,-0.096,-0.096,      1607P   3151
0.096,0.096,1.,1.,1.,1.,0.960000000000017,120.,-9.76,               1607P   3152
-0.959999999999983,120.,-9.76,0.960000000000017,120.,-7.84,         1607P   3153
-0.959999999999983,120.,-7.84,-0.096,0.096,-0.096,0.096;            1607P   3154
128,1,8,1,2,0,1,0,0,1,-0.0642824346533283,-0.0642824346533283,      1609P   3155
0.0642824346533163,0.0642824346533163,-3.14159265358979,            1609P   3156
-3.14159265358979,-3.14159265358979,-1.5707963267949,               1609P   3157
-1.5707963267949,0.,0.,1.5707963267949,1.5707963267949,             1609P   3158
3.14159265358979,3.14159265358979,3.14159265358979,1.,1.,           1609P   3159
0.707106781186548,0.707106781186548,1.,1.,0.707106781186548,        1609P   3160
0.707106781186548,1.,1.,0.707106781186548,0.707106781186548,1.,     1609P   3161
1.,0.707106781186548,0.707106781186548,1.,1.,8.67102355330305,      1609P   3162
129.9,4.40000000000002,8.77102355330305,130.,4.40000000000002,      1609P   3163
8.67102355330305,129.9,3.35000000000002,8.77102355330305,130.,      1609P   3164
3.25000000000002,7.62102355330305,129.9,3.35000000000002,           1609P   3165
7.62102355330305,130.,3.25000000000002,6.57102355330306,129.9,      1609P   3166
3.35000000000002,6.47102355330306,130.,3.25000000000002,            1609P   3167
6.57102355330306,129.9,4.40000000000002,6.47102355330306,130.,      1609P   3168
4.40000000000002,6.57102355330306,129.9,5.45000000000001,           1609P   3169
6.47102355330306,130.,5.55000000000001,7.62102355330305,129.9,      1609P   3170
5.45000000000001,7.62102355330305,130.,5.55000000000001,            1609P   3171
8.67102355330305,129.9,5.45000000000001,8.77102355330305,130.,      1609P   3172
5.55000000000001,8.67102355330305,129.9,4.40000000000002,           1609P   3173
8.77102355330305,130.,4.40000000000002,-0.0642824346533283,         1609P   3174
0.0642824346533163,-3.14159265358979,3.14159265358979;              1609P   3175
128,1,1,1,1,0,0,1,0,0,-1.11457105178319,-1.11457105178319,          1611P   3176
1.11457105178318,1.11457105178318,-1.09045454553718,                1611P   3177
-1.09045454553718,1.09045454553718,1.09045454553718,1.,1.,1.,1.,    1611P   3178
11.1457105178319,130.,-10.91,-11.1457105178318,130.,-10.91,         1611P   3179
11.1457105178319,130.,10.8990909107436,-11.1457105178318,130.,      1611P   3180
10.8990909107436,-1.11457105178319,1.11457105178318,                1611P   3181
-1.09045454553718,1.09045454553718;                                 1611P   3182
128,1,8,1,2,0,1,0,0,1,-0.0642824346533275,-0.0642824346533275,      1613P   3183
0.0642824346533163,0.0642824346533163,-3.14159265358979,            1613P   3184
-3.14159265358979,-3.14159265358979,-1.5707963267949,               1613P   3185
-1.5707963267949,0.,0.,1.5707963267949,1.5707963267949,             1613P   3186
3.14159265358979,3.14159265358979,3.14159265358979,1.,1.,           1613P   3187
0.707106781186548,0.707106781186548,1.,1.,0.707106781186548,        1613P   3188
0.707106781186548,1.,1.,0.707106781186548,0.707106781186548,1.,     1613P   3189
1.,0.707106781186548,0.707106781186548,1.,1.,1.05000000000001,      1613P   3190
129.9,-8.8,1.15000000000001,130.,-8.8,1.05000000000001,129.9,       1613P   3191
-9.85,1.15000000000001,130.,-9.95,1.65839564303383D-14,129.9,       1613P   3192
-9.85,1.65839564303383D-14,130.,-9.95,-1.04999999999998,129.9,      1613P   3193
-9.85,-1.14999999999998,130.,-9.95,-1.04999999999998,129.9,-8.8,    1613P   3194
-1.14999999999998,130.,-8.8,-1.04999999999998,129.9,                1613P   3195
-7.75000000000001,-1.14999999999998,130.,-7.65000000000001,         1613P   3196
1.65839564303383D-14,129.9,-7.75000000000001,                       1613P   3197
1.65839564303383D-14,130.,-7.65000000000001,1.05000000000001,       1613P   3198
129.9,-7.75000000000001,1.15000000000001,130.,-7.65000000000001,    1613P   3199
1.05000000000001,129.9,-8.8,1.15000000000001,130.,-8.8,             1613P   3200
-0.0642824346533275,0.0642824346533163,-3.14159265358979,           1613P   3201
3.14159265358979;                                                   1613P   3202
128,1,8,1,2,0,0,0,0,0,-0.00645759617521905,-0.00645759617521905,    1615P   3203
0.0064575961752201,0.0064575961752201,-3.09684891959168,            1615P   3204
-3.09684891959168,-3.09684891959168,-1.54842445979584,              1615P   3205
-1.54842445979584,0.,0.,1.54842445979584,1.54842445979584,          1615P   3206
3.09684891959168,3.09684891959168,3.09684891959168,1.,1.,           1615P   3207
0.714972027724711,0.714972027724711,1.,1.,0.714972027724711,        1615P   3208
0.714972027724711,1.,1.,0.714972027724711,0.714972027724711,1.,     1615P   3209
1.,0.714972027724711,0.714972027724711,1.,1.,-0.492016865856908,    1615P   3210
129.9,10.9889908273559,-0.487543985258209,130.,10.8890909107436,    1615P   3211
-11.2378729996468,129.9,10.5078599811335,-11.1357105178318,130.,    1615P   3212
10.412333981305,-10.9972473624293,129.9,-0.246070009433265,         1615P   3213
-10.8972723864072,130.,-0.243833009347508,-10.7566217252117,        1615P   3214
129.9,-11.,-10.6588342549825,130.,-10.9,0.,129.9,-11.,0.,130.,      1615P   3215
-10.9,10.7566217252117,129.9,-11.,10.6588342549825,130.,-10.9,      1615P   3216
10.9972473624293,129.9,-0.246070009433294,10.8972723864072,130.,    1615P   3217
-0.243833009347537,11.2378729996468,129.9,10.5078599811334,         1615P   3218
11.1357105178319,130.,10.4123339813049,0.492016865856937,129.9,     1615P   3219
10.9889908273559,0.487543985258238,130.,10.8890909107436,           1615P   3220
-0.00645759617521905,0.0064575961752201,-3.09684891959168,          1615P   3221
3.09684891959168;                                                   1615P   3222
128,1,4,1,2,0,0,0,0,0,-0.157134840263663,-0.157134840263663,        1617P   3223
0.15713484026369,0.15713484026369,0.223679042572962,                1617P   3224
0.223679042572962,0.223679042572962,1.5707963267949,                1617P   3225
1.5707963267949,2.91791361101683,2.91791361101683,                  1617P   3226
2.91791361101683,1.,1.,0.781606840533769,0.781606840533769,1.,      1617P   3227
1.,0.781606840533769,0.781606840533769,1.,1.,-0.487543985258204,    1617P   3228
130.,10.8890909107436,-0.390035188206561,129.9,10.9112727613774,    1617P   3229
-0.399031429569121,130.,10.5000001639128,-0.319225143655296,        1617P   3230
129.9,10.6000001639128,0.,130.,10.5000001639128,0.,129.9,           1617P   3231
10.6000001639128,0.399031429569121,130.,10.5000001639128,           1617P   3232
0.319225143655296,129.9,10.6000001639128,0.487543985258204,130.,    1617P   3233
10.8890909107436,0.390035188206561,129.9,10.9112727613774,          1617P   3234
-0.157134840263663,0.15713484026369,0.223679042572962,              1617P   3235
2.91791361101683;                                                   1617P   3236
128,1,2,1,2,0,0,0,0,0,-1.41421356237308,-1.41421356237308,          1619P   3237
2.42472708578134D-13,2.42472708578134D-13,-0.695930509110172,       1619P   3238
-0.695930509110172,-0.695930509110172,0.695930509109877,            1619P   3239
0.695930509109877,0.695930509109877,1.,1.,0.767457484884098,        1619P   3240
0.767457484884098,1.,1.,0.49201686585694,129.9,10.9889908273559,    1619P   3241
0.48754398525824,130.,10.8890909107436,0.408564919484678,129.9,     1619P   3242
10.9927272728357,0.48754398525824,130.,10.8890909107436,            1619P   3243
0.390035188206582,129.9,10.9112727613774,0.48754398525824,130.,     1619P   3244
10.8890909107436,-1.41421356237308,2.42472708578134D-13,            1619P   3245
-0.695930509110172,0.695930509109877;                               1619P   3246
128,1,2,1,2,0,0,0,0,0,-1.41421356237308,-1.41421356237308,          1621P   3247
2.42472708578134D-13,2.42472708578134D-13,-0.695930509109877,       1621P   3248
-0.695930509109877,-0.695930509109877,0.695930509110172,            1621P   3249
0.695930509110172,0.695930509110172,1.,1.,0.767457484884098,        1621P   3250
0.767457484884098,1.,1.,-0.390035188206582,129.9,                   1621P   3251
10.9112727613774,-0.48754398525824,130.,10.8890909107436,           1621P   3252
-0.408564919484678,129.9,10.9927272728357,-0.48754398525824,        1621P   3253
130.,10.8890909107436,-0.49201686585694,129.9,10.9889908273559,     1621P   3254
-0.48754398525824,130.,10.8890909107436,-1.41421356237308,          1621P   3255
2.42472708578134D-13,-0.695930509109877,0.695930509110172;          1621P   3256
128,1,2,1,2,0,0,0,0,0,-599.,-599.,-175.,-175.,                      1623P   3257
-0.695930509110168,-0.695930509110168,-0.695930509110168,           1623P   3258
0.695930509109872,0.695930509109872,0.695930509109872,1.,1.,        1623P   3259
0.7674574848841,0.7674574848841,1.,1.,0.492016865856939,87.5,       1623P   3260
10.9889908273559,0.492016865856939,129.9,10.9889908273559,          1623P   3261
0.408564919484691,87.5,10.9927272728356,0.408564919484691,129.9,    1623P   3262
10.9927272728356,0.390035188206599,87.5,10.9112727613774,           1623P   3263
0.390035188206599,129.9,10.9112727613774,-599.,-175.,               1623P   3264
-0.695930509110168,0.695930509109872;                               1623P   3265
128,1,4,1,2,0,0,0,0,0,86.7499999999999,86.7499999999999,193.,       1625P   3266
193.,-2.91791361101683,-2.91791361101683,-2.91791361101683,         1625P   3267
-1.5707963267949,-1.5707963267949,-0.223679042572963,               1625P   3268
-0.223679042572963,-0.223679042572963,1.,1.,0.781606840533769,      1625P   3269
0.781606840533769,1.,1.,0.781606840533769,0.781606840533769,1.,     1625P   3270
1.,0.390035188206566,87.4,10.9112727613774,0.390035188206566,       1625P   3271
129.9,10.9112727613774,0.319225143655299,87.4,10.6000001639128,     1625P   3272
0.319225143655299,129.9,10.6000001639128,0.,87.4,                   1625P   3273
10.6000001639128,0.,129.9,10.6000001639128,-0.319225143655299,      1625P   3274
87.4,10.6000001639128,-0.319225143655299,129.9,10.6000001639128,    1625P   3275
-0.390035188206566,87.4,10.9112727613774,-0.390035188206566,        1625P   3276
129.9,10.9112727613774,86.7499999999999,193.,-2.91791361101683,     1625P   3277
-0.223679042572963;                                                 1625P   3278
128,1,8,1,2,0,1,0,0,1,-0.0106331846794959,-0.0106331846794959,      1627P   3279
0.0106331846794978,0.0106331846794978,-3.14159265358979,            1627P   3280
-3.14159265358979,-3.14159265358979,-1.5707963267949,               1627P   3281
-1.5707963267949,0.,0.,1.5707963267949,1.5707963267949,             1627P   3282
3.14159265358979,3.14159265358979,3.14159265358979,1.,1.,           1627P   3283
0.707106781186548,0.707106781186548,1.,1.,0.707106781186548,        1627P   3284
0.707106781186548,1.,1.,0.707106781186548,0.707106781186548,1.,     1627P   3285
1.,0.707106781186548,0.707106781186548,1.,1.,0.,130.,-6.7,0.,       1627P   3286
129.9,-6.6,6.69999999999999,130.,-6.69999999999999,                 1627P   3287
6.59999999999999,129.9,-6.59999999999999,6.7,130.,0.,6.6,129.9,     1627P   3288
0.,6.69999999999999,130.,6.69999999999999,6.59999999999999,         1627P   3289
129.9,6.59999999999999,0.,130.,6.7,0.,129.9,6.6,                    1627P   3290
-6.69999999999999,130.,6.69999999999999,-6.59999999999999,129.9,    1627P   3291
6.59999999999999,-6.7,130.,0.,-6.6,129.9,0.,-6.69999999999999,      1627P   3292
130.,-6.69999999999999,-6.59999999999999,129.9,                     1627P   3293
-6.59999999999999,0.,130.,-6.7,0.,129.9,-6.6,                       1627P   3294
-0.0106331846794959,0.0106331846794978,-3.14159265358979,           1627P   3295
3.14159265358979;                                                   1627P   3296
128,1,8,1,2,0,1,0,0,1,-9.06060606060606,-9.06060606060606,          1629P   3297
9.07575757575758,9.07575757575758,-3.14159265358979,                1629P   3298
-3.14159265358979,-3.14159265358979,-1.5707963267949,               1629P   3299
-1.5707963267949,0.,0.,1.5707963267949,1.5707963267949,             1629P   3300
3.14159265358979,3.14159265358979,3.14159265358979,1.,1.,           1629P   3301
0.707106781186548,0.707106781186548,1.,1.,0.707106781186548,        1629P   3302
0.707106781186548,1.,1.,0.707106781186548,0.707106781186548,1.,     1629P   3303
1.,0.707106781186548,0.707106781186548,1.,1.,0.,10.2,-6.6,0.,       1629P   3304
129.9,-6.6,-6.6,10.2,-6.6,-6.6,129.9,-6.6,-6.6,10.2,0.,-6.6,        1629P   3305
129.9,0.,-6.6,10.2,6.6,-6.6,129.9,6.6,0.,10.2,6.6,0.,129.9,6.6,     1629P   3306
6.6,10.2,6.6,6.6,129.9,6.6,6.6,10.2,0.,6.6,129.9,0.,6.6,10.2,       1629P   3307
-6.6,6.6,129.9,-6.6,0.,10.2,-6.6,0.,129.9,-6.6,                     1629P   3308
-9.06060606060606,9.07575757575758,-3.14159265358979,               1629P   3309
3.14159265358979;                                                   1629P   3310
128,1,8,1,2,0,1,0,0,1,-0.0642824346533283,-0.0642824346533283,      1631P   3311
0.0642824346533163,0.0642824346533163,-3.14159265358979,            1631P   3312
-3.14159265358979,-3.14159265358979,-1.5707963267949,               1631P   3313
-1.5707963267949,0.,0.,1.5707963267949,1.5707963267949,             1631P   3314
3.14159265358979,3.14159265358979,3.14159265358979,1.,1.,           1631P   3315
0.707106781186548,0.707106781186548,1.,1.,0.707106781186548,        1631P   3316
0.707106781186548,1.,1.,0.707106781186548,0.707106781186548,1.,     1631P   3317
1.,0.707106781186548,0.707106781186548,1.,1.,-6.57102355330308,     1631P   3318
129.9,4.39999999999998,-6.47102355330308,130.,4.39999999999998,     1631P   3319
-6.57102355330308,129.9,3.34999999999999,-6.47102355330308,130.,    1631P   3320
3.24999999999999,-7.62102355330307,129.9,3.34999999999999,          1631P   3321
-7.62102355330307,130.,3.24999999999999,-8.67102355330307,129.9,    1631P   3322
3.34999999999999,-8.77102355330307,130.,3.24999999999999,           1631P   3323
-8.67102355330307,129.9,4.39999999999998,-8.77102355330307,130.,    1631P   3324
4.39999999999998,-8.67102355330307,129.9,5.44999999999998,          1631P   3325
-8.77102355330307,130.,5.54999999999998,-7.62102355330307,129.9,    1631P   3326
5.44999999999998,-7.62102355330307,130.,5.54999999999998,           1631P   3327
-6.57102355330308,129.9,5.44999999999998,-6.47102355330308,130.,    1631P   3328
5.54999999999998,-6.57102355330308,129.9,4.39999999999998,          1631P   3329
-6.47102355330308,130.,4.39999999999998,-0.0642824346533283,        1631P   3330
0.0642824346533163,-3.14159265358979,3.14159265358979;              1631P   3331
128,1,8,1,2,0,0,0,0,0,1.59090909090909,1.59090909090909,            1633P   3332
5.44545454545455,5.44545454545455,0.0447437339981148,               1633P   3333
0.0447437339981148,0.0447437339981148,1.59316819379396,             1633P   3334
1.59316819379396,3.14159265358979,3.14159265358979,                 1633P   3335
4.69001711338564,4.69001711338564,6.23844157318147,                 1633P   3336
6.23844157318147,6.23844157318147,1.,1.,0.714972027724711,          1633P   3337
0.714972027724711,1.,1.,0.714972027724711,0.714972027724711,1.,     1633P   3338
1.,0.714972027724711,0.714972027724711,1.,1.,0.714972027724711,     1633P   3339
0.714972027724711,1.,1.,0.492016865856937,129.9,                    1633P   3340
10.9889908273559,0.492016865856937,87.5,10.9889908273559,           1633P   3341
11.2378729996468,129.9,10.5078599811334,11.2378729996468,87.5,      1633P   3342
10.5078599811334,10.9972473624293,129.9,-0.246070009433295,         1633P   3343
10.9972473624293,87.5,-0.246070009433295,10.7566217252117,129.9,    1633P   3344
-11.,10.7566217252117,87.5,-11.,0.,129.9,-11.,0.,87.5,-11.,         1633P   3345
-10.7566217252117,129.9,-11.,-10.7566217252117,87.5,-11.,           1633P   3346
-10.9972473624293,129.9,-0.246070009433266,-10.9972473624293,       1633P   3347
87.5,-0.246070009433266,-11.2378729996468,129.9,                    1633P   3348
10.5078599811335,-11.2378729996468,87.5,10.5078599811335,           1633P   3349
-0.492016865856914,129.9,10.9889908273559,-0.492016865856914,       1633P   3350
87.5,10.9889908273559,1.59090909090909,5.44545454545455,            1633P   3351
0.0447437339981148,6.23844157318147;                                1633P   3352
128,4,4,3,3,0,0,1,0,0,0.,0.,0.,0.,0.428571428571429,1.,1.,1.,1.,    1635P   3353
0.,0.,0.,0.,0.00804460716185708,0.0160892143237142,                 1635P   3354
0.0160892143237142,0.0160892143237142,0.0160892143237142,1.,1.,     1635P   3355
1.,1.,1.,1.,1.,1.,1.,1.,1.,1.,1.,1.,1.,1.,1.,1.,1.,1.,1.,1.,1.,     1635P   3356
1.,1.,0.492016865856903,87.5,10.9889908273559,0.472153037334599,    1635P   3357
87.5,10.9898802028051,0.425119234787732,87.5,10.9777383493851,      1635P   3358
0.395915960246415,87.5,10.9371239411012,0.390035188206564,87.5,     1635P   3359
10.9112727613774,0.492016865856903,87.4463692855876,                1635P   3360
10.9889908273559,0.472153037334599,87.4473203689738,                1635P   3361
10.9898802028051,0.425119234787732,87.4534088255156,                1635P   3362
10.9777383493851,0.395915960246415,87.4659408146633,                1635P   3363
10.9371239411012,0.390035188206564,87.4731846427938,                1635P   3364
10.9112727613774,0.486401278509667,87.3398954454122,                1635P   3365
10.942707267132,0.466932925511469,87.3432055594962,                 1635P   3366
10.9451842093517,0.420997124357893,87.3618017560943,                1635P   3367
10.9401429096468,0.392436487686542,87.3987330398667,                1635P   3368
10.9119112145127,0.386414208833192,87.4199477227061,                1635P   3369
10.8928217561022,0.466252503553663,87.3,10.839577191558,            1635P   3370
0.446589221996111,87.3021376409065,10.8473511699041,                1635P   3371
0.40047259855568,87.3230553552078,10.8608914467136,                 1635P   3372
0.375116114477607,87.3719165369554,10.8580511248812,                1635P   3373
0.372168116219178,87.4,10.8518411485461,0.453972064221533,87.3,     1635P   3374
10.790454548577,0.433597845623057,87.3,10.7998589338017,            1635P   3375
0.385990534841598,87.3182955440821,10.8218336410985,                1635P   3376
0.363177651377227,87.3700800699658,10.8323636716442,                1635P   3377
0.363177651377227,87.4,10.8323636716442,0.,1.,0.,                   1635P   3378
0.0160892143237142;                                                 1635P   3379
128,2,4,2,2,0,0,0,0,0,-3.14159265358979,-3.14159265358979,          1637P   3380
-3.14159265358979,-1.57079632679489,-1.57079632679489,              1637P   3381
-1.57079632679489,-4.27994480066655,-4.27994480066655,              1637P   3382
-4.27994480066655,-3.14159265358979,-3.14159265358979,              1637P   3383
-2.00324050651304,-2.00324050651304,-2.00324050651304,1.,           1637P   3384
0.707106781186801,1.,0.842345306472205,0.595628078307371,           1637P   3385
0.842345306472205,1.,0.707106781186801,1.,0.842345306472205,        1637P   3386
0.595628078307371,0.842345306472205,1.,0.707106781186801,1.,        1637P   3387
0.453972064221535,87.3,10.790454548577,0.363177651377228,87.3,      1637P   3388
10.8323636716442,0.363177651377228,87.4,10.8323636716442,           1637P   3389
0.319903368021461,87.3,10.5000001639128,0.255922694417169,87.3,     1637P   3390
10.6000001639128,0.255922694417169,87.4,10.6000001639128,0.,        1637P   3391
87.3,10.5000001639128,0.,87.3,10.6000001639128,0.,87.4,             1637P   3392
10.6000001639128,-0.31990336802146,87.3,10.5000001639128,           1637P   3393
-0.255922694417168,87.3,10.6000001639128,-0.255922694417168,        1637P   3394
87.4,10.6000001639128,-0.453972064221534,87.3,10.790454548577,      1637P   3395
-0.363177651377227,87.3,10.8323636716442,-0.363177651377227,        1637P   3396
87.4,10.8323636716442,-3.14159265358979,-1.57079632679489,          1637P   3397
-4.27994480066655,-2.00324050651304;                                1637P   3398
128,4,4,3,3,0,0,1,0,0,0.,0.,0.,0.,0.428571428571429,1.,1.,1.,1.,    1639P   3399
0.,0.,0.,0.,0.00804457382165775,0.0160891476433155,                 1639P   3400
0.0160891476433155,0.0160891476433155,0.0160891476433155,1.,1.,     1639P   3401
1.,1.,1.,1.,1.,1.,1.,1.,1.,1.,1.,1.,1.,1.,1.,1.,1.,1.,1.,1.,1.,     1639P   3402
1.,1.,-0.453972064221533,87.3,10.790454548577,                      1639P   3403
-0.433597845623057,87.3,10.7998589338017,-0.385990534841599,        1639P   3404
87.3182955440821,10.8218336410985,-0.363177651377227,               1639P   3405
87.3700800699658,10.8323636716442,-0.363177651377227,87.4,          1639P   3406
10.8323636716442,-0.466252452658413,87.3,10.8395769879734,          1639P   3407
-0.446589168154442,87.3021376320472,10.8473509730765,               1639P   3408
-0.400472538535982,87.3230553354812,10.8608912848418,               1639P   3409
-0.375116064999648,87.3719165293443,10.8580510184217,               1639P   3410
-0.372168078958951,87.4,10.8518410678234,-0.486402038370502,        1639P   3411
87.3399002706443,10.9427121898849,-0.466933663900244,               1639P   3412
87.3432103022085,10.945188905362,-0.420997798372681,                1639P   3413
87.3618059525626,10.9401467682989,-0.392437064149322,               1639P   3414
87.398736105737,10.9119138327907,-0.386414724948658,                1639P   3415
87.4199501353222,10.8928237156965,-0.492016865856903,               1639P   3416
87.4463695078555,10.9889908273559,-0.472153037334599,               1639P   3417
87.4473205873,10.9898802028051,-0.425119234787732,                  1639P   3418
87.4534090186088,10.9777383493851,-0.395915960246415,               1639P   3419
87.4659409558186,10.9371239411012,-0.390035188206564,               1639P   3420
87.4731847539278,10.9112727613774,-0.492016865856903,87.5,          1639P   3421
10.9889908273559,-0.472153037334599,87.5,10.9898802028051,          1639P   3422
-0.425119234787732,87.5,10.9777383493851,-0.395915960246415,        1639P   3423
87.5,10.9371239411012,-0.390035188206564,87.5,10.9112727613774,     1639P   3424
0.,1.,0.,0.0160891476433155;                                        1639P   3425
128,1,2,1,2,0,0,0,0,0,175.,175.,599.,599.,-0.695930509110168,       1641P   3426
-0.695930509110168,-0.695930509110168,0.69593050910994,             1641P   3427
0.69593050910994,0.69593050910994,1.,1.,0.767457484884079,          1641P   3428
0.767457484884079,1.,1.,-0.492016865856939,129.9,                   1641P   3429
10.9889908273559,-0.492016865856939,87.5,10.9889908273559,          1641P   3430
-0.408564919484689,129.9,10.9927272728356,-0.408564919484689,       1641P   3431
87.5,10.9927272728356,-0.390035188206597,129.9,10.9112727613774,    1641P   3432
-0.390035188206597,87.5,10.9112727613774,175.,599.,                 1641P   3433
-0.695930509110168,0.69593050910994;                                1641P   3434
128,4,4,3,3,0,0,1,0,0,0.,0.,0.,0.,0.428571428571429,1.,1.,1.,1.,    1643P   3435
0.,0.,0.,0.,0.00804460716185704,0.0160892143237141,                 1643P   3436
0.0160892143237141,0.0160892143237141,0.0160892143237141,1.,1.,     1643P   3437
1.,1.,1.,1.,1.,1.,1.,1.,1.,1.,1.,1.,1.,1.,1.,1.,1.,1.,1.,1.,1.,     1643P   3438
1.,1.,0.453972064221533,82.7,10.790454548577,0.433597845623057,     1643P   3439
82.7,10.7998589338017,0.38599012914535,82.6817049920503,            1643P   3440
10.8218338283609,0.363177651377227,82.6299199300342,                1643P   3441
10.8323636716442,0.363177651377227,82.6,10.8323636716442,           1643P   3442
0.466252503553663,82.7,10.839577191558,0.446589221996111,           1643P   3443
82.6978623590935,10.8473511699041,0.400472192859432,                1643P   3444
82.6769451809246,10.860891633976,0.375116114477607,                 1643P   3445
82.6280834630446,10.8580511248812,0.372168116219178,82.6,           1643P   3446
10.8518411485461,0.48640127895412,82.6601045579586,                 1643P   3447
10.9427072688006,0.466932926008087,82.656794443732,                 1643P   3448
10.9451842104273,0.420996803003725,82.6381985145831,                1643P   3449
10.940143188892,0.392436487120486,82.6012669623811,                 1643P   3450
10.9119112155114,0.386414209156449,82.5800522789793,                1643P   3451
10.8928217567624,0.492016865856905,82.5536307144124,                1643P   3452
10.9889908273559,0.472153037334601,82.5526796310262,                1643P   3453
10.9898802028051,0.425118996774087,82.5465911744843,                1643P   3454
10.9777387191365,0.395915960246415,82.5340591853367,                1643P   3455
10.9371239411012,0.390035188206564,82.5268153572062,                1643P   3456
10.9112727613774,0.492016865856905,82.5,10.9889908273559,           1643P   3457
0.472153037334601,82.5,10.9898802028051,0.425118996774087,82.5,     1643P   3458
10.9777387191365,0.395915960246415,82.5,10.9371239411012,           1643P   3459
0.390035188206564,82.5,10.9112727613774,0.,1.,0.,                   1643P   3460
0.0160892143237141;                                                 1643P   3461
128,1,2,1,2,0,0,0,0,0,-125.,-125.,-75.,-75.,-0.695930509110168,     1645P   3462
-0.695930509110168,-0.695930509110168,0.69593050910994,             1645P   3463
0.69593050910994,0.69593050910994,1.,1.,0.767457484884079,          1645P   3464
0.767457484884079,1.,1.,0.492016865856939,77.5,10.9889908273559,    1645P   3465
0.492016865856939,82.5,10.9889908273559,0.408564919484689,77.5,     1645P   3466
10.9927272728356,0.408564919484689,82.5,10.9927272728356,           1645P   3467
0.390035188206597,77.5,10.9112727613774,0.390035188206597,82.5,     1645P   3468
10.9112727613774,-125.,-75.,-0.695930509110168,0.69593050910994;    1645P   3469
128,4,4,3,3,0,0,1,0,0,0.,0.,0.,0.,0.428571428571429,1.,1.,1.,1.,    1647P   3470
0.,0.,0.,0.,0.00804460716185757,0.0160892143237151,                 1647P   3471
0.0160892143237151,0.0160892143237151,0.0160892143237151,1.,1.,     1647P   3472
1.,1.,1.,1.,1.,1.,1.,1.,1.,1.,1.,1.,1.,1.,1.,1.,1.,1.,1.,1.,1.,     1647P   3473
1.,1.,0.492016865856903,77.5,10.9889908273559,0.472153037334599,    1647P   3474
77.5,10.9898802028051,0.425118726999269,77.5,10.9777391382284,      1647P   3475
0.395915960246415,77.5,10.9371239411012,0.390035188206564,77.5,     1647P   3476
10.9112727613774,0.492016865856903,77.4463692855876,                1647P   3477
10.9889908273559,0.472153037334599,77.4473203689737,                1647P   3478
10.9898802028051,0.425118726999269,77.4534088255156,                1647P   3479
10.9777391382284,0.395915960246415,77.4659408146632,                1647P   3480
10.9371239411012,0.390035188206564,77.4731846427938,                1647P   3481
10.9112727613774,0.486401279463535,77.3398954381775,                1647P   3482
10.9427072707131,0.466932926577297,77.3432055525675,                1647P   3483
10.9451842116601,0.420996438776389,77.3618011785871,                1647P   3484
10.9401435054105,0.39243648647161,77.3987330350423,                 1647P   3485
10.9119112166561,0.386414209526958,77.4199477190887,                1647P   3486
10.8928217575191,0.466252503553664,77.3,10.839577191558,            1647P   3487
0.446589221996112,77.3021376409065,10.8473511699041,                1647P   3488
0.400471733026002,77.3230542114,10.8608918462271,                   1647P   3489
0.375116114477608,77.3719165369554,10.8580511248812,                1647P   3490
0.372168116219179,77.4,10.8518411485461,0.453972064221533,77.3,     1647P   3491
10.790454548577,0.433597845623057,77.3,10.7998589338017,            1647P   3492
0.385989669311919,77.3182944002743,10.821834040612,                 1647P   3493
0.363177651377227,77.3700800699658,10.8323636716442,                1647P   3494
0.363177651377227,77.4,10.8323636716442,0.,1.,0.,                   1647P   3495
0.0160892143237151;                                                 1647P   3496
128,2,4,2,2,0,0,0,0,0,-3.14159265358979,-3.14159265358979,          1649P   3497
-3.14159265358979,-1.57079632679489,-1.57079632679489,              1649P   3498
-1.57079632679489,-4.27994480066655,-4.27994480066655,              1649P   3499
-4.27994480066655,-3.14159265358979,-3.14159265358979,              1649P   3500
-2.00324050651304,-2.00324050651304,-2.00324050651304,1.,           1649P   3501
0.707106781186543,1.,0.842345306472206,0.595628078307153,           1649P   3502
0.842345306472206,1.,0.707106781186543,1.,0.842345306472206,        1649P   3503
0.595628078307153,0.842345306472206,1.,0.707106781186543,1.,        1649P   3504
0.453972064221534,77.3,10.790454548577,0.363177651377227,77.3,      1649P   3505
10.8323636716442,0.363177651377227,77.4,10.8323636716442,           1649P   3506
0.31990336802146,77.3,10.5000001639128,0.255922694417168,77.3,      1649P   3507
10.6000001639128,0.255922694417168,77.4,10.6000001639128,0.,        1649P   3508
77.3,10.5000001639128,0.,77.3,10.6000001639128,0.,77.4,             1649P   3509
10.6000001639128,-0.31990336802146,77.3,10.5000001639128,           1649P   3510
-0.255922694417168,77.3,10.6000001639128,-0.255922694417168,        1649P   3511
77.4,10.6000001639128,-0.453972064221534,77.3,10.790454548577,      1649P   3512
-0.363177651377227,77.3,10.8323636716442,-0.363177651377227,        1649P   3513
77.4,10.8323636716442,-3.14159265358979,-1.57079632679489,          1649P   3514
-4.27994480066655,-2.00324050651304;                                1649P   3515
128,4,4,3,3,0,0,1,0,0,0.,0.,0.,0.,0.428571428571429,1.,1.,1.,1.,    1651P   3516
0.,0.,0.,0.,0.00804457382165794,0.0160891476433159,                 1651P   3517
0.0160891476433159,0.0160891476433159,0.0160891476433159,1.,1.,     1651P   3518
1.,1.,1.,1.,1.,1.,1.,1.,1.,1.,1.,1.,1.,1.,1.,1.,1.,1.,1.,1.,1.,     1651P   3519
1.,1.,-0.453972064221533,77.3,10.790454548577,                      1651P   3520
-0.433597845623057,77.3,10.7998589338017,-0.385989669311919,        1651P   3521
77.3182944002743,10.821834040612,-0.363177651377227,                1651P   3522
77.3700800699658,10.8323636716442,-0.363177651377227,77.4,          1651P   3523
10.8323636716442,-0.466252452658412,77.3,10.8395769879734,          1651P   3524
-0.446589168154441,77.3021376320472,10.8473509730765,               1651P   3525
-0.400471673006302,77.3230541916734,10.8608916843553,               1651P   3526
-0.375116064999647,77.3719165293443,10.8580510184217,               1651P   3527
-0.37216807895895,77.4,10.8518410678234,-0.486402039330481,         1651P   3528
77.3399002634275,10.942712193491,-0.466933664972485,                1651P   3529
77.3432102952983,10.9451889076944,-0.420997112798217,               1651P   3530
77.3618053750732,10.9401473640821,-0.392437062940222,               1651P   3531
77.3987361009248,10.9119138349471,-0.386414725646884,               1651P   3532
77.4199501317137,10.8928237171233,-0.492016865856903,               1651P   3533
77.4463695078556,10.9889908273559,-0.472153037334599,               1651P   3534
77.4473205873001,10.9898802028051,-0.425118726999269,               1651P   3535
77.4534090186088,10.9777391382284,-0.395915960246415,               1651P   3536
77.4659409558187,10.9371239411012,-0.390035188206564,               1651P   3537
77.4731847539278,10.9112727613774,-0.492016865856903,77.5,          1651P   3538
10.9889908273559,-0.472153037334599,77.5,10.9898802028051,          1651P   3539
-0.425118726999269,77.5,10.9777391382284,-0.395915960246415,        1651P   3540
77.5,10.9371239411012,-0.390035188206564,77.5,10.9112727613774,     1651P   3541
0.,1.,0.,0.0160891476433159;                                        1651P   3542
128,1,2,1,2,0,0,0,0,0,74.9999999999999,74.9999999999999,125.,       1653P   3543
125.,-0.695930509110168,-0.695930509110168,-0.695930509110168,      1653P   3544
0.69593050910994,0.69593050910994,0.69593050910994,1.,1.,           1653P   3545
0.767457484884079,0.767457484884079,1.,1.,-0.492016865856939,       1653P   3546
82.5,10.9889908273559,-0.492016865856939,77.5,10.9889908273559,     1653P   3547
-0.408564919484689,82.5,10.9927272728356,-0.408564919484689,        1653P   3548
77.5,10.9927272728356,-0.390035188206597,82.5,10.9112727613774,     1653P   3549
-0.390035188206597,77.5,10.9112727613774,74.9999999999999,125.,     1653P   3550
-0.695930509110168,0.69593050910994;                                1653P   3551
128,4,4,3,3,0,0,1,0,0,0.,0.,0.,0.,0.428571428571429,1.,1.,1.,1.,    1655P   3552
0.,0.,0.,0.,0.0080446071618575,0.016089214323715,                   1655P   3553
0.016089214323715,0.016089214323715,0.016089214323715,1.,1.,1.,     1655P   3554
1.,1.,1.,1.,1.,1.,1.,1.,1.,1.,1.,1.,1.,1.,1.,1.,1.,1.,1.,1.,1.,     1655P   3555
1.,-0.492016865856905,82.5,10.9889908273559,-0.472153037334601,     1655P   3556
82.5,10.9898802028051,-0.425118996774087,82.5,10.9777387191365,     1655P   3557
-0.395915960246415,82.5,10.9371239411012,-0.390035188206564,        1655P   3558
82.5,10.9112727613774,-0.492016865856905,82.5536307144124,          1655P   3559
10.9889908273559,-0.472153037334601,82.5526796310262,               1655P   3560
10.9898802028051,-0.425118996774087,82.5465911744843,               1655P   3561
10.9777387191365,-0.395915960246415,82.5340591853367,               1655P   3562
10.9371239411012,-0.390035188206564,82.5268153572062,               1655P   3563
10.9112727613774,-0.486401278954102,82.6601045579586,               1655P   3564
10.9427072688006,-0.466932926008069,82.656794443732,                1655P   3565
10.9451842104273,-0.420996803003708,82.6381985145831,               1655P   3566
10.9401431888919,-0.392436487120472,82.6012669623811,               1655P   3567
10.9119112155114,-0.386414209156438,82.5800522789793,               1655P   3568
10.8928217567624,-0.466252503553663,82.7,10.839577191558,           1655P   3569
-0.446589221996111,82.6978623590935,10.8473511699041,               1655P   3570
-0.400472192859432,82.6769451809246,10.860891633976,                1655P   3571
-0.375116114477607,82.6280834630446,10.8580511248812,               1655P   3572
-0.372168116219178,82.6,10.8518411485461,-0.453972064221533,        1655P   3573
82.7,10.790454548577,-0.433597845623056,82.7,10.7998589338017,      1655P   3574
-0.38599012914535,82.6817049920503,10.8218338283609,                1655P   3575
-0.363177651377227,82.6299199300342,10.8323636716442,               1655P   3576
-0.363177651377227,82.6,10.8323636716442,0.,1.,0.,                  1655P   3577
0.016089214323715;                                                  1655P   3578
128,2,4,2,2,0,0,0,0,0,-3.14159265358979,-3.14159265358979,          1657P   3579
-3.14159265358979,-1.57079632679489,-1.57079632679489,              1657P   3580
-1.57079632679489,-1.13835214707676,-1.13835214707676,              1657P   3581
-1.13835214707676,-2.22044604925031D-16,-2.22044604925031D-16,      1657P   3582
1.13835214707676,1.13835214707676,1.13835214707676,1.,              1657P   3583
0.707106781186801,1.,0.842345306472205,0.595628078307371,           1657P   3584
0.842345306472205,1.,0.707106781186801,1.,0.842345306472205,        1657P   3585
0.595628078307371,0.842345306472205,1.,0.707106781186801,1.,        1657P   3586
-0.453972064221535,82.7,10.790454548577,-0.363177651377228,82.7,    1657P   3587
10.8323636716442,-0.363177651377228,82.6,10.8323636716442,          1657P   3588
-0.319903368021461,82.7,10.5000001639128,-0.255922694417169,        1657P   3589
82.7,10.6000001639128,-0.255922694417169,82.6,10.6000001639128,     1657P   3590
0.,82.7,10.5000001639128,0.,82.7,10.6000001639128,0.,82.6,          1657P   3591
10.6000001639128,0.31990336802146,82.7,10.5000001639128,            1657P   3592
0.255922694417168,82.7,10.6000001639128,0.255922694417168,82.6,     1657P   3593
10.6000001639128,0.453972064221534,82.7,10.790454548577,            1657P   3594
0.363177651377227,82.7,10.8323636716442,0.363177651377227,82.6,     1657P   3595
10.8323636716442,-3.14159265358979,-1.57079632679489,               1657P   3596
-1.13835214707676,1.13835214707676;                                 1657P   3597
128,1,1,1,1,0,0,1,0,0,-1.10299259787109,-1.10299259787109,          1659P   3598
1.10299259787109,1.10299259787109,-1.0800454548577,                 1659P   3599
-1.0800454548577,1.081,1.081,1.,1.,1.,1.,-11.0299259787109,82.7,    1659P   3600
10.800454548577,11.0299259787109,82.7,10.800454548577,              1659P   3601
-11.0299259787109,82.7,-10.81,11.0299259787109,82.7,-10.81,         1659P   3602
-1.10299259787109,1.10299259787109,-1.0800454548577,1.081;          1659P   3603
128,1,8,1,2,0,0,0,0,0,0.681818181818181,0.681818181818181,          1661P   3604
1.13636363636364,1.13636363636364,-6.23844157318147,                1661P   3605
-6.23844157318147,-6.23844157318147,-4.69001711338563,              1661P   3606
-4.69001711338563,-3.14159265358979,-3.14159265358979,              1661P   3607
-1.59316819379395,-1.59316819379395,-0.0447437339981116,            1661P   3608
-0.0447437339981116,-0.0447437339981116,1.,1.,0.714972027724711,    1661P   3609
0.714972027724711,1.,1.,0.714972027724711,0.714972027724711,1.,     1661P   3610
1.,0.714972027724711,0.714972027724711,1.,1.,0.714972027724711,     1661P   3611
0.714972027724711,1.,1.,0.492016865856905,82.5,10.9889908273559,    1661P   3612
0.492016865856905,77.5,10.9889908273559,11.2378729996468,82.5,      1661P   3613
10.5078599811335,11.2378729996468,77.5,10.5078599811335,            1661P   3614
10.9972473624293,82.5,-0.246070009433266,10.9972473624293,77.5,     1661P   3615
-0.246070009433266,10.7566217252117,82.5,-11.,10.7566217252117,     1661P   3616
77.5,-11.,0.,82.5,-11.,0.,77.5,-11.,-10.7566217252117,82.5,-11.,    1661P   3617
-10.7566217252117,77.5,-11.,-10.9972473624293,82.5,                 1661P   3618
-0.246070009433273,-10.9972473624293,77.5,-0.246070009433273,       1661P   3619
-11.2378729996468,82.5,10.5078599811335,-11.2378729996468,77.5,     1661P   3620
10.5078599811335,-0.492016865856907,82.5,10.9889908273559,          1661P   3621
-0.492016865856907,77.5,10.9889908273559,0.681818181818181,         1661P   3622
1.13636363636364,-6.23844157318147,-0.0447437339981116;             1661P   3623
128,2,8,2,2,0,0,0,0,0,0.,0.,0.,1.57079632679491,                    1663P   3624
1.57079632679491,1.57079632679491,-6.24113846852606,                1663P   3625
-6.24113846852606,-6.24113846852606,-4.69136556105792,              1663P   3626
-4.69136556105792,-3.14159265358979,-3.14159265358979,              1663P   3627
-1.59181974612166,-1.59181974612166,-0.0420468386535294,            1663P   3628
-0.0420468386535294,-0.0420468386535294,1.,0.70710678118652,1.,     1663P   3629
0.714500479597903,0.505228134284698,0.714500479597903,1.,           1663P   3630
0.70710678118652,1.,0.714500479597903,0.505228134284698,            1663P   3631
0.714500479597903,1.,0.70710678118652,1.,0.714500479597903,         1663P   3632
0.505228134284698,0.714500479597903,1.,0.70710678118652,1.,         1663P   3633
0.714500479597903,0.505228134284698,0.714500479597903,1.,           1663P   3634
0.70710678118652,1.,0.45397206422154,82.7,10.790454548577,          1663P   3635
0.462378954299716,82.7,10.9902777809581,0.462378954299716,82.5,     1663P   3636
10.9902777809581,11.0199259787109,82.7,10.3459275930686,            1663P   3637
11.2239986820204,82.7,10.5375188447921,11.2239986820204,82.5,       1663P   3638
10.5375188447921,10.7976133734412,82.7,-0.227036203465678,          1663P   3639
10.9975691766531,82.7,-0.231240577603932,10.9975691766531,82.5,     1663P   3640
-0.231240577603932,10.5753007681714,82.7,-10.8,10.7711396712857,    1663P   3641
82.7,-11.,10.7711396712857,82.5,-11.,0.,82.7,-10.8,0.,82.7,-11.,    1663P   3642
0.,82.5,-11.,-10.5753007681714,82.7,-10.8,-10.7711396712857,        1663P   3643
82.7,-11.,-10.7711396712857,82.5,-11.,-10.7976133734412,82.7,       1663P   3644
-0.227036203465676,-10.9975691766531,82.7,-0.231240577603929,       1663P   3645
-10.9975691766531,82.5,-0.231240577603929,-11.0199259787109,        1663P   3646
82.7,10.3459275930686,-11.2239986820204,82.7,10.5375188447921,      1663P   3647
-11.2239986820204,82.5,10.5375188447921,-0.453972064221537,82.7,    1663P   3648
10.790454548577,-0.462378954299714,82.7,10.9902777809581,           1663P   3649
-0.462378954299714,82.5,10.9902777809581,0.,1.57079632679491,       1663P   3650
-6.24113846852606,-0.0420468386535294;                              1663P   3651
128,1,4,1,2,0,0,0,0,0,61.7499999999999,61.7499999999999,            1665P   3652
74.7499999999999,74.7499999999999,-2.91791361101683,                1665P   3653
-2.91791361101683,-2.91791361101683,-1.5707963267949,               1665P   3654
-1.5707963267949,-0.223679042572963,-0.223679042572963,             1665P   3655
-0.223679042572963,1.,1.,0.781606840533769,0.781606840533769,1.,    1665P   3656
1.,0.781606840533769,0.781606840533769,1.,1.,0.390035188206566,     1665P   3657
77.4,10.9112727613774,0.390035188206566,82.6,10.9112727613774,      1665P   3658
0.319225143655299,77.4,10.6000001639128,0.319225143655299,82.6,     1665P   3659
10.6000001639128,0.,77.4,10.6000001639128,0.,82.6,                  1665P   3660
10.6000001639128,-0.319225143655299,77.4,10.6000001639128,          1665P   3661
-0.319225143655299,82.6,10.6000001639128,-0.390035188206566,        1665P   3662
77.4,10.9112727613774,-0.390035188206566,82.6,10.9112727613774,     1665P   3663
61.7499999999999,74.7499999999999,-2.91791361101683,                1665P   3664
-0.223679042572963;                                                 1665P   3665
128,4,4,3,3,0,0,1,0,0,0.,0.,0.,0.,0.428571428571429,1.,1.,1.,1.,    1667P   3666
0.,0.,0.,0.,0.00804460716185727,0.0160892143237145,                 1667P   3667
0.0160892143237145,0.0160892143237145,0.0160892143237145,1.,1.,     1667P   3668
1.,1.,1.,1.,1.,1.,1.,1.,1.,1.,1.,1.,1.,1.,1.,1.,1.,1.,1.,1.,1.,     1667P   3669
1.,1.,0.453972064221533,72.7,10.790454548577,0.433597845623057,     1667P   3670
72.7,10.7998589338017,0.385989176173222,72.6817062514143,           1667P   3671
10.8218342682362,0.363177651377227,72.6299199300342,                1667P   3672
10.8323636716442,0.363177651377227,72.6,10.8323636716442,           1667P   3673
0.466252503553663,72.7,10.839577191558,0.446589221996111,           1667P   3674
72.6978623590935,10.8473511699041,0.400471239887304,                1667P   3675
72.6769464402886,10.8608920738513,0.375116114477607,                1667P   3676
72.6280834630446,10.8580511248812,0.372168116219178,72.6,           1667P   3677
10.8518411485461,0.486401280016704,72.6601045660183,                1667P   3678
10.9427072727898,0.466932927195395,72.6567944514508,                1667P   3679
10.9451842129988,0.420996048179533,72.6381991505046,                1667P   3680
10.9401438448667,0.392436485767029,72.6012669677557,                1667P   3681
10.9119112178991,0.386414209929288,72.5800522830092,                1667P   3682
10.8928217583408,0.492016865856905,72.5536307144124,                1667P   3683
10.9889908273559,0.472153037334601,72.5526796310262,                1667P   3684
10.9898802028051,0.425118437684937,72.5465911744844,                1667P   3685
10.9777395876747,0.395915960246415,72.5340591853368,                1667P   3686
10.9371239411012,0.390035188206564,72.5268153572062,                1667P   3687
10.9112727613774,0.492016865856905,72.5,10.9889908273559,           1667P   3688
0.472153037334601,72.5,10.9898802028051,0.425118437684937,72.5,     1667P   3689
10.9777395876747,0.395915960246415,72.5,10.9371239411012,           1667P   3690
0.390035188206564,72.5,10.9112727613774,0.,1.,0.,                   1667P   3691
0.0160892143237145;                                                 1667P   3692
128,1,2,1,2,0,0,0,0,0,-25.,-25.,25.,25.,-0.695930509110034,         1669P   3693
-0.695930509110034,-0.695930509110034,0.695930509110021,            1669P   3694
0.695930509110021,0.695930509110021,1.,1.,0.767457484884095,        1669P   3695
0.767457484884095,1.,1.,0.492016865856905,67.5,10.9889908273559,    1669P   3696
0.492016865856905,72.5,10.9889908273559,0.408564919484671,67.5,     1669P   3697
10.9927272728356,0.408564919484671,72.5,10.9927272728356,           1669P   3698
0.390035188206564,67.5,10.9112727613774,0.390035188206564,72.5,     1669P   3699
10.9112727613774,-25.,25.,-0.695930509110034,0.695930509110021;     1669P   3700
128,4,4,3,3,0,0,1,0,0,0.,0.,0.,0.,0.428571428571429,1.,1.,1.,1.,    1671P   3701
0.,0.,0.,0.,0.00804460716185736,0.0160892143237147,                 1671P   3702
0.0160892143237147,0.0160892143237147,0.0160892143237147,1.,1.,     1671P   3703
1.,1.,1.,1.,1.,1.,1.,1.,1.,1.,1.,1.,1.,1.,1.,1.,1.,1.,1.,1.,1.,     1671P   3704
1.,1.,0.492016865856903,67.5,10.9889908273559,0.472153037334599,    1671P   3705
67.5,10.9898802028051,0.425118106456045,67.5,10.9777401022348,      1671P   3706
0.395915960246415,67.5,10.9371239411012,0.390035188206564,67.5,     1671P   3707
10.9112727613774,0.492016865856903,67.4463692855876,                1671P   3708
10.9889908273559,0.472153037334599,67.4473203689737,                1671P   3709
10.9898802028051,0.425118106456045,67.4534088255156,                1671P   3710
10.9777401022348,0.395915960246415,67.4659408146632,                1671P   3711
10.9371239411012,0.390035188206564,67.4731846427938,                1671P   3712
10.9112727613774,0.486401280658904,67.339895429111,                 1671P   3713
10.9427072752009,0.466932927912973,67.3432055438845,                1671P   3714
10.945184214553,0.420995601009148,67.3618004726765,                 1671P   3715
10.9401442335179,0.392436484949089,67.3987330289963,                1671P   3716
10.9119112193422,0.386414210396373,67.4199477145555,                1671P   3717
10.8928217592948,0.466252503553663,67.3,10.839577191558,            1671P   3718
0.446589221996111,67.3021376409065,10.8473511699041,                1671P   3719
0.400470675304891,67.323052813609,10.8608923344528,                 1671P   3720
0.375116114477607,67.3719165369554,10.8580511248812,                1671P   3721
0.372168116219178,67.4,10.8518411485461,0.453972064221533,67.3,     1671P   3722
10.790454548577,0.433597845623057,67.3,10.7998589338017,            1671P   3723
0.385988611590809,67.3182930024833,10.8218345288377,                1671P   3724
0.363177651377227,67.3700800699658,10.8323636716442,                1671P   3725
0.363177651377227,67.4,10.8323636716442,0.,1.,0.,                   1671P   3726
0.0160892143237147;                                                 1671P   3727
128,2,4,2,2,0,0,0,0,0,-3.14159265358979,-3.14159265358979,          1673P   3728
-3.14159265358979,-1.57079632679489,-1.57079632679489,              1673P   3729
-1.57079632679489,-4.27994480066655,-4.27994480066655,              1673P   3730
-4.27994480066655,-3.14159265358979,-3.14159265358979,              1673P   3731
-2.00324050651304,-2.00324050651304,-2.00324050651304,1.,           1673P   3732
0.707106781186543,1.,0.842345306472206,0.595628078307153,           1673P   3733
0.842345306472206,1.,0.707106781186543,1.,0.842345306472206,        1673P   3734
0.595628078307153,0.842345306472206,1.,0.707106781186543,1.,        1673P   3735
0.453972064221534,67.3,10.790454548577,0.363177651377227,67.3,      1673P   3736
10.8323636716442,0.363177651377227,67.4,10.8323636716442,           1673P   3737
0.31990336802146,67.3,10.5000001639128,0.255922694417168,67.3,      1673P   3738
10.6000001639128,0.255922694417168,67.4,10.6000001639128,0.,        1673P   3739
67.3,10.5000001639128,0.,67.3,10.6000001639128,0.,67.4,             1673P   3740
10.6000001639128,-0.31990336802146,67.3,10.5000001639128,           1673P   3741
-0.255922694417168,67.3,10.6000001639128,-0.255922694417168,        1673P   3742
67.4,10.6000001639128,-0.453972064221534,67.3,10.790454548577,      1673P   3743
-0.363177651377227,67.3,10.8323636716442,-0.363177651377227,        1673P   3744
67.4,10.8323636716442,-3.14159265358979,-1.57079632679489,          1673P   3745
-4.27994480066655,-2.00324050651304;                                1673P   3746
128,4,4,3,3,0,0,1,0,0,0.,0.,0.,0.,0.428571428571429,1.,1.,1.,1.,    1675P   3747
0.,0.,0.,0.,0.00804457382165784,0.0160891476433157,                 1675P   3748
0.0160891476433157,0.0160891476433157,0.0160891476433157,1.,1.,     1675P   3749
1.,1.,1.,1.,1.,1.,1.,1.,1.,1.,1.,1.,1.,1.,1.,1.,1.,1.,1.,1.,1.,     1675P   3750
1.,1.,-0.453972064221533,67.3,10.790454548577,                      1675P   3751
-0.433597845623057,67.3,10.7998589338017,-0.385988611590809,        1675P   3752
67.3182930024833,10.8218345288377,-0.363177651377227,               1675P   3753
67.3700800699658,10.8323636716442,-0.363177651377227,67.4,          1675P   3754
10.8323636716442,-0.466252452658413,67.3,10.8395769879734,          1675P   3755
-0.446589168154442,67.3021376320472,10.8473509730765,               1675P   3756
-0.400470615285193,67.3230527938823,10.860892172581,                1675P   3757
-0.375116064999648,67.3719165293443,10.8580510184217,               1675P   3758
-0.372168078958951,67.4,10.8518410678234,-0.486402040533523,        1675P   3759
67.3399002543836,10.9427121980101,-0.466933666316212,               1675P   3760
67.3432102866389,10.9451889106174,-0.420996275039811,               1675P   3761
67.3618046691854,10.9401480922141,-0.392437061425018,               1675P   3762
67.3987360948943,10.9119138376494,-0.386414726521899,               1675P   3763
67.4199501271918,10.8928237189114,-0.492016865856903,               1675P   3764
67.4463695078556,10.9889908273559,-0.472153037334599,               1675P   3765
67.4473205873001,10.9898802028051,-0.425118106456045,               1675P   3766
67.4534090186088,10.9777401022348,-0.395915960246415,               1675P   3767
67.4659409558187,10.9371239411012,-0.390035188206564,               1675P   3768
67.4731847539278,10.9112727613774,-0.492016865856903,67.5,          1675P   3769
10.9889908273559,-0.472153037334599,67.5,10.9898802028051,          1675P   3770
-0.425118106456045,67.5,10.9777401022348,-0.395915960246415,        1675P   3771
67.5,10.9371239411012,-0.390035188206564,67.5,10.9112727613774,     1675P   3772
0.,1.,0.,0.0160891476433157;                                        1675P   3773
128,1,2,1,2,0,0,0,0,0,-25.0000000000001,-25.0000000000001,25.,      1677P   3774
25.,-0.695930509110031,-0.695930509110031,-0.695930509110031,       1677P   3775
0.695930509110021,0.695930509110021,0.695930509110021,1.,1.,        1677P   3776
0.767457484884097,0.767457484884097,1.,1.,-0.492016865856905,       1677P   3777
72.5,10.9889908273559,-0.492016865856905,67.5,10.9889908273559,     1677P   3778
-0.408564919484671,72.5,10.9927272728356,-0.408564919484671,        1677P   3779
67.5,10.9927272728356,-0.390035188206564,72.5,10.9112727613774,     1677P   3780
-0.390035188206564,67.5,10.9112727613774,-25.0000000000001,25.,     1677P   3781
-0.695930509110031,0.695930509110021;                               1677P   3782
128,4,4,3,3,0,0,1,0,0,0.,0.,0.,0.,0.428571428571429,1.,1.,1.,1.,    1679P   3783
0.,0.,0.,0.,0.0080446071618573,0.0160892143237146,                  1679P   3784
0.0160892143237146,0.0160892143237146,0.0160892143237146,1.,1.,     1679P   3785
1.,1.,1.,1.,1.,1.,1.,1.,1.,1.,1.,1.,1.,1.,1.,1.,1.,1.,1.,1.,1.,     1679P   3786
1.,1.,-0.492016865856904,72.5,10.9889908273559,-0.4721530373346,    1679P   3787
72.5,10.9898802028051,-0.425118437684937,72.5,10.9777395876747,     1679P   3788
-0.395915960246415,72.5,10.9371239411012,-0.390035188206564,        1679P   3789
72.5,10.9112727613774,-0.492016865856904,72.5536307144124,          1679P   3790
10.9889908273559,-0.4721530373346,72.5526796310263,                 1679P   3791
10.9898802028051,-0.425118437684937,72.5465911744844,               1679P   3792
10.9777395876747,-0.395915960246415,72.5340591853368,               1679P   3793
10.9371239411012,-0.390035188206564,72.5268153572062,               1679P   3794
10.9112727613774,-0.486401280016719,72.6601045660182,               1679P   3795
10.94270727279,-0.466932927195411,72.6567944514507,                 1679P   3796
10.9451842129989,-0.420996048179547,72.6381991505045,               1679P   3797
10.9401438448667,-0.392436485767041,72.6012669677556,               1679P   3798
10.9119112178991,-0.386414209929299,72.5800522830091,               1679P   3799
10.8928217583409,-0.466252503553663,72.7,10.839577191558,           1679P   3800
-0.446589221996112,72.6978623590935,10.8473511699041,               1679P   3801
-0.400471239887304,72.6769464402887,10.8608920738513,               1679P   3802
-0.375116114477607,72.6280834630446,10.8580511248812,               1679P   3803
-0.372168116219178,72.6,10.8518411485461,-0.453972064221533,        1679P   3804
72.7,10.790454548577,-0.433597845623056,72.7,10.7998589338017,      1679P   3805
-0.385989176173222,72.6817062514143,10.8218342682362,               1679P   3806
-0.363177651377227,72.6299199300342,10.8323636716442,               1679P   3807
-0.363177651377227,72.6,10.8323636716442,0.,1.,0.,                  1679P   3808
0.0160892143237146;                                                 1679P   3809
128,2,4,2,2,0,0,0,0,0,-3.14159265358979,-3.14159265358979,          1681P   3810
-3.14159265358979,-1.57079632679489,-1.57079632679489,              1681P   3811
-1.57079632679489,-1.13835214707676,-1.13835214707676,              1681P   3812
-1.13835214707676,-2.22044604925031D-16,-2.22044604925031D-16,      1681P   3813
1.13835214707676,1.13835214707676,1.13835214707676,1.,              1681P   3814
0.707106781186543,1.,0.842345306472205,0.595628078307153,           1681P   3815
0.842345306472205,1.,0.707106781186543,1.,0.842345306472205,        1681P   3816
0.595628078307153,0.842345306472205,1.,0.707106781186543,1.,        1681P   3817
-0.453972064221535,72.7,10.790454548577,-0.363177651377228,72.7,    1681P   3818
10.8323636716442,-0.363177651377228,72.6,10.8323636716442,          1681P   3819
-0.319903368021461,72.7,10.5000001639128,-0.255922694417169,        1681P   3820
72.7,10.6000001639128,-0.255922694417169,72.6,10.6000001639128,     1681P   3821
0.,72.7,10.5000001639128,0.,72.7,10.6000001639128,0.,72.6,          1681P   3822
10.6000001639128,0.31990336802146,72.7,10.5000001639128,            1681P   3823
0.255922694417168,72.7,10.6000001639128,0.255922694417168,72.6,     1681P   3824
10.6000001639128,0.453972064221534,72.7,10.790454548577,            1681P   3825
0.363177651377227,72.7,10.8323636716442,0.363177651377227,72.6,     1681P   3826
10.8323636716442,-3.14159265358979,-1.57079632679489,               1681P   3827
-1.13835214707676,1.13835214707676;                                 1681P   3828
128,1,1,1,1,0,0,1,0,0,-1.10299259787109,-1.10299259787109,          1683P   3829
1.10299259787109,1.10299259787109,-1.0800454548577,                 1683P   3830
-1.0800454548577,1.081,1.081,1.,1.,1.,1.,-11.0299259787109,72.7,    1683P   3831
10.800454548577,11.0299259787109,72.7,10.800454548577,              1683P   3832
-11.0299259787109,72.7,-10.81,11.0299259787109,72.7,-10.81,         1683P   3833
-1.10299259787109,1.10299259787109,-1.0800454548577,1.081;          1683P   3834
128,1,8,1,2,0,0,0,0,0,-0.227272727272728,-0.227272727272728,        1685P   3835
0.227272727272727,0.227272727272727,-6.23844157318147,              1685P   3836
-6.23844157318147,-6.23844157318147,-4.69001711338563,              1685P   3837
-4.69001711338563,-3.14159265358979,-3.14159265358979,              1685P   3838
-1.59316819379395,-1.59316819379395,-0.0447437339981116,            1685P   3839
-0.0447437339981116,-0.0447437339981116,1.,1.,0.714972027724711,    1685P   3840
0.714972027724711,1.,1.,0.714972027724711,0.714972027724711,1.,     1685P   3841
1.,0.714972027724711,0.714972027724711,1.,1.,0.714972027724711,     1685P   3842
0.714972027724711,1.,1.,0.492016865856905,72.5,10.9889908273559,    1685P   3843
0.492016865856905,67.5,10.9889908273559,11.2378729996468,72.5,      1685P   3844
10.5078599811335,11.2378729996468,67.5,10.5078599811335,            1685P   3845
10.9972473624293,72.5,-0.246070009433266,10.9972473624293,67.5,     1685P   3846
-0.246070009433266,10.7566217252117,72.5,-11.,10.7566217252117,     1685P   3847
67.5,-11.,0.,72.5,-11.,0.,67.5,-11.,-10.7566217252117,72.5,-11.,    1685P   3848
-10.7566217252117,67.5,-11.,-10.9972473624293,72.5,                 1685P   3849
-0.246070009433273,-10.9972473624293,67.5,-0.246070009433273,       1685P   3850
-11.2378729996468,72.5,10.5078599811335,-11.2378729996468,67.5,     1685P   3851
10.5078599811335,-0.492016865856907,72.5,10.9889908273559,          1685P   3852
-0.492016865856907,67.5,10.9889908273559,-0.227272727272728,        1685P   3853
0.227272727272727,-6.23844157318147,-0.0447437339981116;            1685P   3854
128,2,8,2,2,0,0,0,0,0,0.,0.,0.,1.57079632679491,                    1687P   3855
1.57079632679491,1.57079632679491,-6.24113846852606,                1687P   3856
-6.24113846852606,-6.24113846852606,-4.69136556105792,              1687P   3857
-4.69136556105792,-3.14159265358979,-3.14159265358979,              1687P   3858
-1.59181974612166,-1.59181974612166,-0.0420468386535294,            1687P   3859
-0.0420468386535294,-0.0420468386535294,1.,0.707106781186649,1.,    1687P   3860
0.714500479597903,0.50522813428479,0.714500479597903,1.,            1687P   3861
0.707106781186649,1.,0.714500479597903,0.50522813428479,            1687P   3862
0.714500479597903,1.,0.707106781186649,1.,0.714500479597903,        1687P   3863
0.50522813428479,0.714500479597903,1.,0.707106781186649,1.,         1687P   3864
0.714500479597903,0.50522813428479,0.714500479597903,1.,            1687P   3865
0.707106781186649,1.,0.45397206422154,72.7,10.790454548577,         1687P   3866
0.462378954299716,72.7,10.9902777809581,0.462378954299716,72.5,     1687P   3867
10.9902777809581,11.0199259787109,72.7,10.3459275930686,            1687P   3868
11.2239986820204,72.7,10.5375188447921,11.2239986820204,72.5,       1687P   3869
10.5375188447921,10.7976133734412,72.7,-0.227036203465678,          1687P   3870
10.9975691766531,72.7,-0.231240577603932,10.9975691766531,72.5,     1687P   3871
-0.231240577603932,10.5753007681714,72.7,-10.8,10.7711396712857,    1687P   3872
72.7,-11.,10.7711396712857,72.5,-11.,0.,72.7,-10.8,0.,72.7,-11.,    1687P   3873
0.,72.5,-11.,-10.5753007681714,72.7,-10.8,-10.7711396712857,        1687P   3874
72.7,-11.,-10.7711396712857,72.5,-11.,-10.7976133734412,72.7,       1687P   3875
-0.227036203465676,-10.9975691766531,72.7,-0.231240577603929,       1687P   3876
-10.9975691766531,72.5,-0.231240577603929,-11.0199259787109,        1687P   3877
72.7,10.3459275930686,-11.2239986820204,72.7,10.5375188447921,      1687P   3878
-11.2239986820204,72.5,10.5375188447921,-0.453972064221537,72.7,    1687P   3879
10.790454548577,-0.462378954299714,72.7,10.9902777809581,           1687P   3880
-0.462378954299714,72.5,10.9902777809581,0.,1.57079632679491,       1687P   3881
-6.24113846852606,-0.0420468386535294;                              1687P   3882
128,1,4,1,2,0,0,0,0,0,36.75,36.75,49.75,49.75,-2.91791361101682,    1689P   3883
-2.91791361101682,-2.91791361101682,-1.5707963267949,               1689P   3884
-1.5707963267949,-0.223679042572975,-0.223679042572975,             1689P   3885
-0.223679042572975,1.,1.,0.781606840533773,0.781606840533773,1.,    1689P   3886
1.,0.781606840533773,0.781606840533773,1.,1.,0.390035188206565,     1689P   3887
67.4,10.9112727613774,0.390035188206565,72.6,10.9112727613774,      1689P   3888
0.319225143655295,67.4,10.6000001639128,0.319225143655295,72.6,     1689P   3889
10.6000001639128,0.,67.4,10.6000001639128,0.,72.6,                  1689P   3890
10.6000001639128,-0.319225143655295,67.4,10.6000001639128,          1689P   3891
-0.319225143655295,72.6,10.6000001639128,-0.390035188206565,        1689P   3892
67.4,10.9112727613774,-0.390035188206565,72.6,10.9112727613774,     1689P   3893
36.75,49.75,-2.91791361101682,-0.223679042572975;                   1689P   3894
128,2,4,2,2,0,0,0,0,0,-3.14159265358979,-3.14159265358979,          1691P   3895
-3.14159265358979,-1.5707963267949,-1.5707963267949,                1691P   3896
-1.5707963267949,-1.13835214707676,-1.13835214707676,               1691P   3897
-1.13835214707676,2.22044604925031D-16,2.22044604925031D-16,        1691P   3898
1.13835214707676,1.13835214707676,1.13835214707676,1.,              1691P   3899
0.707106781186543,1.,0.842345306472206,0.595628078307153,           1691P   3900
0.842345306472206,1.,0.707106781186543,1.,0.842345306472206,        1691P   3901
0.595628078307153,0.842345306472206,1.,0.707106781186543,1.,        1691P   3902
-0.453972064221534,62.7,10.790454548577,-0.363177651377227,62.7,    1691P   3903
10.8323636716442,-0.363177651377227,62.6,10.8323636716442,          1691P   3904
-0.31990336802146,62.7,10.5000001639128,-0.255922694417168,62.7,    1691P   3905
10.6000001639128,-0.255922694417168,62.6,10.6000001639128,0.,       1691P   3906
62.7,10.5000001639128,0.,62.7,10.6000001639128,0.,62.6,             1691P   3907
10.6000001639128,0.31990336802146,62.7,10.5000001639128,            1691P   3908
0.255922694417168,62.7,10.6000001639128,0.255922694417168,62.6,     1691P   3909
10.6000001639128,0.453972064221534,62.7,10.790454548577,            1691P   3910
0.363177651377227,62.7,10.8323636716442,0.363177651377227,62.6,     1691P   3911
10.8323636716442,-3.14159265358979,-1.5707963267949,                1691P   3912
-1.13835214707676,1.13835214707676;                                 1691P   3913
128,4,4,3,3,0,0,1,0,0,0.,0.,0.,0.,0.428571428571429,1.,1.,1.,1.,    1693P   3914
0.,0.,0.,0.,0.00804457382165787,0.0160891476433157,                 1693P   3915
0.0160891476433157,0.0160891476433157,0.0160891476433157,1.,1.,     1693P   3916
1.,1.,1.,1.,1.,1.,1.,1.,1.,1.,1.,1.,1.,1.,1.,1.,1.,1.,1.,1.,1.,     1693P   3917
1.,1.,0.453972064221533,62.7,10.790454548577,0.433597845623057,     1693P   3918
62.7,10.7998589338017,0.385987999353048,62.6817078065962,           1693P   3919
10.821834811436,0.363177651377227,62.6299199300342,                 1693P   3920
10.8323636716442,0.363177651377227,62.6,10.8323636716442,           1693P   3921
0.466252452658412,62.7,10.8395769879734,0.446589168154441,          1693P   3922
62.6978623679528,10.8473509730765,0.400470003047432,                1693P   3923
62.6769480151972,10.8608924551793,0.375116064999648,                1693P   3924
62.6280834706557,10.8580510184217,0.372168078958951,62.6,           1693P   3925
10.8518410678234,0.486402041245407,62.660099750968,                 1693P   3926
10.9427122006842,0.466933667111345,62.6567897184852,                1693P   3927
10.945188912347,0.420995790147552,62.6381957394885,                 1693P   3928
10.9401485137051,0.392437060528425,62.6012639086741,                1693P   3929
10.9119138392485,0.386414727039677,62.580049875484,                 1693P   3930
10.8928237199695,0.492016865856905,62.5536304921444,                1693P   3931
10.9889908273559,0.472153037334601,62.5526794126999,                1693P   3932
10.9898802028051,0.425117747268742,62.5465909813911,                1693P   3933
10.9777406602279,0.395915960246415,62.5340590441813,                1693P   3934
10.9371239411012,0.390035188206564,62.5268152460722,                1693P   3935
10.9112727613774,0.492016865856905,62.5,10.9889908273559,           1693P   3936
0.472153037334601,62.5,10.9898802028051,0.425117747268742,62.5,     1693P   3937
10.9777406602279,0.395915960246415,62.5,10.9371239411012,           1693P   3938
0.390035188206564,62.5,10.9112727613774,0.,1.,0.,                   1693P   3939
0.0160891476433157;                                                 1693P   3940
128,1,2,1,2,0,0,0,0,0,75.,75.,125.,125.,-0.695930509110168,         1695P   3941
-0.695930509110168,-0.695930509110168,0.69593050910994,             1695P   3942
0.69593050910994,0.69593050910994,1.,1.,0.767457484884079,          1695P   3943
0.767457484884079,1.,1.,0.492016865856939,57.5,10.9889908273559,    1695P   3944
0.492016865856939,62.5,10.9889908273559,0.408564919484689,57.5,     1695P   3945
10.9927272728356,0.408564919484689,62.5,10.9927272728356,           1695P   3946
0.390035188206597,57.5,10.9112727613774,0.390035188206597,62.5,     1695P   3947
10.9112727613774,75.,125.,-0.695930509110168,0.69593050910994;      1695P   3948
128,4,4,3,3,0,0,1,0,0,0.,0.,0.,0.,0.428571428571429,1.,1.,1.,1.,    1697P   3949
0.,0.,0.,0.,0.00804460716185748,0.016089214323715,                  1697P   3950
0.016089214323715,0.016089214323715,0.016089214323715,1.,1.,1.,     1697P   3951
1.,1.,1.,1.,1.,1.,1.,1.,1.,1.,1.,1.,1.,1.,1.,1.,1.,1.,1.,1.,1.,     1697P   3952
1.,0.492016865856903,57.5,10.9889908273559,0.472153037334599,       1697P   3953
57.5,10.9898802028051,0.425117330911747,57.5,10.9777413070335,      1697P   3954
0.395915960246415,57.5,10.9371239411012,0.390035188206564,57.5,     1697P   3955
10.9112727613774,0.492016865856903,57.4463692855876,                1697P   3956
10.9889908273559,0.472153037334599,57.4473203689738,                1697P   3957
10.9898802028051,0.425117330911747,57.4534088255156,                1697P   3958
10.9777413070335,0.395915960246415,57.4659408146632,                1697P   3959
10.9371239411012,0.390035188206564,57.4731846427938,                1697P   3960
10.9112727613774,0.486401282200743,57.3398954174162,                1697P   3961
10.9427072809894,0.46693292963579,57.3432055326844,                 1697P   3962
10.9451842182843,0.420994554059559,57.3617995901712,                1697P   3963
10.9401451435811,0.3924364829852,57.3987330211977,                  1697P   3964
10.9119112228067,0.386414211517783,57.4199477087081,                1697P   3965
10.8928217615852,0.466252503553664,57.3,10.839577191558,            1697P   3966
0.446589221996112,57.3021376409065,10.8473511699041,                1697P   3967
0.400469353383156,57.3230510666737,10.8608929446289,                1697P   3968
0.375116114477608,57.3719165369554,10.8580511248812,                1697P   3969
0.372168116219179,57.4,10.8518411485461,0.453972064221533,57.3,     1697P   3970
10.790454548577,0.433597845623057,57.3,10.7998589338017,            1697P   3971
0.385987289669073,57.318291255548,10.8218351390138,                 1697P   3972
0.363177651377227,57.3700800699658,10.8323636716442,                1697P   3973
0.363177651377227,57.4,10.8323636716442,0.,1.,0.,                   1697P   3974
0.016089214323715;                                                  1697P   3975
128,2,4,2,2,0,0,0,0,0,-3.14159265358979,-3.14159265358979,          1699P   3976
-3.14159265358979,-1.57079632679489,-1.57079632679489,              1699P   3977
-1.57079632679489,-4.27994480066655,-4.27994480066655,              1699P   3978
-4.27994480066655,-3.14159265358979,-3.14159265358979,              1699P   3979
-2.00324050651304,-2.00324050651304,-2.00324050651304,1.,           1699P   3980
0.707106781186543,1.,0.842345306472206,0.595628078307153,           1699P   3981
0.842345306472206,1.,0.707106781186543,1.,0.842345306472206,        1699P   3982
0.595628078307153,0.842345306472206,1.,0.707106781186543,1.,        1699P   3983
0.453972064221534,57.3,10.790454548577,0.363177651377227,57.3,      1699P   3984
10.8323636716442,0.363177651377227,57.4,10.8323636716442,           1699P   3985
0.31990336802146,57.3,10.5000001639128,0.255922694417168,57.3,      1699P   3986
10.6000001639128,0.255922694417168,57.4,10.6000001639128,0.,        1699P   3987
57.3,10.5000001639128,0.,57.3,10.6000001639128,0.,57.4,             1699P   3988
10.6000001639128,-0.31990336802146,57.3,10.5000001639128,           1699P   3989
-0.255922694417168,57.3,10.6000001639128,-0.255922694417168,        1699P   3990
57.4,10.6000001639128,-0.453972064221534,57.3,10.790454548577,      1699P   3991
-0.363177651377227,57.3,10.8323636716442,-0.363177651377227,        1699P   3992
57.4,10.8323636716442,-3.14159265358979,-1.57079632679489,          1699P   3993
-4.27994480066655,-2.00324050651304;                                1699P   3994
128,4,4,3,3,0,0,1,0,0,0.,0.,0.,0.,0.428571428571429,1.,1.,1.,1.,    1701P   3995
0.,0.,0.,0.,0.00804457382165794,0.0160891476433159,                 1701P   3996
0.0160891476433159,0.0160891476433159,0.0160891476433159,1.,1.,     1701P   3997
1.,1.,1.,1.,1.,1.,1.,1.,1.,1.,1.,1.,1.,1.,1.,1.,1.,1.,1.,1.,1.,     1701P   3998
1.,1.,-0.453972064221533,57.3,10.790454548577,                      1701P   3999
-0.433597845623057,57.3,10.7998589338017,-0.385987289669073,        1701P   4000
57.318291255548,10.8218351390138,-0.363177651377227,                1701P   4001
57.3700800699658,10.8323636716442,-0.363177651377227,57.4,          1701P   4002
10.8323636716442,-0.466252452658412,57.3,10.8395769879734,          1701P   4003
-0.446589168154441,57.3021376320472,10.8473509730765,               1701P   4004
-0.400469293363456,57.323051046947,10.8608927827571,                1701P   4005
-0.375116064999647,57.3719165293443,10.8580510184217,               1701P   4006
-0.37216807895895,57.4,10.8518410678234,-0.486402042085299,         1701P   4007
57.3399002427181,10.9427122038392,-0.466933668049454,               1701P   4008
57.3432102754693,10.9451889143877,-0.420995228101662,               1701P   4009
57.3618037867094,10.9401490023092,-0.392437059470604,               1701P   4010
57.3987360871157,10.9119138411351,-0.386414727650561,               1701P   4011
57.4199501213591,10.8928237212179,-0.492016865856903,               1701P   4012
57.4463695078556,10.9889908273559,-0.472153037334599,               1701P   4013
57.4473205873,10.9898802028051,-0.425117330911747,                  1701P   4014
57.4534090186088,10.9777413070335,-0.395915960246415,               1701P   4015
57.4659409558187,10.9371239411012,-0.390035188206564,               1701P   4016
57.4731847539278,10.9112727613774,-0.492016865856903,57.5,          1701P   4017
10.9889908273559,-0.472153037334599,57.5,10.9898802028051,          1701P   4018
-0.425117330911747,57.5,10.9777413070335,-0.395915960246415,        1701P   4019
57.5,10.9371239411012,-0.390035188206564,57.5,10.9112727613774,     1701P   4020
0.,1.,0.,0.0160891476433159;                                        1701P   4021
128,1,2,1,2,0,0,0,0,0,-125.,-125.,-75.,-75.,-0.695930509110168,     1703P   4022
-0.695930509110168,-0.695930509110168,0.69593050910994,             1703P   4023
0.69593050910994,0.69593050910994,1.,1.,0.767457484884079,          1703P   4024
0.767457484884079,1.,1.,-0.492016865856939,62.5,                    1703P   4025
10.9889908273559,-0.492016865856939,57.5,10.9889908273559,          1703P   4026
-0.408564919484689,62.5,10.9927272728356,-0.408564919484689,        1703P   4027
57.5,10.9927272728356,-0.390035188206597,62.5,10.9112727613774,     1703P   4028
-0.390035188206597,57.5,10.9112727613774,-125.,-75.,                1703P   4029
-0.695930509110168,0.69593050910994;                                1703P   4030
128,4,4,3,3,0,0,1,0,0,0.,0.,0.,0.,0.428571428571429,1.,1.,1.,1.,    1705P   4031
0.,0.,0.,0.,0.00804460716185729,0.0160892143237146,                 1705P   4032
0.0160892143237146,0.0160892143237146,0.0160892143237146,1.,1.,     1705P   4033
1.,1.,1.,1.,1.,1.,1.,1.,1.,1.,1.,1.,1.,1.,1.,1.,1.,1.,1.,1.,1.,     1705P   4034
1.,1.,-0.492016865856905,62.5,10.9889908273559,                     1705P   4035
-0.472153037334601,62.5,10.9898802028051,-0.425117747268754,        1705P   4036
62.5,10.9777406602279,-0.395915960246415,62.5,10.9371239411012,     1705P   4037
-0.390035188206564,62.5,10.9112727613774,-0.492016865856905,        1705P   4038
62.5536307144124,10.9889908273559,-0.472153037334601,               1705P   4039
62.5526796310263,10.9898802028051,-0.425117747268754,               1705P   4040
62.5465911744844,10.9777406602279,-0.395915960246415,               1705P   4041
62.5340591853368,10.9371239411012,-0.390035188206564,               1705P   4042
62.5268153572062,10.9112727613774,-0.48640128136622,                1705P   4043
62.6601045762541,10.9427072778563,-0.466932928703313,               1705P   4044
62.6567944612536,10.9451842162647,-0.420995116111647,               1705P   4045
62.6381999360108,10.9401446549943,-0.39243648404814,                1705P   4046
62.6012669745814,10.9119112209315,-0.386414210910818,               1705P   4047
62.5800522881271,10.8928217603455,-0.466252503553664,62.7,          1705P   4048
10.839577191558,-0.446589221996112,62.6978623590935,                1705P   4049
10.8473511699041,-0.400470063067151,62.6769479954705,               1705P   4050
10.8608926170511,-0.375116114477607,62.6280834630446,               1705P   4051
10.8580511248812,-0.372168116219178,62.6,10.8518411485461,          1705P   4052
-0.453972064221533,62.7,10.790454548577,-0.433597845623057,62.7,    1705P   4053
10.7998589338017,-0.385987999353069,62.6817078065962,               1705P   4054
10.821834811436,-0.363177651377227,62.6299199300342,                1705P   4055
10.8323636716442,-0.363177651377227,62.6,10.8323636716442,0.,1.,    1705P   4056
0.,0.0160892143237146;                                              1705P   4057
128,2,8,2,2,0,0,0,0,0,0.,0.,0.,1.5707963267949,1.5707963267949,     1707P   4058
1.5707963267949,-3.09954581493626,-3.09954581493626,                1707P   4059
-3.09954581493626,-1.54977290746813,-1.54977290746813,0.,0.,        1707P   4060
1.54977290746813,1.54977290746813,3.09954581493626,                 1707P   4061
3.09954581493626,3.09954581493626,1.,0.707106781186543,1.,          1707P   4062
0.714500479597903,0.505228134284714,0.714500479597903,1.,           1707P   4063
0.707106781186543,1.,0.714500479597903,0.505228134284714,           1707P   4064
0.714500479597903,1.,0.707106781186543,1.,0.714500479597903,        1707P   4065
0.505228134284714,0.714500479597903,1.,0.707106781186543,1.,        1707P   4066
0.714500479597903,0.505228134284714,0.714500479597903,1.,           1707P   4067
0.707106781186543,1.,-0.453972064221533,57.3,10.790454548577,       1707P   4068
-0.46237895429971,57.3,10.9902777809581,-0.46237895429971,57.5,     1707P   4069
10.9902777809581,-11.0199259787109,57.3,10.3459275930687,           1707P   4070
-11.2239986820204,57.3,10.5375188447921,-11.2239986820204,57.5,     1707P   4071
10.5375188447921,-10.7976133734412,57.3,-0.227036203465675,         1707P   4072
-10.9975691766531,57.3,-0.231240577603928,-10.9975691766531,        1707P   4073
57.5,-0.231240577603928,-10.5753007681714,57.3,-10.8,               1707P   4074
-10.7711396712857,57.3,-11.,-10.7711396712857,57.5,-11.,0.,57.3,    1707P   4075
-10.8,0.,57.3,-11.,0.,57.5,-11.,10.5753007681714,57.3,-10.8,        1707P   4076
10.7711396712857,57.3,-11.,10.7711396712857,57.5,-11.,              1707P   4077
10.7976133734412,57.3,-0.227036203465675,10.9975691766531,57.3,     1707P   4078
-0.231240577603928,10.9975691766531,57.5,-0.231240577603928,        1707P   4079
11.0199259787109,57.3,10.3459275930687,11.2239986820204,57.3,       1707P   4080
10.5375188447921,11.2239986820204,57.5,10.5375188447921,            1707P   4081
0.453972064221533,57.3,10.790454548577,0.46237895429971,57.3,       1707P   4082
10.9902777809581,0.46237895429971,57.5,10.9902777809581,0.,         1707P   4083
1.5707963267949,-3.09954581493626,3.09954581493626;                 1707P   4084
128,1,8,1,2,0,0,0,0,0,-1.13636363636364,-1.13636363636364,          1709P   4085
-0.681818181818182,-0.681818181818182,-6.23844157318147,            1709P   4086
-6.23844157318147,-6.23844157318147,-4.69001711338563,              1709P   4087
-4.69001711338563,-3.14159265358979,-3.14159265358979,              1709P   4088
-1.59316819379395,-1.59316819379395,-0.0447437339981116,            1709P   4089
-0.0447437339981116,-0.0447437339981116,1.,1.,0.714972027724711,    1709P   4090
0.714972027724711,1.,1.,0.714972027724711,0.714972027724711,1.,     1709P   4091
1.,0.714972027724711,0.714972027724711,1.,1.,0.714972027724711,     1709P   4092
0.714972027724711,1.,1.,0.492016865856905,62.5,10.9889908273559,    1709P   4093
0.492016865856905,57.5,10.9889908273559,11.2378729996468,62.5,      1709P   4094
10.5078599811335,11.2378729996468,57.5,10.5078599811335,            1709P   4095
10.9972473624293,62.5,-0.246070009433266,10.9972473624293,57.5,     1709P   4096
-0.246070009433266,10.7566217252117,62.5,-11.,10.7566217252117,     1709P   4097
57.5,-11.,0.,62.5,-11.,0.,57.5,-11.,-10.7566217252117,62.5,-11.,    1709P   4098
-10.7566217252117,57.5,-11.,-10.9972473624293,62.5,                 1709P   4099
-0.246070009433273,-10.9972473624293,57.5,-0.246070009433273,       1709P   4100
-11.2378729996468,62.5,10.5078599811335,-11.2378729996468,57.5,     1709P   4101
10.5078599811335,-0.492016865856907,62.5,10.9889908273559,          1709P   4102
-0.492016865856907,57.5,10.9889908273559,-1.13636363636364,         1709P   4103
-0.681818181818182,-6.23844157318147,-0.0447437339981116;           1709P   4104
128,2,8,2,2,0,0,0,0,0,0.,0.,0.,1.57079632679491,                    1711P   4105
1.57079632679491,1.57079632679491,-6.24113846852606,                1711P   4106
-6.24113846852606,-6.24113846852606,-4.69136556105792,              1711P   4107
-4.69136556105792,-3.14159265358979,-3.14159265358979,              1711P   4108
-1.59181974612166,-1.59181974612166,-0.0420468386535291,            1711P   4109
-0.0420468386535291,-0.0420468386535291,1.,0.707106781186649,1.,    1711P   4110
0.714500479597903,0.50522813428479,0.714500479597903,1.,            1711P   4111
0.707106781186649,1.,0.714500479597903,0.50522813428479,            1711P   4112
0.714500479597903,1.,0.707106781186649,1.,0.714500479597903,        1711P   4113
0.50522813428479,0.714500479597903,1.,0.707106781186649,1.,         1711P   4114
0.714500479597903,0.50522813428479,0.714500479597903,1.,            1711P   4115
0.707106781186649,1.,0.45397206422153,62.7,10.790454548577,         1711P   4116
0.462378954299707,62.7,10.9902777809581,0.462378954299707,62.5,     1711P   4117
10.9902777809581,11.0199259787109,62.7,10.3459275930687,            1711P   4118
11.2239986820204,62.7,10.5375188447921,11.2239986820204,62.5,       1711P   4119
10.5375188447921,10.7976133734412,62.7,-0.227036203465678,          1711P   4120
10.9975691766531,62.7,-0.231240577603932,10.9975691766531,62.5,     1711P   4121
-0.231240577603932,10.5753007681714,62.7,-10.8,10.7711396712857,    1711P   4122
62.7,-11.,10.7711396712857,62.5,-11.,0.,62.7,-10.8,0.,62.7,-11.,    1711P   4123
0.,62.5,-11.,-10.5753007681714,62.7,-10.8,-10.7711396712857,        1711P   4124
62.7,-11.,-10.7711396712857,62.5,-11.,-10.7976133734412,62.7,       1711P   4125
-0.227036203465666,-10.9975691766531,62.7,-0.231240577603919,       1711P   4126
-10.9975691766531,62.5,-0.231240577603919,-11.0199259787109,        1711P   4127
62.7,10.3459275930687,-11.2239986820204,62.7,10.5375188447922,      1711P   4128
-11.2239986820204,62.5,10.5375188447922,-0.453972064221523,62.7,    1711P   4129
10.790454548577,-0.462378954299699,62.7,10.9902777809581,           1711P   4130
-0.462378954299699,62.5,10.9902777809581,0.,1.57079632679491,       1711P   4131
-6.24113846852606,-0.0420468386535291;                              1711P   4132
128,1,1,1,1,0,0,1,0,0,-1.10299259787109,-1.10299259787109,          1713P   4133
1.10299259787109,1.10299259787109,-1.0800454548577,                 1713P   4134
-1.0800454548577,1.081,1.081,1.,1.,1.,1.,-11.0299259787109,62.7,    1713P   4135
10.800454548577,11.0299259787109,62.7,10.800454548577,              1713P   4136
-11.0299259787109,62.7,-10.81,11.0299259787109,62.7,-10.81,         1713P   4137
-1.10299259787109,1.10299259787109,-1.0800454548577,1.081;          1713P   4138
128,1,4,1,2,0,0,0,0,0,11.75,11.75,24.75,24.75,-2.91791361101683,    1715P   4139
-2.91791361101683,-2.91791361101683,-1.5707963267949,               1715P   4140
-1.5707963267949,-0.223679042572963,-0.223679042572963,             1715P   4141
-0.223679042572963,1.,1.,0.781606840533769,0.781606840533769,1.,    1715P   4142
1.,0.781606840533769,0.781606840533769,1.,1.,0.390035188206566,     1715P   4143
57.4,10.9112727613774,0.390035188206566,62.6,10.9112727613774,      1715P   4144
0.319225143655299,57.4,10.6000001639128,0.319225143655299,62.6,     1715P   4145
10.6000001639128,0.,57.4,10.6000001639128,0.,62.6,                  1715P   4146
10.6000001639128,-0.319225143655299,57.4,10.6000001639128,          1715P   4147
-0.319225143655299,62.6,10.6000001639128,-0.390035188206566,        1715P   4148
57.4,10.9112727613774,-0.390035188206566,62.6,10.9112727613774,     1715P   4149
11.75,24.75,-2.91791361101683,-0.223679042572963;                   1715P   4150
128,2,4,2,2,0,0,0,0,0,-3.14159265358979,-3.14159265358979,          1717P   4151
-3.14159265358979,-1.5707963267949,-1.5707963267949,                1717P   4152
-1.5707963267949,-1.13835214707676,-1.13835214707676,               1717P   4153
-1.13835214707676,2.22044604925031D-16,2.22044604925031D-16,        1717P   4154
1.13835214707676,1.13835214707676,1.13835214707676,1.,              1717P   4155
0.707106781186543,1.,0.842345306472206,0.595628078307153,           1717P   4156
0.842345306472206,1.,0.707106781186543,1.,0.842345306472206,        1717P   4157
0.595628078307153,0.842345306472206,1.,0.707106781186543,1.,        1717P   4158
-0.453972064221534,52.7,10.790454548577,-0.363177651377227,52.7,    1717P   4159
10.8323636716442,-0.363177651377227,52.6,10.8323636716442,          1717P   4160
-0.31990336802146,52.7,10.5000001639128,-0.255922694417168,52.7,    1717P   4161
10.6000001639128,-0.255922694417168,52.6,10.6000001639128,0.,       1717P   4162
52.7,10.5000001639128,0.,52.7,10.6000001639128,0.,52.6,             1717P   4163
10.6000001639128,0.31990336802146,52.7,10.5000001639128,            1717P   4164
0.255922694417168,52.7,10.6000001639128,0.255922694417168,52.6,     1717P   4165
10.6000001639128,0.453972064221534,52.7,10.790454548577,            1717P   4166
0.363177651377227,52.7,10.8323636716442,0.363177651377227,52.6,     1717P   4167
10.8323636716442,-3.14159265358979,-1.5707963267949,                1717P   4168
-1.13835214707676,1.13835214707676;                                 1717P   4169
128,4,4,3,3,0,0,1,0,0,0.,0.,0.,0.,0.428571428571429,1.,1.,1.,1.,    1719P   4170
0.,0.,0.,0.,0.0080445738216578,0.0160891476433156,                  1719P   4171
0.0160891476433156,0.0160891476433156,0.0160891476433156,1.,1.,     1719P   4172
1.,1.,1.,1.,1.,1.,1.,1.,1.,1.,1.,1.,1.,1.,1.,1.,1.,1.,1.,1.,1.,     1719P   4173
1.,1.,0.453972064221533,52.7,10.790454548577,0.433597845623057,     1719P   4174
52.7,10.7998589338017,0.385986509317912,52.6817097756953,           1719P   4175
10.8218354992103,0.363177651377227,52.6299199300342,                1719P   4176
10.8323636716442,0.363177651377227,52.6,10.8323636716442,           1719P   4177
0.466252452658413,52.7,10.8395769879734,0.446589168154442,          1719P   4178
52.6978623679528,10.8473509730765,0.400468513012296,                1719P   4179
52.6769499842963,10.8608931429536,0.375116064999648,                1719P   4180
52.6280834706557,10.8580510184217,0.372168078958951,52.6,           1719P   4181
10.8518410678234,0.486402043027582,52.6600997643654,                1719P   4182
10.9427122073788,0.466933669101927,52.6567897313131,                1719P   4183
10.9451889166771,0.420994610120046,52.6381967343765,                1719P   4184
10.9401495396006,0.392437058283849,52.6012639176076,                1719P   4185
10.9119138432517,0.386414728335916,52.5800498821827,                1719P   4186
10.8928237226185,0.492016865856903,52.5536304921444,                1719P   4187
10.9889908273559,0.472153037334599,52.5526794126999,                1719P   4188
10.9898802028051,0.425116873095769,52.5465909813911,                1719P   4189
10.9777420182451,0.395915960246415,52.5340590441813,                1719P   4190
10.9371239411012,0.390035188206564,52.5268152460722,                1719P   4191
10.9112727613774,0.492016865856903,52.5,10.9889908273559,           1719P   4192
0.472153037334599,52.5,10.9898802028051,0.425116873095769,52.5,     1719P   4193
10.9777420182451,0.395915960246415,52.5,10.9371239411012,           1719P   4194
0.390035188206564,52.5,10.9112727613774,0.,1.,0.,                   1719P   4195
0.0160891476433156;                                                 1719P   4196
128,1,2,1,2,0,0,0,0,0,175.,175.,698.,698.,-0.695930509110168,       1721P   4197
-0.695930509110168,-0.695930509110168,0.69593050910994,             1721P   4198
0.69593050910994,0.69593050910994,1.,1.,0.767457484884079,          1721P   4199
0.767457484884079,1.,1.,0.492016865856939,0.199999999999996,        1721P   4200
10.9889908273559,0.492016865856939,52.5,10.9889908273559,           1721P   4201
0.408564919484689,0.199999999999996,10.9927272728356,               1721P   4202
0.408564919484689,52.5,10.9927272728356,0.390035188206597,          1721P   4203
0.199999999999996,10.9112727613774,0.390035188206597,52.5,          1721P   4204
10.9112727613774,175.,698.,-0.695930509110168,0.69593050910994;     1721P   4205
128,4,4,3,3,0,0,1,0,0,0.,0.,0.,0.,0.428571428571429,1.,1.,1.,1.,    1723P   4206
0.,0.,0.,0.,0.00804460716185736,0.0160892143237147,                 1723P   4207
0.0160892143237147,0.0160892143237147,0.0160892143237147,1.,1.,     1723P   4208
1.,1.,1.,1.,1.,1.,1.,1.,1.,1.,1.,1.,1.,1.,1.,1.,1.,1.,1.,1.,1.,     1723P   4209
1.,1.,0.492016865856904,0.199999999999996,10.9889908273559,         1723P   4210
0.4721530373346,0.199999999999996,10.9898802028051,                 1723P   4211
0.425099752285311,0.199999999999996,10.9777686152176,               1723P   4212
0.395915960246415,0.199999999999996,10.9371239411012,               1723P   4213
0.390035188206564,0.199999999999996,10.9112727613774,               1723P   4214
0.492016865856904,0.146369285587613,10.9889908273559,               1723P   4215
0.4721530373346,0.147320368973756,10.9898802028051,                 1723P   4216
0.425099752285311,0.153408825515617,10.9777686152176,               1723P   4217
0.395915960246415,0.165940814663238,10.9371239411012,               1723P   4218
0.390035188206564,0.173184642793805,10.9112727613774,               1723P   4219
0.486401341872979,0.0398949648131331,10.9427075050164,              1723P   4220
0.466932996312144,0.0432050992261134,10.9451843626952,              1723P   4221
0.420970863749378,0.0617794477289876,10.9401658162193,              1723P   4222
0.392436406980112,0.0987327193812537,10.9119113568925,              1723P   4223
0.386414254918561,0.119947482406565,10.8928218502274,               1723P   4224
0.466252503553662,-4.10080344108989D-15,10.839577191558,            1723P   4225
0.44658922199611,0.0021376409064504,10.8473511699041,               1723P   4226
0.400439390467499,0.0230114703240026,10.86090677499,                1723P   4227
0.375116114477606,0.0719165369554255,10.8580511248812,              1723P   4228
0.372168116219178,0.0999999999999979,10.8518411485461,              1723P   4229
0.453972064221533,-4.16333634234434D-15,10.790454548577,            1723P   4230
0.433597845623056,-4.17753313335779D-15,10.7998589338017,           1723P   4231
0.385957326753417,0.01825165919834,10.8218489693749,                1723P   4232
0.363177651377226,0.070080069965809,10.8323636716442,               1723P   4233
0.363177651377227,0.0999999999999979,10.8323636716442,0.,1.,0.,     1723P   4234
0.0160892143237147;                                                 1723P   4235
128,2,4,2,2,0,0,0,0,0,-3.14159265358979,-3.14159265358979,          1725P   4236
-3.14159265358979,-1.57079632679489,-1.57079632679489,              1725P   4237
-1.57079632679489,-4.27994480066655,-4.27994480066655,              1725P   4238
-4.27994480066655,-3.14159265358979,-3.14159265358979,              1725P   4239
-2.00324050651304,-2.00324050651304,-2.00324050651304,1.,           1725P   4240
0.707106781186554,1.,0.842345306472206,0.595628078307163,           1725P   4241
0.842345306472206,1.,0.707106781186554,1.,0.842345306472206,        1725P   4242
0.595628078307163,0.842345306472206,1.,0.707106781186554,1.,        1725P   4243
0.453972064221534,-2.15105711021124D-15,10.790454548577,            1725P   4244
0.363177651377227,-2.44598561760538D-15,10.8323636716442,           1725P   4245
0.363177651377227,0.0999999999999979,10.8323636716442,              1725P   4246
0.31990336802146,-2.15105711021124D-15,10.5000001639128,            1725P   4247
0.255922694417168,-2.44602098638619D-15,10.6000001639128,           1725P   4248
0.255922694417168,0.0999999999999979,10.6000001639128,0.,           1725P   4249
-2.15105711021124D-15,10.5000001639128,0.,-2.44602098638619D-15,    1725P   4250
10.6000001639128,0.,0.0999999999999979,10.6000001639128,            1725P   4251
-0.31990336802146,-2.15105711021124D-15,10.5000001639128,           1725P   4252
-0.255922694417168,-2.44602098638619D-15,10.6000001639128,          1725P   4253
-0.255922694417168,0.0999999999999979,10.6000001639128,             1725P   4254
-0.453972064221534,-2.15105711021124D-15,10.790454548577,           1725P   4255
-0.363177651377227,-2.44598561760538D-15,10.8323636716442,          1725P   4256
-0.363177651377227,0.0999999999999979,10.8323636716442,             1725P   4257
-3.14159265358979,-1.57079632679489,-4.27994480066655,              1725P   4258
-2.00324050651304;                                                  1725P   4259
128,4,4,3,3,0,0,1,0,0,0.,0.,0.,0.,0.428571428571429,1.,1.,1.,1.,    1727P   4260
0.,0.,0.,0.,0.00804457382165804,0.0160891476433161,                 1727P   4261
0.0160891476433161,0.0160891476433161,0.0160891476433161,1.,1.,     1727P   4262
1.,1.,1.,1.,1.,1.,1.,1.,1.,1.,1.,1.,1.,1.,1.,1.,1.,1.,1.,1.,1.,     1727P   4263
1.,1.,-0.453972064221533,-3.98986399474666D-15,10.790454548577,     1727P   4264
-0.433597845623056,-4.00406078576011D-15,10.7998589338017,          1727P   4265
-0.385957326753417,0.0182516591983401,10.8218489693749,             1727P   4266
-0.363177651377226,0.070080069965809,10.8323636716442,              1727P   4267
-0.363177651377227,0.0999999999999979,10.8323636716442,             1727P   4268
-0.466252452658413,-3.92212144452451D-15,10.8395769879734,          1727P   4269
-0.446589168154442,0.00213763204717743,10.8473509730765,            1727P   4270
-0.400439330447802,0.0230114505973654,10.8609066131182,             1727P   4271
-0.375116064999648,0.0719165293443424,10.8580510184217,             1727P   4272
-0.372168078958951,0.0999999999999979,10.8518410678234,             1727P   4273
-0.486402102141523,0.0398997912467753,10.942712429435,              1727P   4274
-0.4669337351287,0.0432098431889382,10.9451890603045,               1727P   4275
-0.420971538233693,0.0617836454019282,10.9401696761783,             1727P   4276
-0.392436983831697,0.0987357860723504,10.9119139760372,             1727P   4277
-0.386414771331577,0.119949895623386,10.8928238104823,              1727P   4278
-0.492016865856905,0.146369507855608,10.9889908273559,              1727P   4279
-0.472153037334601,0.147320587300066,10.9898802028051,              1727P   4280
-0.425099752285311,0.15340901860883,10.9777686152176,               1727P   4281
-0.395915960246415,0.165940955818674,10.9371239411012,              1727P   4282
-0.390035188206564,0.173184753927802,10.9112727613774,              1727P   4283
-0.492016865856905,0.199999999999996,10.9889908273559,              1727P   4284
-0.472153037334601,0.199999999999996,10.9898802028051,              1727P   4285
-0.425099752285311,0.199999999999996,10.9777686152176,              1727P   4286
-0.395915960246415,0.199999999999996,10.9371239411012,              1727P   4287
-0.390035188206564,0.199999999999996,10.9112727613774,0.,1.,0.,     1727P   4288
0.0160891476433161;                                                 1727P   4289
128,1,2,1,2,0,0,0,0,0,-698.,-698.,-175.,-175.,                      1729P   4290
-0.695930509110168,-0.695930509110168,-0.695930509110168,           1729P   4291
0.69593050910994,0.69593050910994,0.69593050910994,1.,1.,           1729P   4292
0.767457484884079,0.767457484884079,1.,1.,-0.492016865856939,       1729P   4293
52.5,10.9889908273559,-0.492016865856939,0.199999999999996,         1729P   4294
10.9889908273559,-0.408564919484689,52.5,10.9927272728356,          1729P   4295
-0.408564919484689,0.199999999999996,10.9927272728356,              1729P   4296
-0.390035188206597,52.5,10.9112727613774,-0.390035188206597,        1729P   4297
0.199999999999996,10.9112727613774,-698.,-175.,                     1729P   4298
-0.695930509110168,0.69593050910994;                                1729P   4299
128,4,4,3,3,0,0,1,0,0,0.,0.,0.,0.,0.428571428571429,1.,1.,1.,1.,    1731P   4300
0.,0.,0.,0.,0.00804460716185728,0.0160892143237146,                 1731P   4301
0.0160892143237146,0.0160892143237146,0.0160892143237146,1.,1.,     1731P   4302
1.,1.,1.,1.,1.,1.,1.,1.,1.,1.,1.,1.,1.,1.,1.,1.,1.,1.,1.,1.,1.,     1731P   4303
1.,1.,-0.492016865856903,52.5,10.9889908273559,                     1731P   4304
-0.472153037334599,52.5,10.9898802028051,-0.425116873095785,        1731P   4305
52.5,10.9777420182451,-0.395915960246415,52.5,10.9371239411012,     1731P   4306
-0.390035188206564,52.5,10.9112727613774,-0.492016865856903,        1731P   4307
52.5536307144124,10.9889908273559,-0.472153037334599,               1731P   4308
52.5526796310262,10.9898802028051,-0.425116873095785,               1731P   4309
52.5465911744844,10.9777420182451,-0.395915960246415,               1731P   4310
52.5340591853368,10.9371239411012,-0.390035188206564,               1731P   4311
52.5268153572062,10.9112727613774,-0.486401283136997,               1731P   4312
52.660104589685,10.9427072845044,-0.466932930681937,                1731P   4313
52.6567944741164,10.9451842205502,-0.420993936071023,               1731P   4314
52.6382009309324,10.9401456808532,-0.392436481792695,               1731P   4315
52.6012669835377,10.9119112249105,-0.386414212198739,               1731P   4316
52.5800522948425,10.892821762976,-0.466252503553662,52.7,           1731P   4317
10.839577191558,-0.44658922199611,52.6978623590935,                 1731P   4318
10.8473511699041,-0.40046857303202,52.6769499645696,                1731P   4319
10.8608933048254,-0.375116114477606,52.6280834630446,               1731P   4320
10.8580511248812,-0.372168116219177,52.6,10.8518411485461,          1731P   4321
-0.453972064221533,52.7,10.790454548577,-0.433597845623057,52.7,    1731P   4322
10.7998589338017,-0.385986509317939,52.6817097756953,               1731P   4323
10.8218354992103,-0.363177651377227,52.6299199300342,               1731P   4324
10.8323636716442,-0.363177651377227,52.6,10.8323636716442,0.,1.,    1731P   4325
0.,0.0160892143237146;                                              1731P   4326
128,2,8,2,2,0,0,0,0,0,-1.57079632679491,-1.57079632679491,          1733P   4327
-1.57079632679491,0.,0.,0.,-6.24113846852606,-6.24113846852606,     1733P   4328
-6.24113846852606,-4.69136556105792,-4.69136556105792,              1733P   4329
-3.14159265358979,-3.14159265358979,-1.59181974612166,              1733P   4330
-1.59181974612166,-0.0420468386535294,-0.0420468386535294,          1733P   4331
-0.0420468386535294,1.,0.707106781186529,1.,0.714500479597903,      1733P   4332
0.505228134284704,0.714500479597903,1.,0.707106781186529,1.,        1733P   4333
0.714500479597903,0.505228134284704,0.714500479597903,1.,           1733P   4334
0.707106781186529,1.,0.714500479597903,0.505228134284704,           1733P   4335
0.714500479597903,1.,0.707106781186529,1.,0.714500479597903,        1733P   4336
0.505228134284704,0.714500479597903,1.,0.707106781186529,1.,        1733P   4337
0.462378954299716,0.199999999999996,10.9902777809581,               1733P   4338
0.462378954299716,-7.00355157310708D-15,10.9902777809581,           1733P   4339
0.45397206422154,-4.30211422042248D-15,10.790454548577,             1733P   4340
11.2239986820204,0.199999999999996,10.5375188447921,                1733P   4341
11.2239986820204,-7.00374648398575D-15,10.5375188447921,            1733P   4342
11.0199259787109,-4.30211422042248D-15,10.3459275930686,            1733P   4343
10.9975691766531,0.199999999999996,-0.231240577603932,              1733P   4344
10.9975691766531,-7.00838239107349D-15,-0.231240577603932,          1733P   4345
10.7976133734412,-4.30211422042248D-15,-0.227036203465678,          1733P   4346
10.7711396712857,0.199999999999996,-11.,10.7711396712857,           1733P   4347
-7.01301829816124D-15,-11.,10.5753007681714,                        1733P   4348
-4.30211422042248D-15,-10.8,0.,0.199999999999996,-11.,0.,           1733P   4349
-7.01301829816124D-15,-11.,0.,-4.30211422042248D-15,-10.8,          1733P   4350
-10.7711396712857,0.199999999999996,-11.,-10.7711396712857,         1733P   4351
-7.01301829816124D-15,-11.,-10.5753007681714,                       1733P   4352
-4.30211422042248D-15,-10.8,-10.9975691766531,0.199999999999996,    1733P   4353
-0.231240577603929,-10.9975691766531,-7.00838239107349D-15,         1733P   4354
-0.231240577603929,-10.7976133734412,-4.30211422042248D-15,         1733P   4355
-0.227036203465676,-11.2239986820204,0.199999999999996,             1733P   4356
10.5375188447921,-11.2239986820204,-7.00374648398575D-15,           1733P   4357
10.5375188447921,-11.0199259787109,-4.30211422042248D-15,           1733P   4358
10.3459275930686,-0.462378954299714,0.199999999999996,              1733P   4359
10.9902777809581,-0.462378954299714,-7.00355157310708D-15,          1733P   4360
10.9902777809581,-0.453972064221537,-4.30211422042248D-15,          1733P   4361
10.790454548577,-1.57079632679491,0.,-6.24113846852606,             1733P   4362
-0.0420468386535294;                                                1733P   4363
128,1,8,1,2,0,0,0,0,0,-6.34545454545455,-6.34545454545455,          1735P   4364
-1.59090909090909,-1.59090909090909,-6.23844157318147,              1735P   4365
-6.23844157318147,-6.23844157318147,-4.69001711338563,              1735P   4366
-4.69001711338563,-3.14159265358979,-3.14159265358979,              1735P   4367
-1.59316819379395,-1.59316819379395,-0.0447437339981116,            1735P   4368
-0.0447437339981116,-0.0447437339981116,1.,1.,0.714972027724711,    1735P   4369
0.714972027724711,1.,1.,0.714972027724711,0.714972027724711,1.,     1735P   4370
1.,0.714972027724711,0.714972027724711,1.,1.,0.714972027724711,     1735P   4371
0.714972027724711,1.,1.,0.492016865856905,52.5,10.9889908273559,    1735P   4372
0.492016865856905,0.199999999999996,10.9889908273559,               1735P   4373
11.2378729996468,52.5,10.5078599811335,11.2378729996468,            1735P   4374
0.199999999999996,10.5078599811335,10.9972473624293,52.5,           1735P   4375
-0.246070009433266,10.9972473624293,0.199999999999996,              1735P   4376
-0.246070009433266,10.7566217252117,52.5,-11.,10.7566217252117,     1735P   4377
0.199999999999996,-11.,0.,52.5,-11.,0.,0.199999999999996,-11.,      1735P   4378
-10.7566217252117,52.5,-11.,-10.7566217252117,0.199999999999996,    1735P   4379
-11.,-10.9972473624293,52.5,-0.246070009433273,                     1735P   4380
-10.9972473624293,0.199999999999996,-0.246070009433273,             1735P   4381
-11.2378729996468,52.5,10.5078599811335,-11.2378729996468,          1735P   4382
0.199999999999996,10.5078599811335,-0.492016865856907,52.5,         1735P   4383
10.9889908273559,-0.492016865856907,0.199999999999996,              1735P   4384
10.9889908273559,-6.34545454545455,-1.59090909090909,               1735P   4385
-6.23844157318147,-0.0447437339981116;                              1735P   4386
128,2,8,2,2,0,0,0,0,0,-1.5707963267949,-1.5707963267949,            1737P   4387
-1.5707963267949,0.,0.,0.,-3.09954581493626,-3.09954581493626,      1737P   4388
-3.09954581493626,-1.54977290746813,-1.54977290746813,0.,0.,        1737P   4389
1.54977290746813,1.54977290746813,3.09954581493626,                 1737P   4390
3.09954581493626,3.09954581493626,1.,0.707106781186543,1.,          1737P   4391
0.714500479597903,0.505228134284714,0.714500479597903,1.,           1737P   4392
0.707106781186543,1.,0.714500479597903,0.505228134284714,           1737P   4393
0.714500479597903,1.,0.707106781186543,1.,0.714500479597903,        1737P   4394
0.505228134284714,0.714500479597903,1.,0.707106781186543,1.,        1737P   4395
0.714500479597903,0.505228134284714,0.714500479597903,1.,           1737P   4396
0.707106781186543,1.,-0.462378954299705,52.5,10.9902777809581,      1737P   4397
-0.462378954299705,52.7,10.9902777809581,-0.453972064221529,        1737P   4398
52.7,10.790454548577,-11.2239986820204,52.5,10.5375188447921,       1737P   4399
-11.2239986820204,52.7,10.5375188447921,-11.0199259787109,52.7,     1737P   4400
10.3459275930687,-10.9975691766531,52.5,-0.231240577603925,         1737P   4401
-10.9975691766531,52.7,-0.231240577603925,-10.7976133734412,        1737P   4402
52.7,-0.227036203465672,-10.7711396712857,52.5,-11.,                1737P   4403
-10.7711396712857,52.7,-11.,-10.5753007681714,52.7,-10.8,0.,        1737P   4404
52.5,-11.,0.,52.7,-11.,0.,52.7,-10.8,10.7711396712857,52.5,-11.,    1737P   4405
10.7711396712857,52.7,-11.,10.5753007681714,52.7,-10.8,             1737P   4406
10.9975691766531,52.5,-0.231240577603925,10.9975691766531,52.7,     1737P   4407
-0.231240577603925,10.7976133734412,52.7,-0.227036203465672,        1737P   4408
11.2239986820204,52.5,10.5375188447921,11.2239986820204,52.7,       1737P   4409
10.5375188447921,11.0199259787109,52.7,10.3459275930687,            1737P   4410
0.462378954299705,52.5,10.9902777809581,0.462378954299705,52.7,     1737P   4411
10.9902777809581,0.453972064221529,52.7,10.790454548577,            1737P   4412
-1.5707963267949,0.,-3.09954581493626,3.09954581493626;             1737P   4413
128,1,1,1,1,0,0,1,0,0,-1.10299259787109,-1.10299259787109,          1739P   4414
1.10299259787109,1.10299259787109,-1.0800454548577,                 1739P   4415
-1.0800454548577,1.081,1.081,1.,1.,1.,1.,-11.0299259787109,52.7,    1739P   4416
10.800454548577,11.0299259787109,52.7,10.800454548577,              1739P   4417
-11.0299259787109,52.7,-10.81,11.0299259787109,52.7,-10.81,         1739P   4418
-1.10299259787109,1.10299259787109,-1.0800454548577,1.081;          1739P   4419
128,1,4,1,2,0,0,0,0,0,0.249999999999994,0.249999999999994,131.5,    1741P   4420
131.5,0.223679042572963,0.223679042572963,0.223679042572963,        1741P   4421
1.5707963267949,1.5707963267949,2.91791361101683,                   1741P   4422
2.91791361101683,2.91791361101683,1.,1.,0.781606840533769,          1741P   4423
0.781606840533769,1.,1.,0.781606840533769,0.781606840533769,1.,     1741P   4424
1.,-0.390035188206566,52.6,10.9112727613774,-0.390035188206566,     1741P   4425
0.0999999999999979,10.9112727613774,-0.319225143655299,52.6,        1741P   4426
10.6000001639128,-0.319225143655299,0.0999999999999979,             1741P   4427
10.6000001639128,0.,52.6,10.6000001639128,0.,0.0999999999999979,    1741P   4428
10.6000001639128,0.319225143655299,52.6,10.6000001639128,           1741P   4429
0.319225143655299,0.0999999999999979,10.6000001639128,              1741P   4430
0.390035188206566,52.6,10.9112727613774,0.390035188206566,          1741P   4431
0.0999999999999979,10.9112727613774,0.249999999999994,131.5,        1741P   4432
0.223679042572963,2.91791361101683;                                 1741P   4433
128,1,1,1,1,0,0,1,0,0,-1.10299259787109,-1.10299259787109,          1743P   4434
1.10299259787109,1.10299259787109,-1.0800454548577,                 1743P   4435
-1.0800454548577,1.081,1.081,1.,1.,1.,1.,11.0299259787109,77.3,     1743P   4436
10.800454548577,-11.0299259787109,77.3,10.800454548577,             1743P   4437
11.0299259787109,77.3,-10.81,-11.0299259787109,77.3,-10.81,         1743P   4438
-1.10299259787109,1.10299259787109,-1.0800454548577,1.081;          1743P   4439
128,2,8,2,2,0,0,0,0,0,0.,0.,0.,1.5707963267949,1.5707963267949,     1745P   4440
1.5707963267949,-3.09954581493626,-3.09954581493626,                1745P   4441
-3.09954581493626,-1.54977290746813,-1.54977290746813,0.,0.,        1745P   4442
1.54977290746813,1.54977290746813,3.09954581493626,                 1745P   4443
3.09954581493626,3.09954581493626,1.,0.707106781186543,1.,          1745P   4444
0.714500479597903,0.505228134284714,0.714500479597903,1.,           1745P   4445
0.707106781186543,1.,0.714500479597903,0.505228134284714,           1745P   4446
0.714500479597903,1.,0.707106781186543,1.,0.714500479597903,        1745P   4447
0.505228134284714,0.714500479597903,1.,0.707106781186543,1.,        1745P   4448
0.714500479597903,0.505228134284714,0.714500479597903,1.,           1745P   4449
0.707106781186543,1.,-0.453972064221533,77.3,10.790454548577,       1745P   4450
-0.46237895429971,77.3,10.9902777809581,-0.46237895429971,77.5,     1745P   4451
10.9902777809581,-11.0199259787109,77.3,10.3459275930687,           1745P   4452
-11.2239986820204,77.3,10.5375188447921,-11.2239986820204,77.5,     1745P   4453
10.5375188447921,-10.7976133734412,77.3,-0.227036203465675,         1745P   4454
-10.9975691766531,77.3,-0.231240577603928,-10.9975691766531,        1745P   4455
77.5,-0.231240577603928,-10.5753007681714,77.3,-10.8,               1745P   4456
-10.7711396712857,77.3,-11.,-10.7711396712857,77.5,-11.,0.,77.3,    1745P   4457
-10.8,0.,77.3,-11.,0.,77.5,-11.,10.5753007681714,77.3,-10.8,        1745P   4458
10.7711396712857,77.3,-11.,10.7711396712857,77.5,-11.,              1745P   4459
10.7976133734412,77.3,-0.227036203465675,10.9975691766531,77.3,     1745P   4460
-0.231240577603928,10.9975691766531,77.5,-0.231240577603928,        1745P   4461
11.0199259787109,77.3,10.3459275930687,11.2239986820204,77.3,       1745P   4462
10.5375188447921,11.2239986820204,77.5,10.5375188447921,            1745P   4463
0.453972064221533,77.3,10.790454548577,0.46237895429971,77.3,       1745P   4464
10.9902777809581,0.46237895429971,77.5,10.9902777809581,0.,         1745P   4465
1.5707963267949,-3.09954581493626,3.09954581493626;                 1745P   4466
128,1,1,1,1,0,0,1,0,0,-1.10299259787109,-1.10299259787109,          1747P   4467
1.10299259787109,1.10299259787109,-1.0800454548577,                 1747P   4468
-1.0800454548577,1.081,1.081,1.,1.,1.,1.,11.0299259787109,67.3,     1747P   4469
10.800454548577,-11.0299259787109,67.3,10.800454548577,             1747P   4470
11.0299259787109,67.3,-10.81,-11.0299259787109,67.3,-10.81,         1747P   4471
-1.10299259787109,1.10299259787109,-1.0800454548577,1.081;          1747P   4472
128,2,8,2,2,0,0,0,0,0,0.,0.,0.,1.5707963267949,1.5707963267949,     1749P   4473
1.5707963267949,-3.09954581493626,-3.09954581493626,                1749P   4474
-3.09954581493626,-1.54977290746813,-1.54977290746813,0.,0.,        1749P   4475
1.54977290746813,1.54977290746813,3.09954581493626,                 1749P   4476
3.09954581493626,3.09954581493626,1.,0.707106781186543,1.,          1749P   4477
0.714500479597903,0.505228134284714,0.714500479597903,1.,           1749P   4478
0.707106781186543,1.,0.714500479597903,0.505228134284714,           1749P   4479
0.714500479597903,1.,0.707106781186543,1.,0.714500479597903,        1749P   4480
0.505228134284714,0.714500479597903,1.,0.707106781186543,1.,        1749P   4481
0.714500479597903,0.505228134284714,0.714500479597903,1.,           1749P   4482
0.707106781186543,1.,-0.453972064221533,67.3,10.790454548577,       1749P   4483
-0.46237895429971,67.3,10.9902777809581,-0.46237895429971,67.5,     1749P   4484
10.9902777809581,-11.0199259787109,67.3,10.3459275930687,           1749P   4485
-11.2239986820204,67.3,10.5375188447921,-11.2239986820204,67.5,     1749P   4486
10.5375188447921,-10.7976133734412,67.3,-0.227036203465675,         1749P   4487
-10.9975691766531,67.3,-0.231240577603928,-10.9975691766531,        1749P   4488
67.5,-0.231240577603928,-10.5753007681714,67.3,-10.8,               1749P   4489
-10.7711396712857,67.3,-11.,-10.7711396712857,67.5,-11.,0.,67.3,    1749P   4490
-10.8,0.,67.3,-11.,0.,67.5,-11.,10.5753007681714,67.3,-10.8,        1749P   4491
10.7711396712857,67.3,-11.,10.7711396712857,67.5,-11.,              1749P   4492
10.7976133734412,67.3,-0.227036203465675,10.9975691766531,67.3,     1749P   4493
-0.231240577603928,10.9975691766531,67.5,-0.231240577603928,        1749P   4494
11.0199259787109,67.3,10.3459275930687,11.2239986820204,67.3,       1749P   4495
10.5375188447921,11.2239986820204,67.5,10.5375188447921,            1749P   4496
0.453972064221533,67.3,10.790454548577,0.46237895429971,67.3,       1749P   4497
10.9902777809581,0.46237895429971,67.5,10.9902777809581,0.,         1749P   4498
1.5707963267949,-3.09954581493626,3.09954581493626;                 1749P   4499
128,1,1,1,1,0,0,1,0,0,-1.10299259787109,-1.10299259787109,          1751P   4500
1.10299259787109,1.10299259787109,-1.0800454548577,                 1751P   4501
-1.0800454548577,1.081,1.081,1.,1.,1.,1.,11.0299259787109,57.3,     1751P   4502
10.800454548577,-11.0299259787109,57.3,10.800454548577,             1751P   4503
11.0299259787109,57.3,-10.81,-11.0299259787109,57.3,-10.81,         1751P   4504
-1.10299259787109,1.10299259787109,-1.0800454548577,1.081;          1751P   4505
128,2,8,2,2,0,1,0,0,1,0.,0.,0.,1.5707963267949,1.5707963267949,     1753P   4506
1.5707963267949,-3.14159265358979,-3.14159265358979,                1753P   4507
-3.14159265358979,-1.5707963267949,-1.5707963267949,0.,0.,          1753P   4508
1.5707963267949,1.5707963267949,3.14159265358979,                   1753P   4509
3.14159265358979,3.14159265358979,1.,0.707106781186545,1.,          1753P   4510
0.707106781186548,0.499999999999999,0.707106781186548,1.,           1753P   4511
0.707106781186545,1.,0.707106781186548,0.499999999999999,           1753P   4512
0.707106781186548,1.,0.707106781186545,1.,0.707106781186548,        1753P   4513
0.499999999999999,0.707106781186548,1.,0.707106781186545,1.,        1753P   4514
0.707106781186548,0.499999999999999,0.707106781186548,1.,           1753P   4515
0.707106781186545,1.,0.,10.2,6.6,0.,10.,6.6,0.,10.,6.4,-6.6,        1753P   4516
10.2,6.6,-6.6,10.,6.6,-6.4,10.,6.4,-6.6,10.2,0.,-6.6,10.,0.,        1753P   4517
-6.4,10.,0.,-6.6,10.2,-6.6,-6.6,10.,-6.6,-6.4,10.,-6.4,0.,10.2,     1753P   4518
-6.6,0.,10.,-6.6,0.,10.,-6.4,6.6,10.2,-6.6,6.6,10.,-6.6,6.4,10.,    1753P   4519
-6.4,6.6,10.2,0.,6.6,10.,0.,6.4,10.,0.,6.6,10.2,6.6,6.6,10.,6.6,    1753P   4520
6.4,10.,6.4,0.,10.2,6.6,0.,10.,6.6,0.,10.,6.4,0.,                   1753P   4521
1.5707963267949,-3.14159265358979,3.14159265358979;                 1753P   4522
128,1,1,1,1,0,0,1,0,0,-0.641,-0.641,0.641,0.641,-0.641,-0.641,      1755P   4523
0.641,0.641,1.,1.,1.,1.,-6.41,10.,6.41,6.41,10.,6.41,-6.41,10.,     1755P   4524
-6.41,6.41,10.,-6.41,-0.641,0.641,-0.641,0.641;                     1755P   4525
128,1,1,1,1,0,0,1,0,0,-0.601,-0.601,0.601,0.601,-0.601,-0.601,      1757P   4526
0.601,0.601,1.,1.,1.,1.,6.01,5.,6.01,-6.01,5.,6.01,6.01,5.,         1757P   4527
-6.01,-6.01,5.,-6.01,-0.601,0.601,-0.601,0.601;                     1757P   4528
128,2,8,2,2,0,0,0,0,0,0.,0.,0.,1.5707963267949,1.5707963267949,     1759P   4529
1.5707963267949,-3.09954581493626,-3.09954581493626,                1759P   4530
-3.09954581493626,-1.54977290746813,-1.54977290746813,0.,0.,        1759P   4531
1.54977290746813,1.54977290746813,3.09954581493626,                 1759P   4532
3.09954581493626,3.09954581493626,1.,0.707106781186543,1.,          1759P   4533
0.714500479597903,0.505228134284714,0.714500479597903,1.,           1759P   4534
0.707106781186543,1.,0.714500479597903,0.505228134284714,           1759P   4535
0.714500479597903,1.,0.707106781186543,1.,0.714500479597903,        1759P   4536
0.505228134284714,0.714500479597903,1.,0.707106781186543,1.,        1759P   4537
0.714500479597903,0.505228134284714,0.714500479597903,1.,           1759P   4538
0.707106781186543,1.,-0.453972064221533,87.3,10.790454548577,       1759P   4539
-0.46237895429971,87.3,10.9902777809581,-0.46237895429971,87.5,     1759P   4540
10.9902777809581,-11.0199259787109,87.3,10.3459275930687,           1759P   4541
-11.2239986820204,87.3,10.5375188447921,-11.2239986820204,87.5,     1759P   4542
10.5375188447921,-10.7976133734412,87.3,-0.227036203465675,         1759P   4543
-10.9975691766531,87.3,-0.231240577603928,-10.9975691766531,        1759P   4544
87.5,-0.231240577603928,-10.5753007681714,87.3,-10.8,               1759P   4545
-10.7711396712857,87.3,-11.,-10.7711396712857,87.5,-11.,0.,87.3,    1759P   4546
-10.8,0.,87.3,-11.,0.,87.5,-11.,10.5753007681714,87.3,-10.8,        1759P   4547
10.7711396712857,87.3,-11.,10.7711396712857,87.5,-11.,              1759P   4548
10.7976133734412,87.3,-0.227036203465675,10.9975691766531,87.3,     1759P   4549
-0.231240577603928,10.9975691766531,87.5,-0.231240577603928,        1759P   4550
11.0199259787109,87.3,10.3459275930687,11.2239986820204,87.3,       1759P   4551
10.5375188447921,11.2239986820204,87.5,10.5375188447921,            1759P   4552
0.453972064221533,87.3,10.790454548577,0.46237895429971,87.3,       1759P   4553
10.9902777809581,0.46237895429971,87.5,10.9902777809581,0.,         1759P   4554
1.5707963267949,-3.09954581493626,3.09954581493626;                 1759P   4555
128,1,1,1,1,0,0,1,0,0,-1.10299259787109,-1.10299259787109,          1761P   4556
1.10299259787109,1.10299259787109,-1.0800454548577,                 1761P   4557
-1.0800454548577,1.081,1.081,1.,1.,1.,1.,11.0299259787109,87.3,     1761P   4558
10.800454548577,-11.0299259787109,87.3,10.800454548577,             1761P   4559
11.0299259787109,87.3,-10.81,-11.0299259787109,87.3,-10.81,         1761P   4560
-1.10299259787109,1.10299259787109,-1.0800454548577,1.081;          1761P   4561
128,2,8,2,2,0,1,0,0,1,-3.14159265358979,-3.14159265358979,          1763P   4562
-3.14159265358979,-1.5707963267949,-1.5707963267949,                1763P   4563
-1.5707963267949,-3.14159265358979,-3.14159265358979,               1763P   4564
-3.14159265358979,-1.5707963267949,-1.5707963267949,0.,0.,          1763P   4565
1.5707963267949,1.5707963267949,3.14159265358979,                   1763P   4566
3.14159265358979,3.14159265358979,1.,0.707106781186526,1.,          1763P   4567
0.707106781186548,0.499999999999985,0.707106781186548,1.,           1763P   4568
0.707106781186526,1.,0.707106781186548,0.499999999999985,           1763P   4569
0.707106781186548,1.,0.707106781186526,1.,0.707106781186548,        1763P   4570
0.499999999999985,0.707106781186548,1.,0.707106781186526,1.,        1763P   4571
0.707106781186548,0.499999999999985,0.707106781186548,1.,           1763P   4572
0.707106781186526,1.,0.,87.1,7.6,0.,87.3,7.6,0.,87.3,7.8,-7.6,      1763P   4573
87.1,7.6,-7.6,87.3,7.6,-7.8,87.3,7.8,-7.6,87.1,0.,-7.6,87.3,0.,     1763P   4574
-7.8,87.3,0.,-7.6,87.1,-7.6,-7.6,87.3,-7.6,-7.8,87.3,-7.8,0.,       1763P   4575
87.1,-7.6,0.,87.3,-7.6,0.,87.3,-7.8,7.6,87.1,-7.6,7.6,87.3,-7.6,    1763P   4576
7.8,87.3,-7.8,7.6,87.1,0.,7.6,87.3,0.,7.8,87.3,0.,7.6,87.1,7.6,     1763P   4577
7.6,87.3,7.6,7.8,87.3,7.8,0.,87.1,7.6,0.,87.3,7.6,0.,87.3,7.8,      1763P   4578
-3.14159265358979,-1.5707963267949,-3.14159265358979,               1763P   4579
3.14159265358979;                                                   1763P   4580
128,1,8,1,2,0,1,0,0,1,0.0263157894736837,0.0263157894736837,        1765P   4581
0.578947368421054,0.578947368421054,-3.14159265358979,              1765P   4582
-3.14159265358979,-3.14159265358979,-1.5707963267949,               1765P   4583
-1.5707963267949,0.,0.,1.5707963267949,1.5707963267949,             1765P   4584
3.14159265358979,3.14159265358979,3.14159265358979,1.,1.,           1765P   4585
0.707106781186548,0.707106781186548,1.,1.,0.707106781186548,        1765P   4586
0.707106781186548,1.,1.,0.707106781186548,0.707106781186548,1.,     1765P   4587
1.,0.707106781186548,0.707106781186548,1.,1.,-7.6,87.1,0.,-7.6,     1765P   4588
82.9,0.,-7.6,87.1,7.6,-7.6,82.9,7.6,0.,87.1,7.6,0.,82.9,7.6,7.6,    1765P   4589
87.1,7.6,7.6,82.9,7.6,7.6,87.1,0.,7.6,82.9,0.,7.6,87.1,-7.6,7.6,    1765P   4590
82.9,-7.6,0.,87.1,-7.6,0.,82.9,-7.6,-7.6,87.1,-7.6,-7.6,82.9,       1765P   4591
-7.6,-7.6,87.1,0.,-7.6,82.9,0.,0.0263157894736837,                  1765P   4592
0.578947368421054,-3.14159265358979,3.14159265358979;               1765P   4593
128,2,8,2,2,0,1,0,0,1,1.57079632679489,1.57079632679489,            1767P   4594
1.57079632679489,3.14159265358979,3.14159265358979,                 1767P   4595
3.14159265358979,-3.14159265358979,-3.14159265358979,               1767P   4596
-3.14159265358979,-1.5707963267949,-1.5707963267949,0.,0.,          1767P   4597
1.5707963267949,1.5707963267949,3.14159265358979,                   1767P   4598
3.14159265358979,3.14159265358979,1.,0.707106781186531,1.,          1767P   4599
0.707106781186548,0.499999999999989,0.707106781186548,1.,           1767P   4600
0.707106781186531,1.,0.707106781186548,0.499999999999989,           1767P   4601
0.707106781186548,1.,0.707106781186531,1.,0.707106781186548,        1767P   4602
0.499999999999989,0.707106781186548,1.,0.707106781186531,1.,        1767P   4603
0.707106781186548,0.499999999999989,0.707106781186548,1.,           1767P   4604
0.707106781186531,1.,0.,82.7,7.8,0.,82.7,7.6,0.,82.9,7.6,-7.8,      1767P   4605
82.7,7.8,-7.6,82.7,7.6,-7.6,82.9,7.6,-7.8,82.7,0.,-7.6,82.7,0.,     1767P   4606
-7.6,82.9,0.,-7.8,82.7,-7.8,-7.6,82.7,-7.6,-7.6,82.9,-7.6,0.,       1767P   4607
82.7,-7.8,0.,82.7,-7.6,0.,82.9,-7.6,7.8,82.7,-7.8,7.6,82.7,-7.6,    1767P   4608
7.6,82.9,-7.6,7.8,82.7,0.,7.6,82.7,0.,7.6,82.9,0.,7.8,82.7,7.8,     1767P   4609
7.6,82.7,7.6,7.6,82.9,7.6,0.,82.7,7.8,0.,82.7,7.6,0.,82.9,7.6,      1767P   4610
1.57079632679489,3.14159265358979,-3.14159265358979,                1767P   4611
3.14159265358979;                                                   1767P   4612
128,2,8,2,2,0,1,0,0,1,-3.14159265358979,-3.14159265358979,          1769P   4613
-3.14159265358979,-1.5707963267949,-1.5707963267949,                1769P   4614
-1.5707963267949,-3.14159265358979,-3.14159265358979,               1769P   4615
-3.14159265358979,-1.5707963267949,-1.5707963267949,0.,0.,          1769P   4616
1.5707963267949,1.5707963267949,3.14159265358979,                   1769P   4617
3.14159265358979,3.14159265358979,1.,0.707106781186526,1.,          1769P   4618
0.707106781186548,0.499999999999985,0.707106781186548,1.,           1769P   4619
0.707106781186526,1.,0.707106781186548,0.499999999999985,           1769P   4620
0.707106781186548,1.,0.707106781186526,1.,0.707106781186548,        1769P   4621
0.499999999999985,0.707106781186548,1.,0.707106781186526,1.,        1769P   4622
0.707106781186548,0.499999999999985,0.707106781186548,1.,           1769P   4623
0.707106781186526,1.,0.,77.1,7.6,0.,77.3,7.6,0.,77.3,7.8,-7.6,      1769P   4624
77.1,7.6,-7.6,77.3,7.6,-7.8,77.3,7.8,-7.6,77.1,0.,-7.6,77.3,0.,     1769P   4625
-7.8,77.3,0.,-7.6,77.1,-7.6,-7.6,77.3,-7.6,-7.8,77.3,-7.8,0.,       1769P   4626
77.1,-7.6,0.,77.3,-7.6,0.,77.3,-7.8,7.6,77.1,-7.6,7.6,77.3,-7.6,    1769P   4627
7.8,77.3,-7.8,7.6,77.1,0.,7.6,77.3,0.,7.8,77.3,0.,7.6,77.1,7.6,     1769P   4628
7.6,77.3,7.6,7.8,77.3,7.8,0.,77.1,7.6,0.,77.3,7.6,0.,77.3,7.8,      1769P   4629
-3.14159265358979,-1.5707963267949,-3.14159265358979,               1769P   4630
3.14159265358979;                                                   1769P   4631
128,1,8,1,2,0,1,0,0,1,0.0263157894736837,0.0263157894736837,        1771P   4632
0.578947368421053,0.578947368421053,-3.14159265358979,              1771P   4633
-3.14159265358979,-3.14159265358979,-1.5707963267949,               1771P   4634
-1.5707963267949,0.,0.,1.5707963267949,1.5707963267949,             1771P   4635
3.14159265358979,3.14159265358979,3.14159265358979,1.,1.,           1771P   4636
0.707106781186548,0.707106781186548,1.,1.,0.707106781186548,        1771P   4637
0.707106781186548,1.,1.,0.707106781186548,0.707106781186548,1.,     1771P   4638
1.,0.707106781186548,0.707106781186548,1.,1.,-7.6,77.1,0.,-7.6,     1771P   4639
72.9,0.,-7.6,77.1,7.6,-7.6,72.9,7.6,0.,77.1,7.6,0.,72.9,7.6,7.6,    1771P   4640
77.1,7.6,7.6,72.9,7.6,7.6,77.1,0.,7.6,72.9,0.,7.6,77.1,-7.6,7.6,    1771P   4641
72.9,-7.6,0.,77.1,-7.6,0.,72.9,-7.6,-7.6,77.1,-7.6,-7.6,72.9,       1771P   4642
-7.6,-7.6,77.1,0.,-7.6,72.9,0.,0.0263157894736837,                  1771P   4643
0.578947368421053,-3.14159265358979,3.14159265358979;               1771P   4644
128,2,8,2,2,0,1,0,0,1,1.57079632679489,1.57079632679489,            1773P   4645
1.57079632679489,3.14159265358979,3.14159265358979,                 1773P   4646
3.14159265358979,-3.14159265358979,-3.14159265358979,               1773P   4647
-3.14159265358979,-1.5707963267949,-1.5707963267949,0.,0.,          1773P   4648
1.5707963267949,1.5707963267949,3.14159265358979,                   1773P   4649
3.14159265358979,3.14159265358979,1.,0.707106781186531,1.,          1773P   4650
0.707106781186548,0.499999999999989,0.707106781186548,1.,           1773P   4651
0.707106781186531,1.,0.707106781186548,0.499999999999989,           1773P   4652
0.707106781186548,1.,0.707106781186531,1.,0.707106781186548,        1773P   4653
0.499999999999989,0.707106781186548,1.,0.707106781186531,1.,        1773P   4654
0.707106781186548,0.499999999999989,0.707106781186548,1.,           1773P   4655
0.707106781186531,1.,0.,72.7,7.8,0.,72.7,7.6,0.,72.9,7.6,-7.8,      1773P   4656
72.7,7.8,-7.6,72.7,7.6,-7.6,72.9,7.6,-7.8,72.7,0.,-7.6,72.7,0.,     1773P   4657
-7.6,72.9,0.,-7.8,72.7,-7.8,-7.6,72.7,-7.6,-7.6,72.9,-7.6,0.,       1773P   4658
72.7,-7.8,0.,72.7,-7.6,0.,72.9,-7.6,7.8,72.7,-7.8,7.6,72.7,-7.6,    1773P   4659
7.6,72.9,-7.6,7.8,72.7,0.,7.6,72.7,0.,7.6,72.9,0.,7.8,72.7,7.8,     1773P   4660
7.6,72.7,7.6,7.6,72.9,7.6,0.,72.7,7.8,0.,72.7,7.6,0.,72.9,7.6,      1773P   4661
1.57079632679489,3.14159265358979,-3.14159265358979,                1773P   4662
3.14159265358979;                                                   1773P   4663
128,2,8,2,2,0,1,0,0,1,-3.14159265358979,-3.14159265358979,          1775P   4664
-3.14159265358979,-1.5707963267949,-1.5707963267949,                1775P   4665
-1.5707963267949,-3.14159265358979,-3.14159265358979,               1775P   4666
-3.14159265358979,-1.5707963267949,-1.5707963267949,0.,0.,          1775P   4667
1.5707963267949,1.5707963267949,3.14159265358979,                   1775P   4668
3.14159265358979,3.14159265358979,1.,0.707106781186526,1.,          1775P   4669
0.707106781186548,0.499999999999985,0.707106781186548,1.,           1775P   4670
0.707106781186526,1.,0.707106781186548,0.499999999999985,           1775P   4671
0.707106781186548,1.,0.707106781186526,1.,0.707106781186548,        1775P   4672
0.499999999999985,0.707106781186548,1.,0.707106781186526,1.,        1775P   4673
0.707106781186548,0.499999999999985,0.707106781186548,1.,           1775P   4674
0.707106781186526,1.,0.,67.1,7.6,0.,67.3,7.6,0.,67.3,7.8,-7.6,      1775P   4675
67.1,7.6,-7.6,67.3,7.6,-7.8,67.3,7.8,-7.6,67.1,0.,-7.6,67.3,0.,     1775P   4676
-7.8,67.3,0.,-7.6,67.1,-7.6,-7.6,67.3,-7.6,-7.8,67.3,-7.8,0.,       1775P   4677
67.1,-7.6,0.,67.3,-7.6,0.,67.3,-7.8,7.6,67.1,-7.6,7.6,67.3,-7.6,    1775P   4678
7.8,67.3,-7.8,7.6,67.1,0.,7.6,67.3,0.,7.8,67.3,0.,7.6,67.1,7.6,     1775P   4679
7.6,67.3,7.6,7.8,67.3,7.8,0.,67.1,7.6,0.,67.3,7.6,0.,67.3,7.8,      1775P   4680
-3.14159265358979,-1.5707963267949,-3.14159265358979,               1775P   4681
3.14159265358979;                                                   1775P   4682
128,1,8,1,2,0,1,0,0,1,0.0263157894736837,0.0263157894736837,        1777P   4683
0.578947368421053,0.578947368421053,-3.14159265358979,              1777P   4684
-3.14159265358979,-3.14159265358979,-1.5707963267949,               1777P   4685
-1.5707963267949,0.,0.,1.5707963267949,1.5707963267949,             1777P   4686
3.14159265358979,3.14159265358979,3.14159265358979,1.,1.,           1777P   4687
0.707106781186548,0.707106781186548,1.,1.,0.707106781186548,        1777P   4688
0.707106781186548,1.,1.,0.707106781186548,0.707106781186548,1.,     1777P   4689
1.,0.707106781186548,0.707106781186548,1.,1.,-7.6,67.1,0.,-7.6,     1777P   4690
62.9,0.,-7.6,67.1,7.6,-7.6,62.9,7.6,0.,67.1,7.6,0.,62.9,7.6,7.6,    1777P   4691
67.1,7.6,7.6,62.9,7.6,7.6,67.1,0.,7.6,62.9,0.,7.6,67.1,-7.6,7.6,    1777P   4692
62.9,-7.6,0.,67.1,-7.6,0.,62.9,-7.6,-7.6,67.1,-7.6,-7.6,62.9,       1777P   4693
-7.6,-7.6,67.1,0.,-7.6,62.9,0.,0.0263157894736837,                  1777P   4694
0.578947368421053,-3.14159265358979,3.14159265358979;               1777P   4695
128,2,8,2,2,0,1,0,0,1,1.57079632679489,1.57079632679489,            1779P   4696
1.57079632679489,3.14159265358979,3.14159265358979,                 1779P   4697
3.14159265358979,-3.14159265358979,-3.14159265358979,               1779P   4698
-3.14159265358979,-1.5707963267949,-1.5707963267949,0.,0.,          1779P   4699
1.5707963267949,1.5707963267949,3.14159265358979,                   1779P   4700
3.14159265358979,3.14159265358979,1.,0.707106781186531,1.,          1779P   4701
0.707106781186548,0.499999999999989,0.707106781186548,1.,           1779P   4702
0.707106781186531,1.,0.707106781186548,0.499999999999989,           1779P   4703
0.707106781186548,1.,0.707106781186531,1.,0.707106781186548,        1779P   4704
0.499999999999989,0.707106781186548,1.,0.707106781186531,1.,        1779P   4705
0.707106781186548,0.499999999999989,0.707106781186548,1.,           1779P   4706
0.707106781186531,1.,0.,62.7,7.8,0.,62.7,7.6,0.,62.9,7.6,-7.8,      1779P   4707
62.7,7.8,-7.6,62.7,7.6,-7.6,62.9,7.6,-7.8,62.7,0.,-7.6,62.7,0.,     1779P   4708
-7.6,62.9,0.,-7.8,62.7,-7.8,-7.6,62.7,-7.6,-7.6,62.9,-7.6,0.,       1779P   4709
62.7,-7.8,0.,62.7,-7.6,0.,62.9,-7.6,7.8,62.7,-7.8,7.6,62.7,-7.6,    1779P   4710
7.6,62.9,-7.6,7.8,62.7,0.,7.6,62.7,0.,7.6,62.9,0.,7.8,62.7,7.8,     1779P   4711
7.6,62.7,7.6,7.6,62.9,7.6,0.,62.7,7.8,0.,62.7,7.6,0.,62.9,7.6,      1779P   4712
1.57079632679489,3.14159265358979,-3.14159265358979,                1779P   4713
3.14159265358979;                                                   1779P   4714
128,2,8,2,2,0,1,0,0,1,-3.14159265358979,-3.14159265358979,          1781P   4715
-3.14159265358979,-1.5707963267949,-1.5707963267949,                1781P   4716
-1.5707963267949,-3.14159265358979,-3.14159265358979,               1781P   4717
-3.14159265358979,-1.5707963267949,-1.5707963267949,0.,0.,          1781P   4718
1.5707963267949,1.5707963267949,3.14159265358979,                   1781P   4719
3.14159265358979,3.14159265358979,1.,0.707106781186526,1.,          1781P   4720
0.707106781186548,0.499999999999985,0.707106781186548,1.,           1781P   4721
0.707106781186526,1.,0.707106781186548,0.499999999999985,           1781P   4722
0.707106781186548,1.,0.707106781186526,1.,0.707106781186548,        1781P   4723
0.499999999999985,0.707106781186548,1.,0.707106781186526,1.,        1781P   4724
0.707106781186548,0.499999999999985,0.707106781186548,1.,           1781P   4725
0.707106781186526,1.,0.,57.1,7.6,0.,57.3,7.6,0.,57.3,7.8,-7.6,      1781P   4726
57.1,7.6,-7.6,57.3,7.6,-7.8,57.3,7.8,-7.6,57.1,0.,-7.6,57.3,0.,     1781P   4727
-7.8,57.3,0.,-7.6,57.1,-7.6,-7.6,57.3,-7.6,-7.8,57.3,-7.8,0.,       1781P   4728
57.1,-7.6,0.,57.3,-7.6,0.,57.3,-7.8,7.6,57.1,-7.6,7.6,57.3,-7.6,    1781P   4729
7.8,57.3,-7.8,7.6,57.1,0.,7.6,57.3,0.,7.8,57.3,0.,7.6,57.1,7.6,     1781P   4730
7.6,57.3,7.6,7.8,57.3,7.8,0.,57.1,7.6,0.,57.3,7.6,0.,57.3,7.8,      1781P   4731
-3.14159265358979,-1.5707963267949,-3.14159265358979,               1781P   4732
3.14159265358979;                                                   1781P   4733
128,1,8,1,2,0,1,0,0,1,0.0263157894736837,0.0263157894736837,        1783P   4734
0.578947368421053,0.578947368421053,-3.14159265358979,              1783P   4735
-3.14159265358979,-3.14159265358979,-1.5707963267949,               1783P   4736
-1.5707963267949,0.,0.,1.5707963267949,1.5707963267949,             1783P   4737
3.14159265358979,3.14159265358979,3.14159265358979,1.,1.,           1783P   4738
0.707106781186548,0.707106781186548,1.,1.,0.707106781186548,        1783P   4739
0.707106781186548,1.,1.,0.707106781186548,0.707106781186548,1.,     1783P   4740
1.,0.707106781186548,0.707106781186548,1.,1.,-7.6,57.1,0.,-7.6,     1783P   4741
52.9,0.,-7.6,57.1,7.6,-7.6,52.9,7.6,0.,57.1,7.6,0.,52.9,7.6,7.6,    1783P   4742
57.1,7.6,7.6,52.9,7.6,7.6,57.1,0.,7.6,52.9,0.,7.6,57.1,-7.6,7.6,    1783P   4743
52.9,-7.6,0.,57.1,-7.6,0.,52.9,-7.6,-7.6,57.1,-7.6,-7.6,52.9,       1783P   4744
-7.6,-7.6,57.1,0.,-7.6,52.9,0.,0.0263157894736837,                  1783P   4745
0.578947368421053,-3.14159265358979,3.14159265358979;               1783P   4746
128,2,8,2,2,0,1,0,0,1,1.57079632679489,1.57079632679489,            1785P   4747
1.57079632679489,3.14159265358979,3.14159265358979,                 1785P   4748
3.14159265358979,-3.14159265358979,-3.14159265358979,               1785P   4749
-3.14159265358979,-1.5707963267949,-1.5707963267949,0.,0.,          1785P   4750
1.5707963267949,1.5707963267949,3.14159265358979,                   1785P   4751
3.14159265358979,3.14159265358979,1.,0.707106781186531,1.,          1785P   4752
0.707106781186548,0.499999999999989,0.707106781186548,1.,           1785P   4753
0.707106781186531,1.,0.707106781186548,0.499999999999989,           1785P   4754
0.707106781186548,1.,0.707106781186531,1.,0.707106781186548,        1785P   4755
0.499999999999989,0.707106781186548,1.,0.707106781186531,1.,        1785P   4756
0.707106781186548,0.499999999999989,0.707106781186548,1.,           1785P   4757
0.707106781186531,1.,0.,52.7,7.8,0.,52.7,7.6,0.,52.9,7.6,-7.8,      1785P   4758
52.7,7.8,-7.6,52.7,7.6,-7.6,52.9,7.6,-7.8,52.7,0.,-7.6,52.7,0.,     1785P   4759
-7.6,52.9,0.,-7.8,52.7,-7.8,-7.6,52.7,-7.6,-7.6,52.9,-7.6,0.,       1785P   4760
52.7,-7.8,0.,52.7,-7.6,0.,52.9,-7.6,7.8,52.7,-7.8,7.6,52.7,-7.6,    1785P   4761
7.6,52.9,-7.6,7.8,52.7,0.,7.6,52.7,0.,7.6,52.9,0.,7.8,52.7,7.8,     1785P   4762
7.6,52.7,7.6,7.6,52.9,7.6,0.,52.7,7.8,0.,52.7,7.6,0.,52.9,7.6,      1785P   4763
1.57079632679489,3.14159265358979,-3.14159265358979,                1785P   4764
3.14159265358979;                                                   1785P   4765
128,2,8,2,2,0,1,0,0,1,-1.5707963267949,-1.5707963267949,            1787P   4766
-1.5707963267949,0.,0.,0.,-3.14159265358979,-3.14159265358979,      1787P   4767
-3.14159265358979,-1.5707963267949,-1.5707963267949,0.,0.,          1787P   4768
1.5707963267949,1.5707963267949,3.14159265358979,                   1787P   4769
3.14159265358979,3.14159265358979,1.,0.707106781186538,1.,          1787P   4770
0.707106781186548,0.499999999999993,0.707106781186548,1.,           1787P   4771
0.707106781186538,1.,0.707106781186548,0.499999999999993,           1787P   4772
0.707106781186548,1.,0.707106781186538,1.,0.707106781186548,        1787P   4773
0.499999999999993,0.707106781186548,1.,0.707106781186538,1.,        1787P   4774
0.707106781186548,0.499999999999993,0.707106781186548,1.,           1787P   4775
0.707106781186538,1.,0.,0.1,-5.,0.,-1.74452296424377D-16,-5.,0.,    1787P   4776
0.,-4.9,-5.,0.1,-5.,-5.,-1.74452296424377D-16,-5.,-4.9,0.,-4.9,     1787P   4777
-5.,0.1,0.,-5.,-1.73472347597681D-16,0.,-4.9,0.,0.,-5.,0.1,5.,      1787P   4778
-5.,-1.72492398770985D-16,5.,-4.9,0.,4.9,0.,0.1,5.,0.,              1787P   4779
-1.72492398770985D-16,5.,0.,0.,4.9,5.,0.1,5.,5.,                    1787P   4780
-1.72492398770985D-16,5.,4.9,0.,4.9,5.,0.1,0.,5.,                   1787P   4781
-1.73472347597681D-16,0.,4.9,0.,0.,5.,0.1,-5.,5.,                   1787P   4782
-1.74452296424377D-16,-5.,4.9,0.,-4.9,0.,0.1,-5.,0.,                1787P   4783
-1.74452296424377D-16,-5.,0.,0.,-4.9,-1.5707963267949,0.,           1787P   4784
-3.14159265358979,3.14159265358979;                                 1787P   4785
128,1,8,1,2,0,1,0,0,1,0.02,0.02,0.58,0.58,-3.14159265358979,        1789P   4786
-3.14159265358979,-3.14159265358979,-1.5707963267949,               1789P   4787
-1.5707963267949,0.,0.,1.5707963267949,1.5707963267949,             1789P   4788
3.14159265358979,3.14159265358979,3.14159265358979,1.,1.,           1789P   4789
0.707106781186548,0.707106781186548,1.,1.,0.707106781186548,        1789P   4790
0.707106781186548,1.,1.,0.707106781186548,0.707106781186548,1.,     1789P   4791
1.,0.707106781186548,0.707106781186548,1.,1.,-5.,2.9,0.,-5.,0.1,    1789P   4792
0.,-5.,2.9,5.,-5.,0.1,5.,0.,2.9,5.,0.,0.1,5.,5.,2.9,5.,5.,0.1,      1789P   4793
5.,5.,2.9,0.,5.,0.1,0.,5.,2.9,-5.,5.,0.1,-5.,0.,2.9,-5.,0.,0.1,     1789P   4794
-5.,-5.,2.9,-5.,-5.,0.1,-5.,-5.,2.9,0.,-5.,0.1,0.,0.02,0.58,        1789P   4795
-3.14159265358979,3.14159265358979;                                 1789P   4796
128,1,1,1,1,0,0,1,0,0,-0.491,-0.491,0.491,0.491,-0.491,-0.491,      1791P   4797
0.491,0.491,1.,1.,1.,1.,4.91,0.,4.91,-4.91,0.,4.91,4.91,0.,         1791P   4798
-4.91,-4.91,0.,-4.91,-0.491,0.491,-0.491,0.491;                     1791P   4799
128,2,8,2,2,0,1,0,0,1,0.,0.,0.,1.5707963267949,1.5707963267949,     1793P   4800
1.5707963267949,-3.14159265358979,-3.14159265358979,                1793P   4801
-3.14159265358979,-1.5707963267949,-1.5707963267949,0.,0.,          1793P   4802
1.5707963267949,1.5707963267949,3.14159265358979,                   1793P   4803
3.14159265358979,3.14159265358979,1.,0.707106781186543,1.,          1793P   4804
0.707106781186548,0.499999999999997,0.707106781186548,1.,           1793P   4805
0.707106781186543,1.,0.707106781186548,0.499999999999997,           1793P   4806
0.707106781186548,1.,0.707106781186543,1.,0.707106781186548,        1793P   4807
0.499999999999997,0.707106781186548,1.,0.707106781186543,1.,        1793P   4808
0.707106781186548,0.499999999999997,0.707106781186548,1.,           1793P   4809
0.707106781186543,1.,0.,3.,-4.9,0.,3.,-5.,0.,2.9,-5.,-4.9,3.,       1793P   4810
-4.9,-5.,3.,-5.,-5.,2.9,-5.,-4.9,3.,0.,-5.,3.,0.,-5.,2.9,0.,        1793P   4811
-4.9,3.,4.9,-5.,3.,5.,-5.,2.9,5.,0.,3.,4.9,0.,3.,5.,0.,2.9,5.,      1793P   4812
4.9,3.,4.9,5.,3.,5.,5.,2.9,5.,4.9,3.,0.,5.,3.,0.,5.,2.9,0.,4.9,     1793P   4813
3.,-4.9,5.,3.,-5.,5.,2.9,-5.,0.,3.,-4.9,0.,3.,-5.,0.,2.9,-5.,0.,    1793P   4814
1.5707963267949,-3.14159265358979,3.14159265358979;                 1793P   4815
128,1,1,1,1,0,0,1,0,0,-0.491,-0.491,0.491,0.491,-0.491,-0.491,      1795P   4816
0.491,0.491,1.,1.,1.,1.,-4.91,3.,4.91,4.91,3.,4.91,-4.91,3.,        1795P   4817
-4.91,4.91,3.,-4.91,-0.491,0.491,-0.491,0.491;                      1795P   4818
128,2,8,2,2,0,1,0,0,1,0.,0.,0.,1.5707963267949,1.5707963267949,     1797P   4819
1.5707963267949,-3.14159265358979,-3.14159265358979,                1797P   4820
-3.14159265358979,-1.5707963267949,-1.5707963267949,0.,0.,          1797P   4821
1.5707963267949,1.5707963267949,3.14159265358979,                   1797P   4822
3.14159265358979,3.14159265358979,1.,0.707106781186564,1.,          1797P   4823
0.707106781186548,0.500000000000012,0.707106781186548,1.,           1797P   4824
0.707106781186564,1.,0.707106781186548,0.500000000000012,           1797P   4825
0.707106781186548,1.,0.707106781186564,1.,0.707106781186548,        1797P   4826
0.500000000000012,0.707106781186548,1.,0.707106781186564,1.,        1797P   4827
0.707106781186548,0.500000000000012,0.707106781186548,1.,           1797P   4828
0.707106781186564,1.,0.,4.6,-10.8,0.,4.6,-11.,0.,4.4,-11.,-10.8,    1797P   4829
4.6,-10.8,-11.,4.6,-11.,-11.,4.4,-11.,-10.8,4.6,0.,-11.,4.6,0.,     1797P   4830
-11.,4.4,0.,-10.8,4.6,10.8,-11.,4.6,11.,-11.,4.4,11.,0.,4.6,        1797P   4831
10.8,0.,4.6,11.,0.,4.4,11.,10.8,4.6,10.8,11.,4.6,11.,11.,4.4,       1797P   4832
11.,10.8,4.6,0.,11.,4.6,0.,11.,4.4,0.,10.8,4.6,-10.8,11.,4.6,       1797P   4833
-11.,11.,4.4,-11.,0.,4.6,-10.8,0.,4.6,-11.,0.,4.4,-11.,0.,          1797P   4834
1.5707963267949,-3.14159265358979,3.14159265358979;                 1797P   4835
128,1,8,1,2,0,1,0,0,1,0.0181818181818182,0.0181818181818182,0.4,    1799P   4836
0.4,-3.14159265358979,-3.14159265358979,-3.14159265358979,          1799P   4837
-1.5707963267949,-1.5707963267949,0.,0.,1.5707963267949,            1799P   4838
1.5707963267949,3.14159265358979,3.14159265358979,                  1799P   4839
3.14159265358979,1.,1.,0.707106781186548,0.707106781186548,1.,      1799P   4840
1.,0.707106781186548,0.707106781186548,1.,1.,0.707106781186548,     1799P   4841
0.707106781186548,1.,1.,0.707106781186548,0.707106781186548,1.,     1799P   4842
1.,-11.,4.4,0.,-11.,0.2,0.,-11.,4.4,11.,-11.,0.2,11.,0.,4.4,11.,    1799P   4843
0.,0.2,11.,11.,4.4,11.,11.,0.2,11.,11.,4.4,0.,11.,0.2,0.,11.,       1799P   4844
4.4,-11.,11.,0.2,-11.,0.,4.4,-11.,0.,0.2,-11.,-11.,4.4,-11.,        1799P   4845
-11.,0.2,-11.,-11.,4.4,0.,-11.,0.2,0.,0.0181818181818182,0.4,       1799P   4846
-3.14159265358979,3.14159265358979;                                 1799P   4847
128,1,1,1,1,0,0,1,0,0,-1.081,-1.081,1.081,1.081,-1.081,-1.081,      1801P   4848
1.081,1.081,1.,1.,1.,1.,-10.81,4.6,10.81,10.81,4.6,10.81,-10.81,    1801P   4849
4.6,-10.81,10.81,4.6,-10.81,-1.081,1.081,-1.081,1.081;              1801P   4850
128,2,8,2,2,0,1,0,0,1,-1.5707963267949,-1.5707963267949,            1803P   4851
-1.5707963267949,0.,0.,0.,-3.14159265358979,-3.14159265358979,      1803P   4852
-3.14159265358979,-1.5707963267949,-1.5707963267949,0.,0.,          1803P   4853
1.5707963267949,1.5707963267949,3.14159265358979,                   1803P   4854
3.14159265358979,3.14159265358979,1.,0.707106781186554,1.,          1803P   4855
0.707106781186548,0.500000000000005,0.707106781186548,1.,           1803P   4856
0.707106781186554,1.,0.707106781186548,0.500000000000005,           1803P   4857
0.707106781186548,1.,0.707106781186554,1.,0.707106781186548,        1803P   4858
0.500000000000005,0.707106781186548,1.,0.707106781186554,1.,        1803P   4859
0.707106781186548,0.500000000000005,0.707106781186548,1.,           1803P   4860
0.707106781186554,1.,0.,0.2,-11.,0.,-3.78741836635555D-16,-11.,     1803P   4861
0.,0.,-10.8,-11.,0.2,-11.,-11.,-3.78741836635555D-16,-11.,-10.8,    1803P   4862
0.,-10.8,-11.,0.2,0.,-11.,-3.81639164714898D-16,0.,-10.8,0.,0.,     1803P   4863
-11.,0.2,11.,-11.,-3.8453649279424D-16,11.,-10.8,0.,10.8,0.,0.2,    1803P   4864
11.,0.,-3.8453649279424D-16,11.,0.,0.,10.8,11.,0.2,11.,11.,         1803P   4865
-3.8453649279424D-16,11.,10.8,0.,10.8,11.,0.2,0.,11.,               1803P   4866
-3.81639164714898D-16,0.,10.8,0.,0.,11.,0.2,-11.,11.,               1803P   4867
-3.78741836635555D-16,-11.,10.8,0.,-10.8,0.,0.2,-11.,0.,            1803P   4868
-3.78741836635555D-16,-11.,0.,0.,-10.8,-1.5707963267949,0.,         1803P   4869
-3.14159265358979,3.14159265358979;                                 1803P   4870
128,1,1,1,1,0,0,1,0,0,-1.081,-1.081,1.081,1.081,-1.081,-1.081,      1805P   4871
1.081,1.081,1.,1.,1.,1.,10.81,0.,10.81,-10.81,0.,10.81,10.81,0.,    1805P   4872
-10.81,-10.81,0.,-10.81,-1.081,1.081,-1.081,1.081;                  1805P   4873
128,2,8,2,2,0,1,0,0,1,1.5707963267949,1.5707963267949,              1807P   4874
1.5707963267949,3.14159265358979,3.14159265358979,                  1807P   4875
3.14159265358979,-3.14159265358979,-3.14159265358979,               1807P   4876
-3.14159265358979,-1.5707963267949,-1.5707963267949,0.,0.,          1807P   4877
1.5707963267949,1.5707963267949,3.14159265358979,                   1807P   4878
3.14159265358979,3.14159265358979,1.,0.707106781186538,1.,          1807P   4879
0.707106781186548,0.499999999999994,0.707106781186548,1.,           1807P   4880
0.707106781186538,1.,0.707106781186548,0.499999999999994,           1807P   4881
0.707106781186548,1.,0.707106781186538,1.,0.707106781186548,        1807P   4882
0.499999999999994,0.707106781186548,1.,0.707106781186538,1.,        1807P   4883
0.707106781186548,0.499999999999994,0.707106781186548,1.,           1807P   4884
0.707106781186538,1.,0.,0.2,7.6,0.,-3.06820881070479D-16,7.6,0.,    1807P   4885
0.,7.8,-7.6,0.2,7.6,-7.6,-3.06820881070479D-16,7.6,-7.8,0.,7.8,     1807P   4886
-7.6,0.2,0.,-7.6,-3.12250225675825D-16,0.,-7.8,0.,0.,-7.6,0.2,      1807P   4887
-7.6,-7.6,-3.17679570281171D-16,-7.6,-7.8,0.,-7.8,0.,0.2,-7.6,      1807P   4888
0.,-3.17679570281171D-16,-7.6,0.,0.,-7.8,7.6,0.2,-7.6,7.6,          1807P   4889
-3.17679570281171D-16,-7.6,7.8,0.,-7.8,7.6,0.2,0.,7.6,              1807P   4890
-3.12250225675825D-16,0.,7.8,0.,0.,7.6,0.2,7.6,7.6,                 1807P   4891
-3.06820881070479D-16,7.6,7.8,0.,7.8,0.,0.2,7.6,0.,                 1807P   4892
-3.06820881070479D-16,7.6,0.,0.,7.8,1.5707963267949,                1807P   4893
3.14159265358979,-3.14159265358979,3.14159265358979;                1807P   4894
128,1,8,1,2,0,1,0,0,1,0.0263157894736842,0.0263157894736842,        1809P   4895
0.578947368421053,0.578947368421053,-3.14159265358979,              1809P   4896
-3.14159265358979,-3.14159265358979,-1.5707963267949,               1809P   4897
-1.5707963267949,0.,0.,1.5707963267949,1.5707963267949,             1809P   4898
3.14159265358979,3.14159265358979,3.14159265358979,1.,1.,           1809P   4899
0.707106781186548,0.707106781186548,1.,1.,0.707106781186548,        1809P   4900
0.707106781186548,1.,1.,0.707106781186548,0.707106781186548,1.,     1809P   4901
1.,0.707106781186548,0.707106781186548,1.,1.,-7.6,0.2,0.,-7.6,      1809P   4902
4.4,0.,-7.6,0.2,7.6,-7.6,4.4,7.6,0.,0.2,7.6,0.,4.4,7.6,7.6,0.2,     1809P   4903
7.6,7.6,4.4,7.6,7.6,0.2,0.,7.6,4.4,0.,7.6,0.2,-7.6,7.6,4.4,-7.6,    1809P   4904
0.,0.2,-7.6,0.,4.4,-7.6,-7.6,0.2,-7.6,-7.6,4.4,-7.6,-7.6,0.2,0.,    1809P   4905
-7.6,4.4,0.,0.0263157894736842,0.578947368421053,                   1809P   4906
-3.14159265358979,3.14159265358979;                                 1809P   4907
128,2,8,2,2,0,1,0,0,1,-3.14159265358979,-3.14159265358979,          1811P   4908
-3.14159265358979,-1.57079632679489,-1.57079632679489,              1811P   4909
-1.57079632679489,-3.14159265358979,-3.14159265358979,              1811P   4910
-3.14159265358979,-1.5707963267949,-1.5707963267949,0.,0.,          1811P   4911
1.5707963267949,1.5707963267949,3.14159265358979,                   1811P   4912
3.14159265358979,3.14159265358979,1.,0.707106781186543,1.,          1811P   4913
0.707106781186548,0.499999999999997,0.707106781186548,1.,           1811P   4914
0.707106781186543,1.,0.707106781186548,0.499999999999997,           1811P   4915
0.707106781186548,1.,0.707106781186543,1.,0.707106781186548,        1811P   4916
0.499999999999997,0.707106781186548,1.,0.707106781186543,1.,        1811P   4917
0.707106781186548,0.499999999999997,0.707106781186548,1.,           1811P   4918
0.707106781186543,1.,0.,4.6,7.8,0.,4.6,7.6,0.,4.4,7.6,-7.8,4.6,     1811P   4919
7.8,-7.6,4.6,7.6,-7.6,4.4,7.6,-7.8,4.6,0.,-7.6,4.6,0.,-7.6,4.4,     1811P   4920
0.,-7.8,4.6,-7.8,-7.6,4.6,-7.6,-7.6,4.4,-7.6,0.,4.6,-7.8,0.,4.6,    1811P   4921
-7.6,0.,4.4,-7.6,7.8,4.6,-7.8,7.6,4.6,-7.6,7.6,4.4,-7.6,7.8,4.6,    1811P   4922
0.,7.6,4.6,0.,7.6,4.4,0.,7.8,4.6,7.8,7.6,4.6,7.6,7.6,4.4,7.6,0.,    1811P   4923
4.6,7.8,0.,4.6,7.6,0.,4.4,7.6,-3.14159265358979,                    1811P   4924
-1.57079632679489,-3.14159265358979,3.14159265358979;               1811P   4925
128,1,8,1,2,0,1,0,0,1,0.,0.,16.,16.,-3.14159265358979,              1813P   4926
-3.14159265358979,-3.14159265358979,-1.5707963267949,               1813P   4927
-1.5707963267949,0.,0.,1.5707963267949,1.5707963267949,             1813P   4928
3.14159265358979,3.14159265358979,3.14159265358979,1.,1.,           1813P   4929
0.707106781186548,0.707106781186548,1.,1.,0.707106781186548,        1813P   4930
0.707106781186548,1.,1.,0.707106781186548,0.707106781186548,1.,     1813P   4931
1.,0.707106781186548,0.707106781186548,1.,1.,-5.,0.,0.,-5.,80.,     1813P   4932
0.,-5.,0.,5.,-5.,80.,5.,0.,0.,5.,0.,80.,5.,5.,0.,5.,5.,80.,5.,      1813P   4933
5.,0.,0.,5.,80.,0.,5.,0.,-5.,5.,80.,-5.,0.,0.,-5.,0.,80.,-5.,       1813P   4934
-5.,0.,-5.,-5.,80.,-5.,-5.,0.,0.,-5.,80.,0.,0.,16.,                 1813P   4935
-3.14159265358979,3.14159265358979;                                 1813P   4936
128,1,8,1,2,0,1,0,0,1,0.,0.,13.3333333333333,13.3333333333333,      1815P   4937
-3.14159265358979,-3.14159265358979,-3.14159265358979,              1815P   4938
-1.5707963267949,-1.5707963267949,0.,0.,1.5707963267949,            1815P   4939
1.5707963267949,3.14159265358979,3.14159265358979,                  1815P   4940
3.14159265358979,1.,1.,0.707106781186548,0.707106781186548,1.,      1815P   4941
1.,0.707106781186548,0.707106781186548,1.,1.,0.707106781186548,     1815P   4942
0.707106781186548,1.,1.,0.707106781186548,0.707106781186548,1.,     1815P   4943
1.,-6.,80.,0.,-6.,0.,0.,-6.,80.,6.,-6.,0.,6.,0.,80.,6.,0.,0.,6.,    1815P   4944
6.,80.,6.,6.,0.,6.,6.,80.,0.,6.,0.,0.,6.,80.,-6.,6.,0.,-6.,0.,      1815P   4945
80.,-6.,0.,0.,-6.,-6.,80.,-6.,-6.,0.,-6.,-6.,80.,0.,-6.,0.,0.,      1815P   4946
0.,13.3333333333333,-3.14159265358979,3.14159265358979;             1815P   4947
128,1,1,1,1,0,0,1,0,0,-0.601,-0.601,0.601,0.601,-0.601,-0.601,      1817P   4948
0.601,0.601,1.,1.,1.,1.,-6.01,80.,6.01,6.01,80.,6.01,-6.01,80.,     1817P   4949
-6.01,6.01,80.,-6.01,-0.601,0.601,-0.601,0.601;                     1817P   4950
128,1,1,1,1,0,0,1,0,0,-0.601,-0.601,0.601,0.601,-0.601,-0.601,      1819P   4951
0.601,0.601,1.,1.,1.,1.,6.01,0.,6.01,-6.01,0.,6.01,6.01,0.,         1819P   4952
-6.01,-6.01,0.,-6.01,-0.601,0.601,-0.601,0.601;                     1819P   4953
128,1,8,1,2,0,1,0,0,1,0.,0.,2.,2.,-3.14159265358979,                1821P   4954
-3.14159265358979,-3.14159265358979,-1.5707963267949,               1821P   4955
-1.5707963267949,0.,0.,1.5707963267949,1.5707963267949,             1821P   4956
3.14159265358979,3.14159265358979,3.14159265358979,1.,1.,           1821P   4957
0.707106781186548,0.707106781186548,1.,1.,0.707106781186548,        1821P   4958
0.707106781186548,1.,1.,0.707106781186548,0.707106781186548,1.,     1821P   4959
1.,0.707106781186548,0.707106781186548,1.,1.,-5.,10.,0.,-5.,0.,     1821P   4960
0.,-5.,10.,5.,-5.,0.,5.,0.,10.,5.,0.,0.,5.,5.,10.,5.,5.,0.,5.,      1821P   4961
5.,10.,0.,5.,0.,0.,5.,10.,-5.,5.,0.,-5.,0.,10.,-5.,0.,0.,-5.,       1821P   4962
-5.,10.,-5.,-5.,0.,-5.,-5.,10.,0.,-5.,0.,0.,0.,2.,                  1821P   4963
-3.14159265358979,3.14159265358979;                                 1821P   4964
128,1,1,1,1,0,0,1,0,0,-0.501,-0.501,0.501,0.501,-0.501,-0.501,      1823P   4965
0.501,0.501,1.,1.,1.,1.,-5.01,10.,5.01,5.01,10.,5.01,-5.01,10.,     1823P   4966
-5.01,5.01,10.,-5.01,-0.501,0.501,-0.501,0.501;                     1823P   4967
128,1,1,1,1,0,0,1,0,0,-0.501,-0.501,0.501,0.501,-0.501,-0.501,      1825P   4968
0.501,0.501,1.,1.,1.,1.,5.01,0.,5.01,-5.01,0.,5.01,5.01,0.,         1825P   4969
-5.01,-5.01,0.,-5.01,-0.501,0.501,-0.501,0.501;                     1825P   4970
128,2,8,2,2,0,1,0,0,1,1.5707963267949,1.5707963267949,              1827P   4971
1.5707963267949,3.14159265358979,3.14159265358979,                  1827P   4972
3.14159265358979,-3.14159265358979,-3.14159265358979,               1827P   4973
-3.14159265358979,-1.5707963267949,-1.5707963267949,0.,0.,          1827P   4974
1.5707963267949,1.5707963267949,3.14159265358979,                   1827P   4975
3.14159265358979,3.14159265358979,1.,0.707106781186547,1.,          1827P   4976
0.707106781186548,0.499999999999999,0.707106781186548,1.,           1827P   4977
0.707106781186547,1.,0.707106781186548,0.499999999999999,           1827P   4978
0.707106781186548,1.,0.707106781186547,1.,0.707106781186548,        1827P   4979
0.499999999999999,0.707106781186548,1.,0.707106781186547,1.,        1827P   4980
0.707106781186548,0.499999999999999,0.707106781186548,1.,           1827P   4981
0.707106781186547,1.,0.,0.,1.2,0.,-1.35430201643971D-16,1.,0.,      1827P   4982
0.2,1.,-1.2,0.,1.2,-1.,-1.35430201643971D-16,1.,-1.,0.2,1.,-1.2,    1827P   4983
0.,0.,-1.,-1.38777878078145D-16,0.,-1.,0.2,0.,-1.2,0.,-1.2,-1.,     1827P   4984
-1.42125554512318D-16,-1.,-1.,0.2,-1.,0.,0.,-1.2,0.,                1827P   4985
-1.42125554512318D-16,-1.,0.,0.2,-1.,1.2,0.,-1.2,1.,                1827P   4986
-1.42125554512318D-16,-1.,1.,0.2,-1.,1.2,0.,0.,1.,                  1827P   4987
-1.38777878078145D-16,0.,1.,0.2,0.,1.2,0.,1.2,1.,                   1827P   4988
-1.35430201643971D-16,1.,1.,0.2,1.,0.,0.,1.2,0.,                    1827P   4989
-1.35430201643971D-16,1.,0.,0.2,1.,1.5707963267949,                 1827P   4990
3.14159265358979,-3.14159265358979,3.14159265358979;                1827P   4991
128,1,8,1,2,0,1,0,0,1,0.2,0.2,19.8,19.8,-3.14159265358979,          1829P   4992
-3.14159265358979,-3.14159265358979,-1.5707963267949,               1829P   4993
-1.5707963267949,0.,0.,1.5707963267949,1.5707963267949,             1829P   4994
3.14159265358979,3.14159265358979,3.14159265358979,1.,1.,           1829P   4995
0.707106781186548,0.707106781186548,1.,1.,0.707106781186548,        1829P   4996
0.707106781186548,1.,1.,0.707106781186548,0.707106781186548,1.,     1829P   4997
1.,0.707106781186548,0.707106781186548,1.,1.,-1.,19.8,0.,-1.,       1829P   4998
0.2,0.,-1.,19.8,1.,-1.,0.2,1.,0.,19.8,1.,0.,0.2,1.,1.,19.8,1.,      1829P   4999
1.,0.2,1.,1.,19.8,0.,1.,0.2,0.,1.,19.8,-1.,1.,0.2,-1.,0.,19.8,      1829P   5000
-1.,0.,0.2,-1.,-1.,19.8,-1.,-1.,0.2,-1.,-1.,19.8,0.,-1.,0.2,0.,     1829P   5001
0.2,19.8,-3.14159265358979,3.14159265358979;                        1829P   5002
128,1,1,1,1,0,0,1,0,0,-0.171,-0.171,0.171,0.171,-0.171,-0.171,      1831P   5003
0.171,0.171,1.,1.,1.,1.,-1.71,0.,1.71,1.71,0.,1.71,-1.71,0.,        1831P   5004
-1.71,1.71,0.,-1.71,-0.171,0.171,-0.171,0.171;                      1831P   5005
128,2,8,2,2,0,1,0,0,1,0.,0.,0.,1.5707963267949,1.5707963267949,     1833P   5006
1.5707963267949,-3.14159265358979,-3.14159265358979,                1833P   5007
-3.14159265358979,-1.5707963267949,-1.5707963267949,0.,0.,          1833P   5008
1.5707963267949,1.5707963267949,3.14159265358979,                   1833P   5009
3.14159265358979,3.14159265358979,1.,0.707106781186553,1.,          1833P   5010
0.707106781186548,0.500000000000004,0.707106781186548,1.,           1833P   5011
0.707106781186553,1.,0.707106781186548,0.500000000000004,           1833P   5012
0.707106781186548,1.,0.707106781186553,1.,0.707106781186548,        1833P   5013
0.500000000000004,0.707106781186548,1.,0.707106781186553,1.,        1833P   5014
0.707106781186548,0.500000000000004,0.707106781186548,1.,           1833P   5015
0.707106781186553,1.,0.,20.,-0.8,0.,20.,-1.,0.,19.8,-1.,-0.8,       1833P   5016
20.,-0.8,-1.,20.,-1.,-1.,19.8,-1.,-0.8,20.,0.,-1.,20.,0.,-1.,       1833P   5017
19.8,0.,-0.8,20.,0.8,-1.,20.,1.,-1.,19.8,1.,0.,20.,0.8,0.,20.,      1833P   5018
1.,0.,19.8,1.,0.8,20.,0.8,1.,20.,1.,1.,19.8,1.,0.8,20.,0.,1.,       1833P   5019
20.,0.,1.,19.8,0.,0.8,20.,-0.8,1.,20.,-1.,1.,19.8,-1.,0.,20.,       1833P   5020
-0.8,0.,20.,-1.,0.,19.8,-1.,0.,1.5707963267949,                     1833P   5021
-3.14159265358979,3.14159265358979;                                 1833P   5022
128,1,1,1,1,0,0,1,0,0,-0.081,-0.081,0.081,0.081,-0.081,-0.081,      1835P   5023
0.081,0.081,1.,1.,1.,1.,-0.81,20.,0.81,0.81,20.,0.81,-0.81,20.,     1835P   5024
-0.81,0.81,20.,-0.81,-0.081,0.081,-0.081,0.081;                     1835P   5025
128,2,8,2,2,0,1,0,0,1,0.,0.,0.,1.5707963267949,1.5707963267949,     1837P   5026
1.5707963267949,-3.14159265358979,-3.14159265358979,                1837P   5027
-3.14159265358979,-1.5707963267949,-1.5707963267949,0.,0.,          1837P   5028
1.5707963267949,1.5707963267949,3.14159265358979,                   1837P   5029
3.14159265358979,3.14159265358979,1.,0.707106781186545,1.,          1837P   5030
0.707106781186548,0.499999999999998,0.707106781186548,1.,           1837P   5031
0.707106781186545,1.,0.707106781186548,0.499999999999998,           1837P   5032
0.707106781186548,1.,0.707106781186545,1.,0.707106781186548,        1837P   5033
0.499999999999998,0.707106781186548,1.,0.707106781186545,1.,        1837P   5034
0.707106781186548,0.499999999999998,0.707106781186548,1.,           1837P   5035
0.707106781186545,1.,0.,-1.9,1.7,0.,-1.9,1.9,0.,-1.7,1.9,-1.7,      1837P   5036
-1.9,1.7,-1.9,-1.9,1.9,-1.9,-1.7,1.9,-1.7,-1.9,0.,-1.9,-1.9,0.,     1837P   5037
-1.9,-1.7,0.,-1.7,-1.9,-1.7,-1.9,-1.9,-1.9,-1.9,-1.7,-1.9,0.,       1837P   5038
-1.9,-1.7,0.,-1.9,-1.9,0.,-1.7,-1.9,1.7,-1.9,-1.7,1.9,-1.9,-1.9,    1837P   5039
1.9,-1.7,-1.9,1.7,-1.9,0.,1.9,-1.9,0.,1.9,-1.7,0.,1.7,-1.9,1.7,     1837P   5040
1.9,-1.9,1.9,1.9,-1.7,1.9,0.,-1.9,1.7,0.,-1.9,1.9,0.,-1.7,1.9,      1837P   5041
0.,1.5707963267949,-3.14159265358979,3.14159265358979;              1837P   5042
128,1,8,1,2,0,1,0,0,1,0.105263157894737,0.105263157894737,          1839P   5043
0.894736842105263,0.894736842105263,-3.14159265358979,              1839P   5044
-3.14159265358979,-3.14159265358979,-1.5707963267949,               1839P   5045
-1.5707963267949,0.,0.,1.5707963267949,1.5707963267949,             1839P   5046
3.14159265358979,3.14159265358979,3.14159265358979,1.,1.,           1839P   5047
0.707106781186548,0.707106781186548,1.,1.,0.707106781186548,        1839P   5048
0.707106781186548,1.,1.,0.707106781186548,0.707106781186548,1.,     1839P   5049
1.,0.707106781186548,0.707106781186548,1.,1.,-1.9,-1.7,0.,-1.9,     1839P   5050
-0.2,0.,-1.9,-1.7,-1.9,-1.9,-0.2,-1.9,0.,-1.7,-1.9,0.,-0.2,-1.9,    1839P   5051
1.9,-1.7,-1.9,1.9,-0.2,-1.9,1.9,-1.7,0.,1.9,-0.2,0.,1.9,-1.7,       1839P   5052
1.9,1.9,-0.2,1.9,0.,-1.7,1.9,0.,-0.2,1.9,-1.9,-1.7,1.9,-1.9,        1839P   5053
-0.2,1.9,-1.9,-1.7,0.,-1.9,-0.2,0.,0.105263157894737,               1839P   5054
0.894736842105263,-3.14159265358979,3.14159265358979;               1839P   5055
128,1,1,1,1,0,0,1,0,0,-0.171,-0.171,0.171,0.171,-0.171,-0.171,      1841P   5056
0.171,0.171,1.,1.,1.,1.,1.71,-1.9,1.71,-1.71,-1.9,1.71,1.71,        1841P   5057
-1.9,-1.71,-1.71,-1.9,-1.71,-0.171,0.171,-0.171,0.171;              1841P   5058
128,2,8,2,2,0,1,0,0,1,0.,0.,0.,1.5707963267949,1.5707963267949,     1843P   5059
1.5707963267949,-3.14159265358979,-3.14159265358979,                1843P   5060
-3.14159265358979,-1.5707963267949,-1.5707963267949,0.,0.,          1843P   5061
1.5707963267949,1.5707963267949,3.14159265358979,                   1843P   5062
3.14159265358979,3.14159265358979,1.,0.707106781186548,1.,          1843P   5063
0.707106781186548,0.5,0.707106781186548,1.,0.707106781186548,1.,    1843P   5064
0.707106781186548,0.5,0.707106781186548,1.,0.707106781186548,1.,    1843P   5065
0.707106781186548,0.5,0.707106781186548,1.,0.707106781186548,1.,    1843P   5066
0.707106781186548,0.5,0.707106781186548,1.,0.707106781186548,1.,    1843P   5067
0.,0.,-1.7,0.,1.77513913422245D-16,-1.9,0.,-0.2,-1.9,-1.7,0.,       1843P   5068
-1.7,-1.9,1.77513913422245D-16,-1.9,-1.9,-0.2,-1.9,-1.7,0.,0.,      1843P   5069
-1.9,1.73472347597681D-16,0.,-1.9,-0.2,0.,-1.7,0.,1.7,-1.9,         1843P   5070
1.69430781773116D-16,1.9,-1.9,-0.2,1.9,0.,0.,1.7,0.,                1843P   5071
1.69430781773116D-16,1.9,0.,-0.2,1.9,1.7,0.,1.7,1.9,                1843P   5072
1.69430781773116D-16,1.9,1.9,-0.2,1.9,1.7,0.,0.,1.9,                1843P   5073
1.73472347597681D-16,0.,1.9,-0.2,0.,1.7,0.,-1.7,1.9,                1843P   5074
1.77513913422245D-16,-1.9,1.9,-0.2,-1.9,0.,0.,-1.7,0.,              1843P   5075
1.77513913422245D-16,-1.9,0.,-0.2,-1.9,0.,1.5707963267949,          1843P   5076
-3.14159265358979,3.14159265358979;                                 1843P   5077
128,1,1,1,1,0,0,1,0,0,-0.0385,-0.0385,0.1135,0.1135,                1845P   5078
-0.00807106781186549,-0.00807106781186549,0.00807106781186551,      1845P   5079
0.00807106781186551,1.,1.,1.,1.,1.31123389362044,                   1845P   5080
-1.10707106781187,0.751123724356959,-0.00512472013191225,           1845P   5081
-1.10707106781187,1.51112372435696,1.25416282580857,                1845P   5082
-0.992928932188134,0.652273735264598,-0.062195787943778,            1845P   5083
-0.992928932188134,1.4122737352646,-0.0385,0.1135,                  1845P   5084
-0.00807106781186549,0.00807106781186551;                           1845P   5085
128,1,1,1,1,0,0,1,0,0,-0.0385,-0.0385,0.1135,0.1135,                1847P   5086
-0.00807106781186548,-0.00807106781186548,0.00807106781186548,      1847P   5087
0.00807106781186548,1.,1.,1.,1.,1.30610917348852,                   1847P   5088
-1.10707106781187,-0.76,1.30610917348852,-1.10707106781187,         1847P   5089
0.760000000000001,1.19196703786479,-0.992928932188135,-0.76,        1847P   5090
1.19196703786479,-0.992928932188134,0.760000000000001,-0.0385,      1847P   5091
0.1135,-0.00807106781186548,0.00807106781186548;                    1847P   5092
128,1,1,1,1,0,0,1,0,0,-0.0385000000000001,-0.0385000000000001,      1849P   5093
0.1135,0.1135,-0.00807106781186551,-0.00807106781186551,            1849P   5094
0.00807106781186551,0.00807106781186551,1.,1.,1.,1.,                1849P   5095
-0.0051247201319115,-1.10707106781187,-1.51112372435696,            1849P   5096
1.31123389362044,-1.10707106781187,-0.751123724356958,              1849P   5097
-0.0621957879437773,-0.992928932188134,-1.4122737352646,            1849P   5098
1.25416282580857,-0.992928932188134,-0.652273735264598,             1849P   5099
-0.0385000000000001,0.1135,-0.00807106781186551,                    1849P   5100
0.00807106781186551;                                                1849P   5101
128,1,1,1,1,0,0,1,0,0,-0.0385,-0.0385,0.1135,0.1135,                1851P   5102
-0.0080710678118655,-0.0080710678118655,0.00807106781186551,        1851P   5103
0.00807106781186551,1.,1.,1.,1.,-1.31123389362044,                  1851P   5104
-1.10707106781187,-0.751123724356958,0.00512472013191165,           1851P   5105
-1.10707106781187,-1.51112372435696,-1.25416282580857,              1851P   5106
-0.992928932188134,-0.652273735264598,0.0621957879437775,           1851P   5107
-0.992928932188134,-1.4122737352646,-0.0385,0.1135,                 1851P   5108
-0.0080710678118655,0.00807106781186551;                            1851P   5109
128,1,1,1,1,0,0,1,0,0,-0.0385,-0.0385,0.1135,0.1135,                1853P   5110
-0.00807106781186548,-0.00807106781186548,0.00807106781186551,      1853P   5111
0.00807106781186551,1.,1.,1.,1.,-1.30610917348852,                  1853P   5112
-1.10707106781187,0.76,-1.30610917348852,-1.10707106781187,         1853P   5113
-0.76,-1.19196703786479,-0.992928932188134,0.76,                    1853P   5114
-1.19196703786479,-0.992928932188134,-0.76,-0.0385,0.1135,          1853P   5115
-0.00807106781186548,0.00807106781186551;                           1853P   5116
128,1,1,1,1,0,0,1,0,0,-0.0385,-0.0385,0.1135,0.1135,                1855P   5117
-0.00807106781186551,-0.00807106781186551,0.00807106781186549,      1855P   5118
0.00807106781186549,1.,1.,1.,1.,0.00512472013191122,                1855P   5119
-1.10707106781187,1.51112372435696,-1.31123389362044,               1855P   5120
-1.10707106781187,0.751123724356958,0.0621957879437769,             1855P   5121
-0.992928932188135,1.4122737352646,-1.25416282580857,               1855P   5122
-0.992928932188134,0.652273735264598,-0.0385,0.1135,                1855P   5123
-0.00807106781186551,0.00807106781186549;                           1855P   5124
128,1,1,1,1,0,0,1,0,0,-0.000999999999999986,                        1857P   5125
-0.000999999999999986,0.151,0.151,0.109,0.109,0.181,0.181,1.,1.,    1857P   5126
1.,1.,-1.29903810567666,-1.09,-0.76,-1.29903810567666,-1.09,        1857P   5127
0.76,-1.29903810567666,-1.81,-0.76,-1.29903810567666,-1.81,0.76,    1857P   5128
-0.000999999999999986,0.151,0.109,0.181;                            1857P   5129
128,1,1,1,1,0,0,1,0,0,-0.00100000000000001,-0.00100000000000001,    1859P   5130
0.151,0.151,0.109,0.109,0.181,0.181,1.,1.,1.,1.,                    1859P   5131
-1.3076983597145,-1.09,0.744999999999999,0.00866025403784395,       1859P   5132
-1.09,1.505,-1.3076983597145,-1.81,0.745,0.00866025403784395,       1859P   5133
-1.81,1.505,-0.00100000000000001,0.151,0.109,0.181;                 1859P   5134
128,1,1,1,1,0,0,1,0,0,-0.001,-0.001,0.151,0.151,0.109,0.109,        1861P   5135
0.181,0.181,1.,1.,1.,1.,-0.00866025403784498,-1.09,1.505,           1861P   5136
1.3076983597145,-1.09,0.745000000000001,-0.00866025403784498,       1861P   5137
-1.81,1.505,1.3076983597145,-1.81,0.745000000000001,-0.001,         1861P   5138
0.151,0.109,0.181;                                                  1861P   5139
128,1,1,1,1,0,0,1,0,0,-0.139452994616208,-0.139452994616208,        1863P   5140
0.139452994616208,0.139452994616208,-0.120903810567666,             1863P   5141
-0.120903810567666,0.120903810567666,0.120903810567666,1.,1.,1.,    1863P   5142
1.,-1.20903810567666,-1.,1.39452994616208,-1.20903810567666,-1.,    1863P   5143
-1.39452994616208,1.20903810567666,-1.,1.39452994616208,            1863P   5144
1.20903810567666,-1.,-1.39452994616208,-0.139452994616208,          1863P   5145
0.139452994616208,-0.120903810567666,0.120903810567666;             1863P   5146
128,1,1,1,1,0,0,1,0,0,-0.0442735026918963,-0.0442735026918963,      1865P   5147
0.119273502691896,0.119273502691896,-0.00807106781186551,           1865P   5148
-0.00807106781186551,0.00807106781186548,0.00807106781186548,1.,    1865P   5149
1.,1.,1.,-1.41123389362044,-1.90707106781187,-0.808858751275921,    1865P   5150
0.00512472013191245,-1.90707106781187,-1.62659377819488,            1865P   5151
-1.35416282580857,-1.79292893218813,-0.710008762183561,             1865P   5152
0.0621957879437779,-1.79292893218813,-1.52774378910252,             1865P   5153
-0.0442735026918963,0.119273502691896,-0.00807106781186551,         1865P   5154
0.00807106781186548;                                                1865P   5155
128,1,1,1,1,0,0,1,0,0,-0.0442735026918963,-0.0442735026918963,      1867P   5156
0.119273502691896,0.119273502691896,-0.00807106781186549,           1867P   5157
-0.00807106781186549,0.00807106781186553,0.00807106781186553,1.,    1867P   5158
1.,1.,1.,-1.40610917348852,-1.90707106781187,0.817735026918963,     1867P   5159
-1.40610917348852,-1.90707106781187,-0.817735026918963,             1867P   5160
-1.29196703786479,-1.79292893218813,0.817735026918963,              1867P   5161
-1.29196703786479,-1.79292893218813,-0.817735026918963,             1867P   5162
-0.0442735026918963,0.119273502691896,-0.00807106781186549,         1867P   5163
0.00807106781186553;                                                1867P   5164
128,1,1,1,1,0,0,1,0,0,-0.0442735026918963,-0.0442735026918963,      1869P   5165
0.119273502691896,0.119273502691896,-0.00807106781186551,           1869P   5166
-0.00807106781186551,0.0080710678118655,0.0080710678118655,1.,      1869P   5167
1.,1.,1.,0.00512472013191097,-1.90707106781187,1.62659377819488,    1869P   5168
-1.41123389362044,-1.90707106781187,0.80885875127592,               1869P   5169
0.0621957879437768,-1.79292893218813,1.52774378910252,              1869P   5170
-1.35416282580857,-1.79292893218813,0.71000876218356,               1869P   5171
-0.0442735026918963,0.119273502691896,-0.00807106781186551,         1869P   5172
0.0080710678118655;                                                 1869P   5173
128,1,1,1,1,0,0,1,0,0,-0.0442735026918963,-0.0442735026918963,      1871P   5174
0.119273502691896,0.119273502691896,-0.00807106781186549,           1871P   5175
-0.00807106781186549,0.00807106781186549,0.00807106781186549,1.,    1871P   5176
1.,1.,1.,1.41123389362044,-1.90707106781187,0.808858751275921,      1871P   5177
-0.0051247201319125,-1.90707106781187,1.62659377819488,             1871P   5178
1.35416282580857,-1.79292893218813,0.710008762183561,               1871P   5179
-0.0621957879437782,-1.79292893218813,1.52774378910252,             1871P   5180
-0.0442735026918963,0.119273502691896,-0.00807106781186549,         1871P   5181
0.00807106781186549;                                                1871P   5182
128,1,1,1,1,0,0,1,0,0,-0.0442735026918963,-0.0442735026918963,      1873P   5183
0.119273502691896,0.119273502691896,-0.00807106781186551,           1873P   5184
-0.00807106781186551,0.00807106781186551,0.00807106781186551,1.,    1873P   5185
1.,1.,1.,1.40610917348852,-1.90707106781187,-0.817735026918963,     1873P   5186
1.40610917348852,-1.90707106781187,0.817735026918963,               1873P   5187
1.29196703786479,-1.79292893218813,-0.817735026918963,              1873P   5188
1.29196703786479,-1.79292893218813,0.817735026918963,               1873P   5189
-0.0442735026918963,0.119273502691896,-0.00807106781186551,         1873P   5190
0.00807106781186551;                                                1873P   5191
128,1,1,1,1,0,0,1,0,0,-0.0442735026918963,-0.0442735026918963,      1875P   5192
0.119273502691896,0.119273502691896,-0.00807106781186551,           1875P   5193
-0.00807106781186551,0.00807106781186553,0.00807106781186553,1.,    1875P   5194
1.,1.,1.,-0.00512472013191107,-1.90707106781187,                    1875P   5195
-1.62659377819488,1.41123389362044,-1.90707106781187,               1875P   5196
-0.808858751275921,-0.0621957879437771,-1.79292893218813,           1875P   5197
-1.52774378910252,1.35416282580857,-1.79292893218813,               1875P   5198
-0.71000876218356,-0.0442735026918963,0.119273502691896,            1875P   5199
-0.00807106781186551,0.00807106781186553;                           1875P   5200
128,1,1,1,1,0,0,1,0,0,-0.001,-0.001,0.151,0.151,0.109,0.109,        1877P   5201
0.181,0.181,1.,1.,1.,1.,0.00866025403784471,-1.09,-1.505,           1877P   5202
-1.3076983597145,-1.09,-0.745,0.00866025403784471,-1.81,-1.505,     1877P   5203
-1.3076983597145,-1.81,-0.745,-0.001,0.151,0.109,0.181;             1877P   5204
128,1,1,1,1,0,0,1,0,0,-0.001,-0.001,0.151,0.151,0.109,0.109,        1879P   5205
0.181,0.181,1.,1.,1.,1.,1.29903810567666,-1.09,                     1879P   5206
0.760000000000001,1.29903810567666,-1.09,-0.76,1.29903810567666,    1879P   5207
-1.81,0.760000000000001,1.29903810567666,-1.81,-0.76,-0.001,        1879P   5208
0.151,0.109,0.181;                                                  1879P   5209
128,1,1,1,1,0,0,1,0,0,-0.00100000000000003,-0.00100000000000003,    1881P   5210
0.151,0.151,0.109,0.109,0.181,0.181,1.,1.,1.,1.,1.3076983597145,    1881P   5211
-1.09,-0.744999999999999,-0.00866025403784435,-1.09,-1.505,         1881P   5212
1.3076983597145,-1.81,-0.745,-0.00866025403784435,-1.81,-1.505,     1881P   5213
-0.00100000000000003,0.151,0.109,0.181;                             1881P   5214
502,28,-10.9,10.,-1.33486501107062D-15,0.,10.,-10.9,0.,9.9,-11.,    1883P   5215
-11.,9.9,1.34711147906209D-15,-11.,0.1,-1.34711147906209D-15,0.,    1883P   5216
0.1,-11.,6.37102355330306,10.,4.4,-1.25,10.,-8.8,                   1883P   5217
-8.87102355330306,10.,4.4,-6.1,0.,-7.47034547479886D-16,0.,0.,      1883P   5218
-6.1,0.,0.1,-6.,-6.,0.1,7.34788079488412D-16,-10.9,0.,              1883P   5219
1.33486501107062D-15,0.,0.,-10.9,-8.97102355330306,0.,4.4,          1883P   5220
-7.62102355330306,0.,3.05,6.27102355330306,0.,4.4,                  1883P   5221
7.62102355330306,0.,3.05,-1.35,0.,-8.8,-1.21430636856028D-16,0.,    1883P   5222
-10.15,-6.,5.,7.34788079488412D-16,-7.62102355330306,0.1,3.15,      1883P   5223
-8.87102355330306,0.1,4.4,-1.21430636856028D-16,0.1,-10.05,         1883P   5224
-1.25,0.1,-8.8,7.62102355330306,0.1,3.15,6.37102355330306,0.1,      1883P   5225
4.4;                                                                1883P   5226
502,134,-6.2,0.,-7.59281015471359D-16,0.,0.,-6.2,0.,0.2,-6.,-6.,    1885P   5227
0.2,7.34788079488412D-16,-0.453972064221532,0.,10.790454548577,     1885P   5228
0.453972064221533,-4.30211422042248D-15,10.790454548577,-6.,5.,     1885P   5229
-7.34788079488412D-16,8.67102355330305,120.1,4.40000000000002,      1885P   5230
8.57102355330305,120.,4.40000000000002,8.67102355330305,129.9,      1885P   5231
4.40000000000002,-6.57102355330307,120.1,4.39999999999998,          1885P   5232
-6.67102355330307,120.,4.39999999999998,-6.57102355330307,129.9,    1885P   5233
4.39999999999998,1.05000000000002,120.1,-8.8,0.950000000000017,     1885P   5234
120.,-8.8,1.05000000000002,129.9,-8.8,8.77102355330305,130.,        1885P   5235
4.40000000000002,-0.487543985258207,130.,10.8890909107436,          1885P   5236
0.487543985258238,130.,10.8890909107436,1.15000000000002,130.,      1885P   5237
-8.8,-8.20513355428727D-16,130.,-6.7,-6.47102355330307,130.,        1885P   5238
4.39999999999998,0.492016865856939,129.9,10.9889908273559,          1885P   5239
-0.492016865856939,129.9,10.9889908273559,-0.390035188206566,       1885P   5240
129.9,10.9112727613774,0.390035188206566,129.9,10.9112727613774,    1885P   5241
0.390035188206566,87.5,10.9112727613774,0.492016865856939,87.5,     1885P   5242
10.9889908273559,-0.390035188206564,87.5,10.9112727613774,          1885P   5243
-0.363177651377226,87.4,10.8323636716442,0.363177651377227,87.4,    1885P   5244
10.8323636716442,8.08266887437253D-16,129.9,-6.6,0.,10.2,-6.6,      1885P   5245
6.6,10.2,-1.21240033115588D-15,0.,10.2,6.6,-0.492016865856903,      1885P   5246
87.5,10.9889908273559,0.453972064221533,87.3,10.790454548577,       1885P   5247
-0.453972064221532,87.3,10.790454548577,0.390035188206564,82.5,     1885P   5248
10.9112727613774,0.492016865856905,82.5,10.9889908273559,           1885P   5249
0.453972064221533,82.7,10.790454548577,0.363177651377227,82.6,      1885P   5250
10.8323636716442,0.390035188206566,77.5,10.9112727613774,           1885P   5251
0.492016865856939,77.5,10.9889908273559,0.363177651377227,77.4,     1885P   5252
10.8323636716442,0.453972064221533,77.3,10.790454548577,            1885P   5253
-0.363177651377226,77.4,10.8323636716442,-0.453972064221532,        1885P   5254
77.3,10.790454548577,-0.390035188206564,77.5,10.9112727613774,      1885P   5255
-0.492016865856903,77.5,10.9889908273559,-0.390035188206566,        1885P   5256
82.5,10.9112727613774,-0.492016865856939,82.5,10.9889908273559,     1885P   5257
-0.363177651377227,82.6,10.8323636716442,-0.453972064221533,        1885P   5258
82.7,10.790454548577,-7.8,82.7,9.55224503334935D-16,0.,82.7,7.8,    1885P   5259
0.390035188206564,72.5,10.9112727613774,0.492016865856905,72.5,     1885P   5260
10.9889908273559,0.453972064221533,72.7,10.790454548577,            1885P   5261
0.363177651377227,72.6,10.8323636716442,0.390035188206565,67.5,     1885P   5262
10.9112727613774,0.492016865856905,67.5,10.9889908273559,           1885P   5263
0.363177651377227,67.4,10.8323636716442,0.453972064221533,67.3,     1885P   5264
10.790454548577,-0.363177651377226,67.4,10.8323636716442,           1885P   5265
-0.453972064221532,67.3,10.790454548577,-0.390035188206564,67.5,    1885P   5266
10.9112727613774,-0.492016865856903,67.5,10.9889908273559,          1885P   5267
-0.390035188206565,72.5,10.9112727613774,-0.492016865856905,        1885P   5268
72.5,10.9889908273559,-0.363177651377227,72.6,10.8323636716442,     1885P   5269
-0.453972064221533,72.7,10.790454548577,-7.8,72.7,                  1885P   5270
9.55224503334935D-16,0.,72.7,7.8,-0.453972064221532,62.7,           1885P   5271
10.790454548577,-0.363177651377226,62.6,10.8323636716442,           1885P   5272
0.363177651377227,62.6,10.8323636716442,0.453972064221532,62.7,     1885P   5273
10.790454548577,0.390035188206564,62.5,10.9112727613774,            1885P   5274
0.492016865856905,62.5,10.9889908273559,0.390035188206566,57.5,     1885P   5275
10.9112727613774,0.492016865856939,57.5,10.9889908273559,           1885P   5276
0.363177651377227,57.4,10.8323636716442,0.453972064221533,57.3,     1885P   5277
10.790454548577,-0.363177651377226,57.4,10.8323636716442,           1885P   5278
-0.453972064221532,57.3,10.790454548577,-0.390035188206564,57.5,    1885P   5279
10.9112727613774,-0.492016865856903,57.5,10.9889908273559,          1885P   5280
-0.390035188206566,62.5,10.9112727613774,-0.492016865856939,        1885P   5281
62.5,10.9889908273559,-7.8,62.7,9.55224503334935D-16,0.,62.7,       1885P   5282
7.8,-0.453972064221532,52.7,10.790454548577,-0.363177651377226,     1885P   5283
52.6,10.8323636716442,0.363177651377227,52.6,10.8323636716442,      1885P   5284
0.453972064221532,52.7,10.790454548577,0.390035188206564,52.5,      1885P   5285
10.9112727613774,0.492016865856903,52.5,10.9889908273559,           1885P   5286
0.390035188206566,0.199999999999996,10.9112727613774,               1885P   5287
0.492016865856939,0.199999999999996,10.9889908273559,               1885P   5288
0.363177651377227,0.0999999999999979,10.8323636716442,              1885P   5289
-0.363177651377226,0.0999999999999979,10.8323636716442,             1885P   5290
-0.390035188206564,0.199999999999996,10.9112727613774,              1885P   5291
-0.492016865856905,0.199999999999996,10.9889908273559,              1885P   5292
-0.390035188206566,52.5,10.9112727613774,-0.492016865856939,        1885P   5293
52.5,10.9889908273559,-7.8,52.7,9.55224503334935D-16,0.,52.7,       1885P   5294
7.8,-7.8,77.3,-9.55224503334935D-16,0.,77.3,7.8,-7.8,67.3,          1885P   5295
-9.55224503334935D-16,0.,67.3,7.8,-7.8,57.3,                        1885P   5296
-9.55224503334935D-16,0.,57.3,7.8,6.4,10.,3.91886975727153D-16,     1885P   5297
0.,10.,6.4,-7.8,87.3,-9.55224503334935D-16,0.,87.3,7.8,0.,87.1,     1885P   5298
7.6,-7.6,87.1,9.30731567351989D-16,-7.6,82.9,                       1885P   5299
-9.30731567351989D-16,0.,82.9,7.6,0.,77.1,7.6,-7.6,77.1,            1885P   5300
9.30731567351989D-16,-7.6,72.9,-9.30731567351989D-16,0.,72.9,       1885P   5301
7.6,0.,67.1,7.6,-7.6,67.1,9.30731567351989D-16,-7.6,62.9,           1885P   5302
-9.30731567351989D-16,0.,62.9,7.6,0.,57.1,7.6,-7.6,57.1,            1885P   5303
9.30731567351989D-16,-7.6,52.9,-9.30731567351989D-16,0.,52.9,       1885P   5304
7.6;                                                                1885P   5305
502,8,-5.,0.1,-6.12323399573677D-16,0.,0.1,-5.,0.,0.,-4.9,-4.9,     1887P   5306
0.,6.00076931582203D-16,-5.,2.9,6.12323399573677D-16,0.,2.9,-5.,    1887P   5307
-4.9,3.,-6.00076931582203D-16,0.,3.,-4.9;                           1887P   5308
502,16,-10.8,4.6,-1.32261854307914D-15,0.,4.6,-10.8,0.,4.4,-11.,    1889P   5309
-11.,4.4,1.34711147906209D-15,-11.,0.2,-1.34711147906209D-15,0.,    1889P   5310
0.2,-11.,-7.8,4.6,9.55224503334935D-16,0.,4.6,7.8,0.,0.,-10.8,      1889P   5311
-10.8,0.,1.32261854307914D-15,-7.8,0.,-9.55224503334935D-16,0.,     1889P   5312
0.,7.8,-7.6,0.2,9.30731567351989D-16,0.,0.2,7.6,-7.6,4.4,           1889P   5313
-9.30731567351989D-16,0.,4.4,7.6;                                   1889P   5314
502,4,-5.,80.,6.12323399573677D-16,-5.,0.,6.12323399573677D-16,     1891P   5315
-6.,80.,7.34788079488412D-16,-6.,0.,7.34788079488412D-16;           1891P   5316
502,2,-5.,10.,6.12323399573677D-16,-5.,0.,6.12323399573677D-16;     1893P   5317
502,40,-1.,0.2,-1.22464679914735D-16,0.,0.2,1.,0.,0.,1.2,-1.2,      1895P   5318
0.,1.46957615897682D-16,-1.,19.8,1.22464679914735D-16,0.,19.8,      1895P   5319
-1.,-1.7,0.,-2.0818995585505D-16,0.,0.,-1.7,-0.8,20.,               1895P   5320
-9.79717439317883D-17,0.,20.,-0.8,-1.7,-1.9,2.0818995585505D-16,    1895P   5321
0.,-1.9,1.7,0.,-1.7,1.9,-1.9,-1.7,-2.32682891837997D-16,-1.9,       1895P   5322
-0.2,2.32682891837997D-16,0.,-0.2,-1.9,-1.39903810567666,-1.9,      1895P   5323
-0.807735026918963,5.55111512312578D-16,-1.9,-1.61547005383793,     1895P   5324
-1.39903810567666,-1.9,0.807735026918963,-8.32667268468867D-16,     1895P   5325
-1.9,1.61547005383793,1.39903810567666,-1.9,0.807735026918963,      1895P   5326
1.39903810567666,-1.9,-0.807735026918963,-2.77555756156289D-16,     1895P   5327
-1.,1.38452994616207,1.19903810567666,-1.,0.692264973081038,        1895P   5328
1.29903810567666,-1.1,0.750000000000001,-5.55111512312578D-16,      1895P   5329
-1.1,1.5,1.19903810567666,-1.,-0.692264973081037,                   1895P   5330
1.29903810567666,-1.1,-0.75,0.,-1.1,-1.5,1.38777878078145D-16,      1895P   5331
-1.,-1.38452994616208,-1.29903810567666,-1.1,-0.75,                 1895P   5332
-1.19903810567666,-1.,-0.692264973081038,-1.29903810567666,-1.1,    1895P   5333
0.75,-1.19903810567666,-1.,0.692264973081037,-1.29903810567666,     1895P   5334
-1.8,0.75,-1.29903810567666,-1.8,-0.75,-5.55111512312578D-16,       1895P   5335
-1.8,1.5,1.29903810567666,-1.8,0.750000000000001,0.,-1.8,-1.5,      1895P   5336
1.29903810567666,-1.8,-0.75;                                        1895P   5337
504,39,827,1883,1,1883,2,829,1883,2,1883,3,831,1883,3,1883,4,       1897P   5338
833,1883,4,1883,3,835,1883,2,1883,1,837,1883,4,1883,5,839,1883,     1897P   5339
6,1883,5,841,1883,5,1883,6,843,1883,7,1883,7,845,1883,8,1883,8,     1897P   5340
847,1883,9,1883,9,849,1883,10,1883,11,851,1883,11,1883,12,853,      1897P   5341
1883,12,1883,13,855,1883,13,1883,12,857,1883,11,1883,10,859,        1897P   5342
1883,14,1883,15,861,1883,15,1883,14,863,1883,16,1883,17,865,        1897P   5343
1883,17,1883,16,867,1883,18,1883,19,869,1883,19,1883,18,871,        1897P   5344
1883,20,1883,21,873,1883,21,1883,20,875,1883,13,1883,22,877,        1897P   5345
1883,22,1883,22,879,1883,17,1883,23,881,1883,23,1883,24,883,        1897P   5346
1883,24,1883,23,885,1883,24,1883,9,887,1883,21,1883,25,889,1883,    1897P   5347
25,1883,26,891,1883,26,1883,25,893,1883,26,1883,8,895,1883,19,      1897P   5348
1883,27,897,1883,27,1883,28,899,1883,28,1883,27,901,1883,28,        1897P   5349
1883,7,903,1883,6,1883,15;                                          1897P   5350
504,220,905,1885,1,1885,2,907,1885,2,1885,3,909,1885,3,1885,4,      1899P   5351
911,1885,4,1885,3,913,1885,2,1885,1,915,1885,5,1885,6,917,1885,     1899P   5352
6,1885,5,919,1885,7,1885,7,921,1885,7,1885,4,923,1885,8,1885,8,     1899P   5353
925,1885,8,1885,9,927,1885,9,1885,9,929,1885,10,1885,10,931,        1899P   5354
1885,10,1885,8,933,1885,11,1885,11,935,1885,11,1885,12,937,1885,    1899P   5355
12,1885,12,939,1885,13,1885,13,941,1885,13,1885,11,943,1885,14,     1899P   5356
1885,14,945,1885,14,1885,15,947,1885,15,1885,15,949,1885,16,        1899P   5357
1885,16,951,1885,16,1885,14,953,1885,17,1885,17,955,1885,17,        1899P   5358
1885,10,957,1885,18,1885,19,959,1885,19,1885,18,961,1885,20,        1899P   5359
1885,20,963,1885,21,1885,21,965,1885,22,1885,22,967,1885,20,        1899P   5360
1885,16,969,1885,19,1885,23,971,1885,23,1885,24,973,1885,24,        1899P   5361
1885,18,975,1885,18,1885,25,977,1885,25,1885,26,979,1885,26,        1899P   5362
1885,19,981,1885,26,1885,23,983,1885,24,1885,25,985,1885,26,        1899P   5363
1885,27,987,1885,27,1885,28,989,1885,28,1885,23,991,1885,29,        1899P   5364
1885,25,993,1885,30,1885,29,995,1885,31,1885,30,997,1885,27,        1899P   5365
1885,31,999,1885,32,1885,32,1001,1885,32,1885,21,1003,1885,32,      1899P   5366
1885,33,1005,1885,34,1885,33,1007,1885,35,1885,34,1009,1885,33,     1899P   5367
1885,35,1011,1885,22,1885,13,1013,1885,36,1885,28,1015,1885,24,     1899P   5368
1885,36,1017,1885,31,1885,37,1019,1885,37,1885,28,1021,1885,30,     1899P   5369
1885,38,1023,1885,38,1885,37,1025,1885,29,1885,36,1027,1885,36,     1899P   5370
1885,38,1029,1885,39,1885,40,1031,1885,40,1885,41,1033,1885,41,     1899P   5371
1885,42,1035,1885,42,1885,39,1037,1885,43,1885,44,1039,1885,44,     1899P   5372
1885,40,1041,1885,39,1885,43,1043,1885,45,1885,46,1045,1885,46,     1899P   5373
1885,44,1047,1885,43,1885,45,1049,1885,47,1885,48,1051,1885,48,     1899P   5374
1885,46,1053,1885,45,1885,47,1055,1885,49,1885,50,1057,1885,50,     1899P   5375
1885,48,1059,1885,47,1885,49,1061,1885,51,1885,52,1063,1885,52,     1899P   5376
1885,50,1065,1885,49,1885,51,1067,1885,53,1885,54,1069,1885,54,     1899P   5377
1885,52,1071,1885,51,1885,53,1073,1885,41,1885,54,1075,1885,53,     1899P   5378
1885,42,1077,1885,54,1885,41,1079,1885,55,1885,56,1081,1885,56,     1899P   5379
1885,55,1083,1885,40,1885,52,1085,1885,50,1885,44,1087,1885,57,     1899P   5380
1885,58,1089,1885,58,1885,59,1091,1885,59,1885,60,1093,1885,60,     1899P   5381
1885,57,1095,1885,61,1885,62,1097,1885,62,1885,58,1099,1885,57,     1899P   5382
1885,61,1101,1885,63,1885,64,1103,1885,64,1885,62,1105,1885,61,     1899P   5383
1885,63,1107,1885,65,1885,66,1109,1885,66,1885,64,1111,1885,63,     1899P   5384
1885,65,1113,1885,67,1885,68,1115,1885,68,1885,66,1117,1885,65,     1899P   5385
1885,67,1119,1885,69,1885,70,1121,1885,70,1885,68,1123,1885,67,     1899P   5386
1885,69,1125,1885,71,1885,72,1127,1885,72,1885,70,1129,1885,69,     1899P   5387
1885,71,1131,1885,59,1885,72,1133,1885,71,1885,60,1135,1885,72,     1899P   5388
1885,59,1137,1885,73,1885,74,1139,1885,74,1885,73,1141,1885,58,     1899P   5389
1885,70,1143,1885,68,1885,62,1145,1885,75,1885,76,1147,1885,76,     1899P   5390
1885,77,1149,1885,77,1885,78,1151,1885,78,1885,75,1153,1885,79,     1899P   5391
1885,80,1155,1885,80,1885,78,1157,1885,77,1885,79,1159,1885,81,     1899P   5392
1885,82,1161,1885,82,1885,80,1163,1885,79,1885,81,1165,1885,83,     1899P   5393
1885,84,1167,1885,84,1885,82,1169,1885,81,1885,83,1171,1885,85,     1899P   5394
1885,86,1173,1885,86,1885,84,1175,1885,83,1885,85,1177,1885,87,     1899P   5395
1885,88,1179,1885,88,1885,86,1181,1885,85,1885,87,1183,1885,89,     1899P   5396
1885,90,1185,1885,90,1885,88,1187,1885,87,1885,89,1189,1885,75,     1899P   5397
1885,90,1191,1885,89,1885,76,1193,1885,88,1885,82,1195,1885,84,     1899P   5398
1885,86,1197,1885,80,1885,90,1199,1885,75,1885,78,1201,1885,91,     1899P   5399
1885,92,1203,1885,92,1885,91,1205,1885,93,1885,94,1207,1885,94,     1899P   5400
1885,95,1209,1885,95,1885,96,1211,1885,96,1885,93,1213,1885,97,     1899P   5401
1885,98,1215,1885,98,1885,96,1217,1885,95,1885,97,1219,1885,99,     1899P   5402
1885,100,1221,1885,100,1885,98,1223,1885,97,1885,99,1225,1885,      1899P   5403
101,1885,6,1227,1885,6,1885,100,1229,1885,99,1885,101,1231,1885,    1899P   5404
102,1885,5,1233,1885,101,1885,102,1235,1885,103,1885,104,1237,      1899P   5405
1885,104,1885,5,1239,1885,102,1885,103,1241,1885,105,1885,106,      1899P   5406
1243,1885,106,1885,104,1245,1885,103,1885,105,1247,1885,93,1885,    1899P   5407
106,1249,1885,105,1885,94,1251,1885,104,1885,100,1253,1885,98,      1899P   5408
1885,106,1255,1885,93,1885,96,1257,1885,107,1885,108,1259,1885,     1899P   5409
108,1885,107,1261,1885,46,1885,48,1263,1885,109,1885,110,1265,      1899P   5410
1885,110,1885,109,1267,1885,64,1885,66,1269,1885,111,1885,112,      1899P   5411
1271,1885,112,1885,111,1273,1885,113,1885,114,1275,1885,114,        1899P   5412
1885,113,1277,1885,115,1885,116,1279,1885,116,1885,35,1281,1885,    1899P   5413
116,1885,115,1283,1885,37,1885,38,1285,1885,117,1885,118,1287,      1899P   5414
1885,118,1885,117,1289,1885,118,1885,119,1291,1885,119,1885,120,    1899P   5415
1293,1885,120,1885,119,1295,1885,121,1885,122,1297,1885,121,        1899P   5416
1885,120,1299,1885,122,1885,121,1301,1885,122,1885,56,1303,1885,    1899P   5417
110,1885,123,1305,1885,123,1885,124,1307,1885,124,1885,123,1309,    1899P   5418
1885,125,1885,126,1311,1885,125,1885,124,1313,1885,126,1885,125,    1899P   5419
1315,1885,126,1885,74,1317,1885,112,1885,127,1319,1885,127,1885,    1899P   5420
128,1321,1885,128,1885,127,1323,1885,129,1885,130,1325,1885,129,    1899P   5421
1885,128,1327,1885,130,1885,129,1329,1885,130,1885,92,1331,1885,    1899P   5422
114,1885,131,1333,1885,131,1885,132,1335,1885,132,1885,131,1337,    1899P   5423
1885,133,1885,134,1339,1885,133,1885,132,1341,1885,134,1885,133,    1899P   5424
1343,1885,134,1885,108;                                             1899P   5425
504,11,1345,1887,1,1887,2,1347,1887,2,1887,3,1349,1887,3,1887,4,    1901P   5426
1351,1887,4,1887,3,1353,1887,2,1887,1,1355,1887,5,1887,6,1357,      1901P   5427
1887,5,1887,1,1359,1887,6,1887,5,1361,1887,7,1887,8,1363,1887,8,    1901P   5428
1887,6,1365,1887,8,1887,7;                                          1901P   5429
504,22,1367,1889,1,1889,2,1369,1889,2,1889,3,1371,1889,3,1889,4,    1903P   5430
1373,1889,4,1889,3,1375,1889,2,1889,1,1377,1889,4,1889,5,1379,      1903P   5431
1889,6,1889,5,1381,1889,5,1889,6,1383,1889,7,1889,8,1385,1889,8,    1903P   5432
1889,7,1387,1889,6,1889,9,1389,1889,9,1889,10,1391,1889,10,1889,    1903P   5433
9,1393,1889,11,1889,12,1395,1889,12,1889,11,1397,1889,13,1889,      1903P   5434
14,1399,1889,14,1889,12,1401,1889,14,1889,13,1403,1889,15,1889,     1903P   5435
16,1405,1889,15,1889,13,1407,1889,16,1889,15,1409,1889,8,1889,      1903P   5436
16;                                                                 1903P   5437
504,6,1411,1891,1,1891,1,1413,1891,1,1891,2,1415,1891,2,1891,2,     1905P   5438
1417,1891,3,1891,3,1419,1891,3,1891,4,1421,1891,4,1891,4;           1905P   5439
504,3,1423,1893,1,1893,1,1425,1893,1,1893,2,1427,1893,2,1893,2;     1907P   5440
504,64,1429,1895,1,1895,2,1431,1895,2,1895,3,1433,1895,3,1895,4,    1909P   5441
1435,1895,4,1895,3,1437,1895,2,1895,1,1439,1895,1,1895,5,1441,      1909P   5442
1895,6,1895,5,1443,1895,5,1895,6,1445,1895,7,1895,8,1447,1895,8,    1909P   5443
1895,7,1449,1895,9,1895,10,1451,1895,10,1895,6,1453,1895,10,        1909P   5444
1895,9,1455,1895,11,1895,12,1457,1895,12,1895,13,1459,1895,13,      1909P   5445
1895,14,1461,1895,14,1895,13,1463,1895,12,1895,11,1465,1895,14,     1909P   5446
1895,15,1467,1895,16,1895,15,1469,1895,15,1895,16,1471,1895,17,     1909P   5447
1895,18,1473,1895,19,1895,17,1475,1895,20,1895,19,1477,1895,21,     1909P   5448
1895,20,1479,1895,22,1895,21,1481,1895,18,1895,22,1483,1895,8,      1909P   5449
1895,16,1485,1895,23,1895,24,1487,1895,24,1895,25,1489,1895,25,     1909P   5450
1895,26,1491,1895,23,1895,26,1493,1895,24,1895,27,1495,1895,27,     1909P   5451
1895,28,1497,1895,28,1895,25,1499,1895,29,1895,28,1501,1895,27,     1909P   5452
1895,30,1503,1895,30,1895,29,1505,1895,31,1895,29,1507,1895,30,     1909P   5453
1895,32,1509,1895,32,1895,31,1511,1895,33,1895,31,1513,1895,32,     1909P   5454
1895,34,1515,1895,34,1895,33,1517,1895,26,1895,33,1519,1895,34,     1909P   5455
1895,23,1521,1895,33,1895,35,1523,1895,36,1895,35,1525,1895,31,     1909P   5456
1895,36,1527,1895,26,1895,37,1529,1895,35,1895,37,1531,1895,25,     1909P   5457
1895,38,1533,1895,37,1895,38,1535,1895,18,1895,39,1537,1895,39,     1909P   5458
1895,36,1539,1895,36,1895,17,1541,1895,35,1895,19,1543,1895,37,     1909P   5459
1895,20,1545,1895,38,1895,21,1547,1895,38,1895,40,1549,1895,40,     1909P   5460
1895,22,1551,1895,40,1895,39,1553,1895,29,1895,39,1555,1895,28,     1909P   5461
1895,40;                                                            1909P   5462
406,1,5HBody1;                                                      1911P   5463
406,1,19Hstator_end_cap v4:1;                                       1913P   5464
406,1,11Hstator v5:1;                                               1915P   5465
406,1,23H10mm by 3mm magnet v1:1;                                   1917P   5466
406,1,23H10mm by 3mm magnet v1:2;                                   1919P   5467
406,1,9Hcoil v1:1;                                                  1921P   5468
406,1,9Hcoil v1:2;                                                  1923P   5469
406,1,9Hcoil v1:3;                                                  1925P   5470
406,1,9Hcoil v1:4;                                                  1927P   5471
406,1,26Hcarbon_fibre_armature v1:1;                                1929P   5472
406,1,25H10mm by 10mm magnets v1:1;                                 1931P   5473
406,1,25H10mm by 10mm magnets v1:2;                                 1933P   5474
406,1,25H10mm by 10mm magnets v1:3;                                 1935P   5475
406,1,25H10mm by 10mm magnets v1:4;                                 1937P   5476
406,1,25H10mm by 10mm magnets v1:5;                                 1939P   5477
406,1,25H10mm by 10mm magnets v1:6;                                 1941P   5478
406,1,25H10mm by 10mm magnets v1:7;                                 1943P   5479
406,1,25H10mm by 10mm magnets v1:8;                                 1945P   5480
406,1,13Harmature v1:1;                                             1947P   5481
406,1,20Hm2 by 20mm bolt v2:1;                                      1949P   5482
406,1,20Hm2 by 20mm bolt v2:2;                                      1951P   5483
406,1,20Hm2 by 20mm bolt v2:3;                                      1953P   5484
314,96.4705882352941,96.4705882352941,95.2941176470588,11HABS (W    1955P   5485
hite);                                                              1955P   5486
314,62.7450980392157,62.7450980392157,62.7450980392157,13HSteel     1957P   5487
- Satin;                                                            1957P   5488
314,92.9411764705882,80.7843137254902,76.4705882352941,17HCopper    1959P   5489
 - Polished;                                                        1959P   5490
314,9.80392156862745,9.80392156862745,9.80392156862745,20HCarbon    1961P   5491
 Fiber - Plain;                                                     1961P   5492
S      1G      3D   1962P   5492                                        T      1
