[Format]      =  4.0
[Frequency]   =  0
[Precision]   =  9.9999999999999998e-013
[MinAngle]    =  30
[DoSmartMesh] =  1
[Depth]       =  1
[LengthUnits] =  meters
[ProblemType] =  axisymmetric
[Coordinates] =  cartesian
[ACSolver]    =  0
[PrevType]    =  0
[PrevSoln]    =  ""
[Comment]     =  "Add comments here."
[PointProps]   = 0
[BdryProps]   = 1
  <BeginBdry>
    <BdryName> = "A=0"
    <BdryType> = 0
    <A_0> = 0
    <A_1> = 0
    <A_2> = 0
    <Phi> = 0
    <c0> = 0
    <c0i> = 0
    <c1> = 0
    <c1i> = 0
    <Mu_ssd> = 0
    <Sigma_ssd> = 0
    <innerangle> = 0
    <outerangle> = 0
  <EndBdry>
[BlockProps]  = 3
  <BeginBlock>
    <BlockName> = "copper_0.200 m(m)"
    <Mu_x> = 0.999
    <Mu_y> = 0.999
    <H_c> = 0
    <H_cAngle> = 0
    <J_re> = 0
    <J_im> = 0
    <Sigma> = 60.078249999999997
    <d_lam> = 0
    <Phi_h> = 0
    <Phi_hx> = 0
    <Phi_hy> = 0
    <LamType> = 3
    <LamFill> = 1
    <NStrands> = 1
    <WireD> = 0.20000000000000001
    <BHPoints> = 0
  <EndBlock>
  <BeginBlock>
    <BlockName> = "NdFeB"
    <Mu_x> = 1.05
    <Mu_y> = 1.05
    <H_c> = 956000
    <H_cAngle> = 0
    <J_re> = 0
    <J_im> = 0
    <Sigma> = 0.66698000000000002
    <d_lam> = 0
    <Phi_h> = 0
    <Phi_hx> = 0
    <Phi_hy> = 0
    <LamType> = 0
    <LamFill> = 1
    <NStrands> = 0
    <WireD> = 0
    <BHPoints> = 0
  <EndBlock>
  <BeginBlock>
    <BlockName> = "air"
    <Mu_x> = 1
    <Mu_y> = 1
    <H_c> = 0
    <H_cAngle> = 0
    <J_re> = 0
    <J_im> = 0
    <Sigma> = 0
    <d_lam> = 0
    <Phi_h> = 0
    <Phi_hx> = 0
    <Phi_hy> = 0
    <LamType> = 0
    <LamFill> = 1
    <NStrands> = 0
    <WireD> = 0
    <BHPoints> = 0
  <EndBlock>
[CircuitProps]  = 1
  <BeginCircuit>
    <CircuitName> = "phase"
    <TotalAmps_re> = 0
    <TotalAmps_im> = 0
    <CircuitType> = 1
  <EndCircuit>
[NumPoints] = 38
0	-0.071999999999999995	0	0
0	0.071999999999999995	0	0
0.020799999999999999	0.071999999999999995	0	0
0.020799999999999999	-0.071999999999999995	0	0
0.0070000000000000001	-0.017299999999999999	0	0
0.0070000000000000001	-0.012699999999999999	0	0
0.0104	-0.012699999999999999	0	0
0.0104	-0.017299999999999999	0	0
0.0070000000000000001	-0.0073000000000000001	0	0
0.0070000000000000001	-0.0027000000000000001	0	0
0.0104	-0.0027000000000000001	0	0
0.0104	-0.0073000000000000001	0	0
0.0070000000000000001	0.0027000000000000001	0	0
0.0070000000000000001	0.0073000000000000001	0	0
0.0104	0.0073000000000000001	0	0
0.0104	0.0027000000000000001	0	0
0.0070000000000000001	0.012699999999999999	0	0
0.0070000000000000001	0.017299999999999999	0	0
0.0104	0.017299999999999999	0	0
0.0104	0.012699999999999999	0	0
3.077549094694375e-020	-0.03949739809113334	0	0
3.077549094694375e-020	-0.029497398091133352	0	0
0.0050000000000000001	-0.029497398091133352	0	0
0.0050000000000000001	-0.03949739809113334	0	0
3.077549094694375e-020	-0.019497398091133357	0	0
0.0050000000000000001	-0.019497398091133357	0	0
3.077549094694375e-020	-0.0094973980911333532	0	0
0.0050000000000000001	-0.0094973980911333532	0	0
3.077549094694375e-020	0.0005026019088666487	0	0
0.0050000000000000001	0.0005026019088666487	0	0
3.077549094694375e-020	0.010502601908866659	0	0
0.0050000000000000001	0.010502601908866659	0	0
3.077549094694375e-020	0.020502601908866637	0	0
0.0050000000000000001	0.020502601908866637	0	0
3.077549094694375e-020	0.030502601908866608	0	0
0.0050000000000000001	0.030502601908866608	0	0
3.077549094694375e-020	0.040502601908866634	0	0
0.0050000000000000001	0.040502601908866634	0	0
[NumSegments] = 46
0	20	-1	0	0	0
1	2	-1	1	0	0
2	3	-1	1	0	0
3	0	-1	1	0	0
4	5	-1	0	0	1
5	6	-1	0	0	1
6	7	-1	0	0	1
7	4	-1	0	0	1
8	9	-1	0	0	1
9	10	-1	0	0	1
10	11	-1	0	0	1
11	8	-1	0	0	1
12	13	-1	0	0	1
13	14	-1	0	0	1
14	15	-1	0	0	1
15	12	-1	0	0	1
16	17	-1	0	0	1
17	18	-1	0	0	1
18	19	-1	0	0	1
19	16	-1	0	0	1
20	21	-1	0	0	0
21	24	-1	0	0	0
21	22	-1	0	0	2
22	23	-1	0	0	2
23	20	-1	0	0	2
24	26	-1	0	0	0
24	25	-1	0	0	2
25	22	-1	0	0	2
26	28	-1	0	0	0
26	27	-1	0	0	2
27	25	-1	0	0	2
28	30	-1	0	0	0
28	29	-1	0	0	2
29	27	-1	0	0	2
30	32	-1	0	0	0
30	31	-1	0	0	2
31	29	-1	0	0	2
32	34	-1	0	0	0
32	33	-1	0	0	2
33	31	-1	0	0	2
34	36	-1	0	0	0
34	35	-1	0	0	2
35	33	-1	0	0	2
36	1	-1	0	0	0
36	37	-1	0	0	2
37	35	-1	0	0	2
[NumArcSegments] = 0
[NumHoles] = 0
[NumBlockLabels] = 13
0.0086999999999999994	-0.014999999999999999	1	-1	1	0	1	274	0
0.0086999999999999994	-0.0050000000000000001	1	-1	1	0	1	-274	0
0.0086999999999999994	0.0050000000000000001	1	-1	1	0	1	274	0
0.0086999999999999994	0.014999999999999999	1	-1	1	0	1	-274	0
0.0025000000000000001	-0.034497398091133349	2	-1	0	90	2	1	0
0.0025000000000000001	-0.024497398091133361	2	-1	0	-90	2	1	0
0.0025000000000000001	-0.014497398091133366	2	-1	0	90	2	1	0
0.0025000000000000001	-0.0044973980911333609	2	-1	0	-90	2	1	0
0.0025000000000000001	0.0055026019088666523	2	-1	0	90	2	1	0
0.0025000000000000001	0.015502601908866646	2	-1	0	-90	2	1	0
0.0025000000000000001	0.025502601908866614	2	-1	0	90	2	1	0
0.0025000000000000001	0.035502601908866629	2	-1	0	-90	2	1	0
0.010399450683593749	-0.059922180175781235	3	-1	0	0	0	1	0
[Solution]
4885
0	-0.071999999999999995	0	-1	
2.134968823597757e-023	-0.071977452173913034	0	-1	
2.254782608695652e-005	-0.071999999999999995	0	-1	
8.1374671772064753e-023	-0.071914058607005421	0	-1	
4.7431001000180909e-005	-0.071952568998999822	5.3394757504379919e-014	-1	
0.00010362167119565217	-0.071999999999999995	0	-1	
1.413996553081388e-022	-0.071850665040097822	0	-1	
6.5084661179224694e-005	-0.071882361823551622	2.328502117521808e-013	-1	
0.00011310920155978559	-0.071931760741754183	3.8059522745204287e-013	-1	
0.00018469551630434782	-0.071999999999999995	0	-1	
2.6144962238028688e-022	-0.071723877906282624	0	-1	
7.1133838293341534e-005	-0.071787271473190223	4.8675419902185158e-013	-1	
0.00015755607354991157	-0.071840506812278063	1.8877935959396059e-012	-1	
0.00034684320652173911	-0.071999999999999995	0	-1	
0.00032042390916946326	-0.071794087237857948	8.4559085580682769e-012	-1	
5.0154955652460936e-022	-0.071470303638652199	0	-1	
0.00013722313938391675	-0.071641506378319134	2.8493893551238688e-012	-1	
0.00016003591326806235	-0.071739714454781542	2.9391123647663377e-012	-1	
0.00067113858695652174	-0.071999999999999995	0	-1	
0.0005089908967391304	-0.071874544684764147	1.3861280888791298e-011	-1	
0.00027613368463908785	-0.071660992449905828	1.054492926004551e-011	-1	
0.00051170602203914103	-0.071656517230092392	3.9346801551208183e-011	-1	
7.4164949066891872e-022	-0.071216729371021789	0	-1	
0.00023792575273399216	-0.071428496196860675	1.3801639447402334e-011	-1	
0.00099543396739130421	-0.071999999999999995	0	-1	
0.00072091397281511893	-0.071768153158167494	5.1897046615657338e-011	-1	
0.00079532637155438411	-0.071376854946576362	1.6929999166424679e-010	-1	
9.8174942481322799e-022	-0.070963155103391379	0	-1	
0.00032605228380613892	-0.071089942237206591	4.4471044483323148e-011	-1	
0.0013197293478260869	-0.071999999999999995	0	-1	
0.0011575816576086956	-0.07160422796126853	2.2070177577622998e-010	-1	
0.00080428130150737322	-0.07083497984790621	3.3273234298688961e-010	-1	
0.0013410632704583029	-0.070909638612551812	8.694234031020299e-010	-1	
1.9421491613904651e-021	-0.069948858032869737	0	-1	
0.00036633858237758367	-0.070503699990404289	8.7455121195562114e-011	-1	
0.0019683201086956523	-0.071999999999999995	0	-1	
0.0016440247282608698	-0.07163603432574564	4.12449944455722e-010	-1	
0.0011923930745687894	-0.070011540090442415	1.2709823309945837e-009	-1	
0.0022926154891304345	-0.071384593761118817	1.407051872911517e-009	-1	
0.002239922208508131	-0.070299487930653007	3.7800795315650479e-009	-1	
2.9025488979677021e-021	-0.068934560962348096	0	-1	
0.0026169108695652172	-0.071999999999999995	0	-1	
0.0010304398378861138	-0.068427412427087261	1.7639825162076114e-009	-1	
0.0021779030597124044	-0.068475724442942476	7.6903003490355143e-009	-1	
0.0032655016304347822	-0.071265068949126112	3.4605483764999894e-009	-1	
0.0035169490566365692	-0.069970553823980999	1.0897450116434993e-008	-1	
3.8629486345449528e-021	-0.067920263891826441	0	-1	
0.0039140923913043475	-0.071999999999999995	0	-1	
0.001139224415277426	-0.066905966821304785	3.4140918928329014e-009	-1	
0.0037659151371830131	-0.068400370234170726	2.2843908570616573e-008	-1	
0.0033274729119320591	-0.066586560298454736	2.9350328566564546e-008	-1	
0.0045626831521739129	-0.070773943778364087	1.0684190970716271e-008	-1	
0.0053281106447360879	-0.068695337708908413	3.7747463278109549e-008	-1	
0.005550093766184397	-0.069957314781794677	2.5051018186316636e-008	-1	
5.7837481076994397e-021	-0.065891669750783144	0	-1	
0.0052112739130434783	-0.071999999999999995	0	-1	
0.001924216094465858	-0.064877372680261503	1.5223305790452322e-008	-1	
0.0048034588855384551	-0.067189674460332735	4.9154965933856893e-008	-1	
0.0037135602363098778	-0.065168783545606471	5.0585972761643269e-008	-1	
0.0065362497566627317	-0.069133336813659033	4.5998477133170476e-008	-1	
0.0063345979681396344	-0.067804342654204458	6.7129962315310583e-008	-1	
0.0069706542661450198	-0.070655358424162734	2.2199300995001774e-008	-1	
7.7045475808539274e-021	-0.063863075609739847	0	-1	
0.0078056369565217389	-0.071999999999999995	0	-1	
0.0016569856490177338	-0.063051976558669301	1.616335885841606e-008	-1	
0.0033685590422828054	-0.063740452869928702	5.6221769170868484e-008	-1	
0.0061090004768678107	-0.06615193764331162	9.7150292625223202e-008	-1	
0.0050326035604704965	-0.064521265938162847	9.9630393724768263e-008	-1	
0.0077171716506160056	-0.068446577586064428	7.3966207747817237e-008	-1	
0.0086757187394376836	-0.069419923482863716	6.1110175512471882e-008	-1	
0.0074802258869538256	-0.067101188623203842	1.0468225017399708e-007	-1	
0.0086843985427526721	-0.070859598114872926	2.6680126869503479e-008	-1	
9.6253470540084151e-021	-0.06183448146869655	0	-1	
0.0104	-0.071999999999999995	0	-1	
0.0014836449353892868	-0.060820184398174909	2.050269830942166e-008	-1	
0.0031482468515568267	-0.061497754543817722	7.7267977449397668e-008	-1	
0.004646085249022258	-0.063181415251443121	1.1482922764129535e-007	-1	
0.00748171487544101	-0.065634021306660184	1.5006969435679105e-007	-1	
0.0066662381692666828	-0.0641772841033873	1.7085366772580886e-007	-1	
0.0059297417033934187	-0.063124383606106213	1.7644071070021886e-007	-1	
0.0092518617215313799	-0.06789388062259416	1.115764112903993e-007	-1	
0.010039894193916715	-0.070374448730959244	4.4137580533335023e-008	-1	
0.011046899527640224	-0.068602885729529328	1.0557278272838034e-007	-1	
0.0098336804609574415	-0.066369992666854588	1.7666825280011123e-007	-1	
1.1546146527162903e-020	-0.059805887327653261	0	-1	
0.012994363043478261	-0.071999999999999995	0	-1	
0.01169718152173913	-0.070534110350937651	4.4696572324678206e-008	-1	
0.0028856085706127667	-0.059759466275594655	9.1883267469515543e-008	-1	
0.0014268605843675254	-0.058791590257131612	2.9246603385456437e-008	-1	
0.0053500476161546127	-0.061977657280150901	1.8609558933322884e-007	-1	
0.0046256163448619063	-0.060010460131319762	2.1485534355648008e-007	-1	
0.0083168065428396529	-0.064427702916324547	2.2227637437473191e-007	-1	
0.0096236602879886252	-0.064970549635327862	2.3520528206739784e-007	-1	
0.007672784418569595	-0.063107753289626561	2.6413135920187297e-007	-1	
0.0066498987062423489	-0.062040442321241278	2.6492438871282407e-007	-1	
0.010991102723014973	-0.067187160869184345	1.5842691651045359e-007	-1	
0.012680896020472409	-0.06912778019087	9.275280343498396e-008	-1	
0.012404080508938304	-0.067082834745454872	1.7192416491259185e-007	-1	
0.0115922511358304	-0.065708281726205575	2.3406758809336057e-007	-1	
1.346694600031739e-020	-0.05777729318660995	0	-1	
0.014291544565217392	-0.071999999999999995	0	-1	
0.013642953804347826	-0.070747376822285851	3.8970213297730985e-008	-1	
0.0027959215287066842	-0.058311415059594897	1.1802794559133693e-007	-1	
0.0016593962617350846	-0.057262788822699695	5.4359003091657112e-008	-1	
0.0067211231834529142	-0.060069759192142705	3.9544309618597848e-007	-1	
0.0054255025898937038	-0.058576790637426095	3.730462246477859e-007	-1	
0.0040800053204679077	-0.057636118898358679	2.7255278303330584e-007	-1	
0.010111431229395949	-0.062734991532120005	3.936082106694535e-007	-1	
0.010830825000939856	-0.064232103545658531	3.0720718127440892e-007	-1	
0.0078930872346567576	-0.061655686423813041	3.6711776753983868e-007	-1	
0.014382348462575651	-0.068903017379455603	9.7643381116836987e-008	-1	
0.013904784599951031	-0.066961259941908824	1.7575882422368462e-007	-1	
0.013500150686035868	-0.065765349468716622	2.3634416347663108e-007	-1	
0.012484784956264728	-0.064384708413861652	3.1733396896464066e-007	-1	
1.5387745473471878e-020	-0.055748699045566653	0	-1	
0.015588726086956521	-0.071999999999999995	0	-1	
0.01504713303638152	-0.070881598596813353	3.2238738975883716e-008	-1	
0.0024032937014308066	-0.055907088536359083	1.4399858452847232e-007	-1	
0.0085284330050383952	-0.059280901708012444	6.3994511379312795e-007	-1	
0.0089212931574051708	-0.060658388838346226	5.1632296466010994e-007	-1	
0.0070537749298755633	-0.058367135183019607	5.9132447555521624e-007	-1	
0.0063597874326627247	-0.056777176990313698	6.8558578577465287e-007	-1	
0.0036583924660736639	-0.055331168804272919	3.5176928065822074e-007	-1	
0.0048038663408679792	-0.056102431437218353	4.8976790268339337e-007	-1	
0.010320883379405166	-0.060963277513168462	5.626821631899732e-007	-1	
0.011700027393608599	-0.062095002990561164	4.9043813150848165e-007	-1	
0.015066274879264197	-0.067456104155012436	1.4550852945668149e-007	-1	
0.015654587525157873	-0.068944459439611694	8.7928681217894356e-008	-1	
0.014830997718929966	-0.066103320711885849	2.0631778365221478e-007	-1	
0.013889872777151167	-0.064096441448710295	3.3233333186522062e-007	-1	
0.015156567564888741	-0.064769385682892769	2.6772594570175588e-007	-1	
0.01330146417015826	-0.062702146595478472	4.4583456665171748e-007	-1	
1.7308544946626364e-020	-0.053720104904523364	0	-1	
0.0010398848523707472	-0.054734401975045005	3.5038500525718417e-008	-1	
0.016885907608695652	-0.071999999999999995	0	-1	
0.016237316847826085	-0.071238820133196976	1.9282468397510945e-008	-1	
0.016053853209509045	-0.070153134991614657	4.9031018478826736e-008	-1	
0.0024271288526173194	-0.054303457503867093	2.0060383532297342e-007	-1	
0.0090582442357074605	-0.057912882502919379	8.9021922895810993e-007	-1	
0.010986588413987879	-0.059308080372334746	8.1115102266508991e-007	-1	
0.0078576495922498494	-0.057069823200291483	8.7750964416899367e-007	-1	
0.0062921209726103152	-0.055289246245265634	9.2669181512884484e-007	-1	
0.0040006673697589685	-0.053993333112896197	5.59722064795003e-007	-1	
0.011779437195550184	-0.060588425629895901	6.5701490907366285e-007	-1	
0.013157547262006207	-0.061195637136470644	5.9210686938186294e-007	-1	
0.016609276125315486	-0.067031297873047194	1.3389438536842856e-007	-1	
0.016911119745309545	-0.069148018906182954	6.7490972118194894e-008	-1	
0.01699747319664139	-0.065184523411340206	1.9335311855432028e-007	-1	
0.014789274101575173	-0.062979102249887786	3.9454763453681353e-007	-1	
0.016293480963303558	-0.064017071890972832	2.7490045221028239e-007	-1	
0.014511466752863855	-0.060698502541979178	6.2057588439360807e-007	-1	
1.9229344419780854e-020	-0.051691510763480067	0	-1	
0.0014137686699001867	-0.053178800436501576	9.1766949706541195e-008	-1	
0.017534498369565214	-0.071999999999999995	0	-1	
0.017210202989130435	-0.071470244679798137	1.1317606206733575e-008	-1	
0.016821855147353088	-0.07094214966619615	2.4514947406490441e-008	-1	
0.017603724120014558	-0.070272947098885236	3.4074245866343221e-008	-1	
0.0027308497934202119	-0.052432442819029298	3.8756875458666137e-007	-1	
0.0092563954101279305	-0.056459296386542943	1.2055406941654102e-006	-1	
0.010882809779080117	-0.057421306235406512	1.1368143022040067e-006	-1	
0.012029003778116014	-0.0583045030331832	1.008880151994256e-006	-1	
0.0089741416112035458	-0.05505041395463478	1.5241269171227904e-006	-1	
0.0076107838315606965	-0.054596682229235263	1.3606025780987513e-006	-1	
0.0060059905173335693	-0.053827519179620878	1.1371285857316126e-006	-1	
0.0050901798274832662	-0.052301654127056896	1.1979700363433954e-006	-1	
0.013378389965427184	-0.058826953207384271	9.1995086892127099e-007	-1	
0.018067083839609078	-0.066739260029243505	1.04339335073657e-007	-1	
0.018476513985419531	-0.068168545301597855	6.2323442334556703e-008	-1	
0.018187803858388685	-0.069487491930160211	4.2461216415942154e-008	-1	
0.017508242943948857	-0.063592249675520754	2.3845785600069635e-007	-1	
0.018688620604857473	-0.064104918342391293	1.4581675843108131e-007	-1	
0.015513744018505077	-0.061735653001431995	4.744792382154875e-007	-1	
0.016593380975287595	-0.062687181632410105	3.425903178101709e-007	-1	
0.015579578059695348	-0.059729286864751895	6.8168276762282526e-007	-1	
2.1150143892935346e-020	-0.04966291662243677	0	-1	
0.0014515369762420638	-0.050852423560043103	1.6215719736720349e-007	-1	
0.018183089130434781	-0.071999999999999995	0	-1	
0.017829353575392809	-0.071420638787159554	1.0561636026992656e-008	-1	
0.017475609846054261	-0.070894158171839833	2.2210950495655117e-008	-1	
0.01826616868307419	-0.070901042001617065	1.7585811262576632e-008	-1	
0.018505752797221209	-0.070413233489749774	2.373487629873703e-008	-1	
0.0031221785053394506	-0.05099378766307059	6.7943645659478146e-007	-1	
0.010981375637362699	-0.055753894645120365	1.5659933684588977e-006	-1	
0.012204433963144053	-0.056891481991910256	1.3074024933871019e-006	-1	
0.01368572377425769	-0.057629605894712228	1.1322418967818596e-006	-1	
0.0086548090651175323	-0.053649470116018498	1.9300204819393538e-006	-1	
0.01005423762103389	-0.05381917336470228	2.119180671064581e-006	-1	
0.0067668242032994531	-0.052218760191897813	1.8905056426430385e-006	-1	
0.0042969889848921902	-0.050075807731006734	1.4537004787653256e-006	-1	
0.0058442261279486266	-0.050281582293580762	2.2959613438927018e-006	-1	
0.014930185992483832	-0.058177440239624297	9.5502212221401109e-007	-1	
0.019503130070056308	-0.066354213722826072	5.6957286310822185e-008	-1	
0.01982066917206269	-0.068041185258152156	2.8247615386453047e-008	-1	
0.019154824315284671	-0.069335965038815117	3.0103376378342919e-008	-1	
0.01777509568462618	-0.062407594307317599	2.7915435278884535e-007	-1	
0.020043837812742896	-0.064104918342391293	5.6861510877284516e-008	-1	
0.019366229208800184	-0.062832796542132779	1.3124739503149153e-007	-1	
0.016921448767298237	-0.061436671339374138	4.0922703567290045e-007	-1	
0.017050301661664359	-0.059954408069320939	5.2333986145531695e-007	-1	
0.016606315658653479	-0.058034166560732542	8.0347066934442617e-007	-1	
2.3070943366089829e-020	-0.047634322481393473	0	-1	
0.0014759940048662344	-0.04819959674067862	3.0779104761754035e-007	-1	
0.0025742334247467482	-0.049607200843865551	6.4915985789937951e-007	-1	
0.018831679891304347	-0.071999999999999995	0	-1	
0.018507384510869564	-0.071388045714562642	8.9493963752504304e-009	-1	
0.018789467973836436	-0.070754360222620757	1.6431292601111533e-008	-1	
0.01930475233454719	-0.070290348925002438	1.7025037366532015e-008	-1	
0.012087860291959027	-0.054502627947336721	2.0307621225679302e-006	-1	
0.013541483930653832	-0.056401888694079139	1.4175941761495249e-006	-1	
0.014619738250073136	-0.056819845673300715	1.245136271769729e-006	-1	
0.0084451149810623478	-0.052255473033223768	2.4410055471187014e-006	-1	
0.0098080100331637728	-0.052462771009569024	2.6851801231791586e-006	-1	
0.011357560277615626	-0.053308384727515881	2.4786451322812803e-006	-1	
0.0073612651309658515	-0.050648840528043221	2.9025002203519012e-006	-1	
0.0040241302221129833	-0.048565433877756858	1.8933055048714112e-006	-1	
0.0065493484321926428	-0.048889070719656293	3.6693798187872288e-006	-1	
0.015656833780097121	-0.057331463964051442	1.0337791571605765e-006	-1	
0.020799999999999999	-0.067478861413043462	0	-1	
0.020799999999999999	-0.065229566032608682	0	-1	
0.020799999999999999	-0.068603509103260851	0	-1	
0.020055768039614105	-0.069145732903028667	1.4747902665597022e-008	-1	
0.019820608368972068	-0.070036006899727429	1.3144018719801605e-008	-1	
0.018783636550913096	-0.060660143590737479	2.7133609794956753e-007	-1	
0.01976136738760283	-0.061562403989947195	1.2356495502369136e-007	-1	
0.020799999999999999	-0.062980270652173903	0	-1	
0.018272936821333685	-0.059106545617931744	4.4201975072728354e-007	-1	
0.01851158582782951	-0.057488668142163843	5.2810104530906205e-007	-1	
0.016651037943780943	-0.056826240303689837	9.8201382962792687e-007	-1	
2.4991742839244318e-020	-0.045605728340350177	0	-1	
0.0014207879846887842	-0.046620025410871825	4.3826270811166667e-007	-1	
0.002941202822157304	-0.047477799137859537	1.3778363357565558e-006	-1	
0.019480270652173913	-0.071999999999999995	0	-1	
0.01915597527173913	-0.071630915157167338	4.0215525551497792e-009	-1	
0.018961255061211196	-0.071163445722158852	1.0054380019507394e-008	-1	
0.019233000003349338	-0.070766238274531948	1.2722694012196099e-008	-1	
0.019653110301640873	-0.070586226593589679	1.0954096152047487e-008	-1	
0.013840036467540779	-0.054667482523570128	1.9118611312139398e-006	-1	
0.013040369212123336	-0.053099735521597378	2.5841805489543524e-006	-1	
0.014565985236498746	-0.055621911356861856	1.5491732586750182e-006	-1	
0.01560683015548343	-0.056217375770235112	1.2631834853397042e-006	-1	
0.0093001438303649091	-0.051217899464533853	3.2920916450405655e-006	-1	
0.011081944738874725	-0.051935944909584843	3.1624404652910343e-006	-1	
0.012514410818568073	-0.051755105570975471	3.3050433087108357e-006	-1	
0.0090795871247824327	-0.049676245534082925	4.3279093433699571e-006	-1	
0.0079626170284032433	-0.04880645772316651	4.6357311924731509e-006	-1	
0.0046580489076501292	-0.047167639836728947	3.3907674548003666e-006	-1	
0.0069620398014888733	-0.047535378941486545	5.2958644439231967e-006	-1	
0.020799999999999999	-0.069728156793478241	0	-1	
0.020318504448723174	-0.07032392495724038	5.5064649972506344e-009	-1	
0.019830081279554788	-0.059606327581521734	1.6058023771912042e-007	-1	
0.020799999999999999	-0.060730975271739124	0	-1	
0.019928362543420435	-0.057357032201086948	2.2371294332247486e-007	-1	
0.018964468229002673	-0.056077693777787846	5.6627085375943282e-007	-1	
0.016668281184343006	-0.0556176094270798	1.1972103112472243e-006	-1	
0.017799210714633376	-0.055162201532367651	1.0031023000928395e-006	-1	
2.6912542312398804e-020	-0.04357713419930688	0	-1	
0.0016647670784129386	-0.04386084730327626	1.2415093242887775e-006	-1	
0.0030228569491451618	-0.044938967150092581	2.8602126858897479e-006	-1	
0.0044513353192881062	-0.045435292075528454	4.7869641509632677e-006	-1	
0.019804566032608696	-0.071999999999999995	0	-1	
0.019642418342391305	-0.071699938732810983	2.4286246383082695e-009	-1	
0.019467122529050945	-0.0711867209887867	7.2147725624428014e-009	-1	
0.019947802536739691	-0.070935587946029707	6.2630764110465214e-009	-1	
0.01464591687637502	-0.05326860543258654	2.3109068287766178e-006	-1	
0.015421319729677035	-0.05464687672987785	1.6925377118437873e-006	-1	
0.014076966426068947	-0.051757779256576188	3.1000622820647023e-006	-1	
0.010433057221081767	-0.050493923986552725	4.0467459786838947e-006	-1	
0.01272980666857188	-0.050327426838325223	4.2337618657385213e-006	-1	
0.01071873624774919	-0.048938653319777231	5.4389820490769025e-006	-1	
0.0097478442129798545	-0.047425966710215123	6.9824185800151605e-006	-1	
0.0083504706264987093	-0.047444942898176162	6.3656252091968614e-006	-1	
0.0062077232319584204	-0.046366223114960865	5.9843911340891503e-006	-1	
0.0075749183435699866	-0.046286259761254465	7.4862372874076056e-006	-1	
0.020799999999999999	-0.070852804483695631	0	-1	
0.020799999999999999	-0.058481679891304338	0	-1	
0.020799999999999999	-0.056232384510869551	0	-1	
0.019326339645314602	-0.054640682920391488	5.7385898509475504e-007	-1	
0.016719711457632389	-0.054399515473380691	1.4621950229260862e-006	-1	
0.018097477593069004	-0.053594737180827592	1.1906155560370505e-006	-1	
2.7872942048976046e-020	-0.042562837128785232	0	-1	
0.00095524987552059366	-0.043069985664046059	5.0569246896336453e-007	-1	
0.0020845910935057563	-0.042884822411197475	2.7056298925440819e-006	-1	
0.0033283858391409587	-0.043232097911263007	5.5981053132666535e-006	-1	
0.0048099785374175431	-0.043966188972385273	7.9986747192217224e-006	-1	
0.0058830206222672647	-0.044948295074707462	7.9904813867702384e-006	-1	
0.020128861413043476	-0.071999999999999995	0	-1	
0.019966713722826088	-0.071805585047174381	1.0778565735016448e-009	-1	
0.020159687295410018	-0.07151675975994605	2.08221468793218e-009	-1	
0.020452448134211997	-0.07129334295885191	1.680846746377815e-009	-1	
0.016585639034519782	-0.053084588381941987	1.8661813487271415e-006	-1	
0.01597118301413674	-0.051235581046980672	2.7965340975935585e-006	-1	
0.015041541868259673	-0.050045955180060581	3.7939004805962886e-006	-1	
0.013793084128341905	-0.049426245402440012	4.6452029298791193e-006	-1	
0.012175141735483553	-0.048980138892326074	5.3862099437687184e-006	-1	
0.011617787939692894	-0.047382196389072033	7.1899811955779834e-006	-1	
0.010239434823506944	-0.046117780290951288	9.0075832384910338e-006	-1	
0.0089444446571011957	-0.046282479854357697	8.4079011114902143e-006	-1	
0.0083191232266834007	-0.045136574716078751	1.0362188581840761e-005	-1	
0.020799999999999999	-0.071415128328804339	0	-1	
0.020799999999999999	-0.053983089130434772	0	-1	
0.019351429697987942	-0.052522950036441626	7.9358617496837851e-007	-1	
0.017748267345325867	-0.052134370526806008	1.6719598862105754e-006	-1	
2.8833341785553294e-020	-0.041548540058263583	0	-1	
0.00057987884010296292	-0.042055688593524404	2.7833253041233987e-007	-1	
0.0019217408071317806	-0.041752048470345374	3.1379672763586839e-006	-1	
0.0028489047445522525	-0.0420330468188789	6.1696878983951776e-006	-1	
0.0037652194636249772	-0.042016860474901024	1.0061708475141162e-005	-1	
0.0048047284523522783	-0.042312714132476031	1.3101665168736943e-005	-1	
0.0064217412147053853	-0.043597098628826908	1.2260061034163093e-005	-1	
0.020291009103260871	-0.071999999999999995	0	-1	
0.020218524520331477	-0.071831668942296076	6.5770217309737808e-010	-1	
0.020387076801569367	-0.071742422394543426	7.2898369624136506e-010	-1	
0.020647989681957045	-0.071605412628721707	4.0005025664648675e-010	-1	
0.016261811859088045	-0.049156920021680033	3.6621743763817405e-006	-1	
0.01739171817863585	-0.049690467255040699	2.6909080509061755e-006	-1	
0.014981996706855662	-0.048537347630992114	4.8004654807710593e-006	-1	
0.013341898091999147	-0.04810748913328014	5.9244545102406574e-006	-1	
0.011209350840407493	-0.045235310566655057	1.0394908994351929e-005	-1	
0.01256485759745002	-0.045624777234764317	9.1998389049211967e-006	-1	
0.0093294458159126157	-0.044162714815036627	1.2889441835314693e-005	-1	
0.0081394450166203617	-0.043419039523764698	1.4699964333719385e-005	-1	
0.020799999999999999	-0.07169629025135868	0	-1	
0.020799999999999999	-0.05173379375	0	-1	
0.018671277373204193	-0.050751748820648201	1.5223071417130651e-006	-1	
0.020027949404785722	-0.050609146059782596	5.8321717791878864e-007	-1	
2.9313541653841908e-020	-0.041041391523002763	0	-1	
0.00045838841588088285	-0.041294965790633166	2.1123636204227342e-007	-1	
0.0011476906964680721	-0.041402527392973551	1.278141866405634e-006	-1	
0.0024994198245633916	-0.041129468748410176	6.3708293453428841e-006	-1	
0.0016706082062263108	-0.040940721795011632	3.0545751526580929e-006	-1	
0.0033463760393624368	-0.041201713342125149	1.0695850199097969e-005	-1	
0.0042067307703589438	-0.041213764946245332	1.560576093923293e-005	-1	
0.0052481527599706835	-0.041166071745759612	2.0802641030270212e-005	-1	
0.005821267510812406	-0.041621293694373007	1.9568282172660935e-005	-1	
0.0077692333731878985	-0.041732280876217359	2.1039538171519393e-005	-1	
0.020453156793478266	-0.071999999999999995	0	-1	
0.020404189224549622	-0.071875297320719428	3.4487696640248315e-010	-1	
0.020601982044642052	-0.071794621051946853	2.6209397898007624e-010	-1	
0.020721411215407576	-0.071766580731997265	1.177843711230531e-010	-1	
0.016255495562971501	-0.047904894127042616	4.4148817190538621e-006	-1	
0.017359280237526854	-0.048441344074102367	3.2637623648280088e-006	-1	
0.018492409341891638	-0.049098994597759307	2.0632733027756024e-006	-1	
0.015288731139914	-0.047148927392461036	5.730569943982159e-006	-1	
0.014113612787092883	-0.04562311663090101	8.0931499271076604e-006	-1	
0.010725095319809624	-0.044016710351280797	1.2923207182122014e-005	-1	
0.012066667578048234	-0.044243091888388646	1.1674947846135525e-005	-1	
0.014387474537853703	-0.044098765904683083	9.6270320893988205e-006	-1	
0.0097269310939758283	-0.042186609780095675	1.8367668571495135e-005	-1	
0.020799999999999999	-0.07183687121263585	0	-1	
0.020799999999999999	-0.049484498369565214	0	-1	
0.019801886245678749	-0.04835985067934781	1.0294261886251615e-006	-1	
2.9793741522130529e-020	-0.040534242987741942	0	-1	
0.00031094591414835258	-0.040792292380056348	1.1215920831301942e-007	-1	
0.00088715402909556919	-0.040755358344520862	9.158976821965352e-007	-1	
0.0031134126583787698	-0.040541619353470344	1.1547342152302718e-005	-1	
0.0022366945040847076	-0.040272529943839425	6.5455816766957415e-006	-1	
0.0011494437845957939	-0.040385685169839342	1.6995161333751733e-006	-1	
0.0015572572649524671	-0.040187840945362464	3.2603916690687426e-006	-1	
0.0035298623620660082	-0.040526192224677092	1.4657222053205784e-005	-1	
0.0047981778079554688	-0.040588828224626068	2.3149543916872962e-005	-1	
0.0042092878984905571	-0.040353329611425993	2.0939654945335938e-005	-1	
0.005539140313635494	-0.040494496147822995	2.7082361886704003e-005	-1	
0.006229554140820691	-0.040533833123108695	2.7790651494636786e-005	-1	
0.0092342921711565246	-0.040775055353309254	2.3684073237303401e-005	-1	
0.0072451261052761274	-0.039804953336093532	3.2169889076723033e-005	-1	
0.020615304483695654	-0.071999999999999995	0	-1	
0.020534230638586958	-0.071907512405100849	1.5875028083422861e-010	-1	
0.02065584140625	-0.071925890238469958	6.8428761905300033e-011	-1	
0.020720903792300002	-0.071872016452955143	6.4077314685106785e-011	-1	
0.017214583478294649	-0.047139211735861553	4.0129241914606109e-006	-1	
0.018686591764470024	-0.046767497012466297	2.5945069966908327e-006	-1	
0.015617060942442281	-0.045251244288251814	7.0034391847568167e-006	-1	
0.011663064505468206	-0.042943796200632114	1.4505649096522042e-005	-1	
0.013043854500162879	-0.043296429095380035	1.2311647793128368e-005	-1	
0.015945779781503716	-0.043954738376551263	7.7501708849004381e-006	-1	
0.015265334695926386	-0.042803227134859699	9.8148145464054887e-006	-1	
0.011622621773739628	-0.041519262819711349	1.7586554266588241e-005	-1	
0.010508259160239229	-0.039992631479194685	2.343014961177459e-005	-1	
0.020799999999999999	-0.071907161693274435	0	-1	
0.020799999999999999	-0.047235202989130427	0	-1	
3.0033841456274837e-020	-0.040280668720111532	0	-1	
0.00020780236030863133	-0.04040745585392673	5.5145391646262545e-008	-1	
0.00045094224760484772	-0.040419279282215358	2.5994670345943205e-007	-1	
0.00071925609684882609	-0.040230915651008295	6.8819211618727393e-007	-1	
0.003302497437953945	-0.040176945115472866	1.4410747109902021e-005	-1	
0.0026571753003898453	-0.039983076373776322	9.8879414260560219e-006	-1	
0.0021688421849377546	-0.039834354359143218	6.8501921119285988e-006	-1	
0.0017257961956521741	-0.03981668994249745	4.3745936185447057e-006	-1	
0.0011615101285215594	-0.039932575276696691	1.9246233972660889e-006	-1	
0.0013767226715896538	-0.039752888513259858	2.816845684093069e-006	-1	
0.0037124954540333805	-0.040151607780629518	1.8090536781846109e-005	-1	
0.0050275395023402555	-0.040086536939135088	2.9653381454155005e-005	-1	
0.004701415450020811	-0.040045191978209251	2.7886282686884138e-005	-1	
0.0043305134034406596	-0.039997828830296484	2.5079393660333262e-005	-1	
0.0041069811865391747	-0.039991929881038994	2.2867173942912204e-005	-1	
0.0056838485655905935	-0.040109069570581031	3.1395856269652568e-005	-1	
0.0053500665260323944	-0.039868064021481582	3.3755743411629827e-005	-1	
0.0062537775965075511	-0.039822444486785881	3.3969241469119086e-005	-1	
0.0087237142472898453	-0.039369890170237565	3.0599258093894119e-005	-1	
0.006419517358192948	-0.039255910529993714	3.8680269714963141e-005	-1	
0.0072598839489093981	-0.038887496441493502	3.7951855058450385e-005	-1	
0.020696378328804346	-0.071999999999999995	0	-1	
0.020752568998999819	-0.071952568998999822	1.4459576754032285e-011	-1	
0.017115023781829969	-0.044941115951801648	5.450735439327859e-006	-1	
0.018613023861401425	-0.045251064358572339	3.2635182126228963e-006	-1	
0.01977855678346702	-0.045712701948273884	1.4774525405193037e-006	-1	
0.012923528601077618	-0.041935779760252874	1.4636378836456942e-005	-1	
0.014131150435648821	-0.041297426848581315	1.3427423400829984e-005	-1	
0.0170926703256368	-0.043266533658457514	6.5175318949007142e-006	-1	
0.016662850534923199	-0.041538016512800875	8.3998113453995247e-006	-1	
0.01546129476619656	-0.040741159626822177	1.1305577006831469e-005	-1	
0.012413398095581295	-0.039772007185678221	1.9177932305933277e-005	-1	
0.011709320331142867	-0.038617769200080504	2.2879671772183154e-005	-1	
0.010459040262976034	-0.038103191142913238	2.7794738540483545e-005	-1	
0.020799999999999999	-0.071977452173913034	0	-1	
0.020799999999999999	-0.044985907608695641	0	-1	
3.0273941390419144e-020	-0.040027094452481121	0	-1	
0.00023859369683900078	-0.040077737871554983	7.8937869208340594e-008	-1	
0.00047034037017518892	-0.040017575218196856	3.0921812112928002e-007	-1	
0.00079220414798256795	-0.039911303759656569	9.0342934459802923e-007	-1	
0.0034974120183144343	-0.039815353273627764	1.7881002987299892e-005	-1	
0.0031193630434782609	-0.03949739809113334	1.5495827314157387e-005	-1	
0.0025000000000000001	-0.03949739809113334	9.9155602256565543e-006	-1	
0.0018806369565217392	-0.03949739809113334	5.5630630383559293e-006	-1	
0.0015709554347826088	-0.03949739809113334	3.8705777829088824e-006	-1	
0.0011064331521739132	-0.039678407996732057	1.8455357366160875e-006	-1	
0.00086974005108670402	-0.039705177812742687	1.1376401872044154e-006	-1	
0.0012612739130434783	-0.03949739809113334	2.492569624834848e-006	-1	
0.0038935668478260878	-0.039766472512031276	2.2340250681059948e-005	-1	
0.0051115733711684461	-0.039768724711263061	3.4670650860207457e-005	-1	
0.0048811979955544274	-0.039792172425840995	3.287220515785693e-005	-1	
0.0046986741034368805	-0.039734816169586726	3.1947871844674632e-005	-1	
0.0044779846462822273	-0.039829740513837551	2.8317095613965814e-005	-1	
0.0043098664044697258	-0.03977517405035963	2.7030300912004519e-005	-1	
0.0056697025990054307	-0.039697616029755668	3.6162420435624389e-005	-1	
0.0052102973409528762	-0.039650781122076546	3.700966280667727e-005	-1	
0.0053588684330152922	-0.039547661453467969	3.8697948247250427e-005	-1	
0.0058441553170508033	-0.039387777563079575	3.9491181859262518e-005	-1	
0.0083113082705708503	-0.038159138397903629	3.6653939397267002e-005	-1	
0.0063847785187884677	-0.038611569941188278	4.4128710704805216e-005	-1	
0.0058808263613506538	-0.03901457590188747	4.3452183032289903e-005	-1	
0.0070350173337846581	-0.038074995730244872	4.3700685486256257e-005	-1	
0.020777452173913042	-0.071999999999999995	0	-1	
0.018771603692676657	-0.043861259918478251	3.5130363890134007e-006	-1	
0.019766088347977943	-0.044459138709039149	1.7301911790063943e-006	-1	
0.013584782288462853	-0.039066046088262849	1.7049727857052145e-005	-1	
0.018229771200548618	-0.041606354924541594	5.335565295079612e-006	-1	
0.018765116903579637	-0.042653802869900795	3.9309764676576809e-006	-1	
0.018083539990687118	-0.040439153719413111	6.0180881075873735e-006	-1	
0.016988131652022204	-0.039015799041198951	8.9519314906136782e-006	-1	
0.015456221804305415	-0.039299392854022362	1.2333371885764215e-005	-1	
0.012859252412118032	-0.037906680573454102	1.9951669856630934e-005	-1	
0.010772704520622242	-0.036704202855867424	2.7861520970064146e-005	-1	
0.0093532599351627416	-0.036906020998327009	3.4376294313906299e-005	-1	
0.020799999999999999	-0.071999999999999995	0	-1	
0.020799999999999999	-0.043861259918478251	0	-1	
3.0514041324563451e-020	-0.039773520184850711	0	-1	
0.00013722313938393035	-0.039855891712814201	2.7331236753742321e-008	-1	
0.00030610228633753934	-0.039843357201680717	1.3637359437851227e-007	-1	
0.00053796598068666908	-0.03978789534910853	4.2733238896647548e-007	-1	
0.00065315989389379725	-0.039665268443271159	6.469895332289827e-007	-1	
0.0037387260869565218	-0.03949739809113334	2.2380163257149738e-005	-1	
0.0034290445652173916	-0.039146078234185547	2.0637724770623345e-005	-1	
0.0028159503865238002	-0.038917796816995656	1.429021681116008e-005	-1	
0.0021903184782608698	-0.038726533666479199	8.8860734695190149e-006	-1	
0.0014797113953197868	-0.039156850038208173	3.691198205718179e-006	-1	
0.00095159239130434799	-0.03949739809113334	1.4190756088574217e-006	-1	
0.00079675163043478267	-0.03949739809113334	9.9433149912636416e-007	-1	
0.0011064331521739132	-0.039312898951079311	1.9939077122229066e-006	-1	
0.0040484076086956533	-0.03949739809113334	2.6304348924809111e-005	-1	
0.0049795623646929068	-0.039689793053422184	3.5406337898631329e-005	-1	
0.0051176375232499412	-0.039615035614383266	3.7601276422272334e-005	-1	
0.0049039433606023084	-0.039652030592751374	3.5509630014822499e-005	-1	
0.0048164123677339682	-0.039646215237402797	3.4683122239936855e-005	-1	
0.0047451910326086963	-0.039594999863799538	3.4675588231917198e-005	-1	
0.0046056144509111869	-0.039626208942328267	3.2355957291198091e-005	-1	
0.0044355095108695661	-0.039650855701026909	2.9883387681489818e-005	-1	
0.0043580891304347835	-0.03949739809113334	3.0501826299518115e-005	-1	
0.0054991795017480371	-0.039397572487918565	4.0589288061359075e-005	-1	
0.0051924089314911819	-0.039476963010748871	4.0389217088048895e-005	-1	
0.005294595577294843	-0.039378616975687418	4.1805002212318677e-005	-1	
0.0055547471031297691	-0.039199769213766451	4.3072737049646098e-005	-1	
0.0077384881981714783	-0.037126199848087162	4.3030768006825717e-005	-1	
0.0062260572201165501	-0.037837707013970212	5.0344478945793064e-005	-1	
0.0057548335608139352	-0.038471745296480085	4.9518275347290008e-005	-1	
0.0055754030026108747	-0.038796996451243113	4.7731401009683638e-005	-1	
0.0065900839197520263	-0.036850061302519055	5.1767606853201819e-005	-1	
0.019785801846338328	-0.043298936073369564	1.9008038192280912e-006	-1	
0.014638282025971087	-0.037600066195146602	1.5025159767250945e-005	-1	
0.019405852145937715	-0.041630351380189362	2.9419396347350032e-006	-1	
0.019452620920386604	-0.039851229691068898	3.1486511675838662e-006	-1	
0.018512708559738082	-0.038695114640794309	5.4563790890188607e-006	-1	
0.016157742151263466	-0.037697608421738679	1.1106828741802475e-005	-1	
0.01714200930094685	-0.036535932160305998	8.6706297695527486e-006	-1	
0.011825899969855171	-0.035731406453976884	2.3737919832281276e-005	-1	
0.013493505479358901	-0.036272300654798383	1.8197363655478339e-005	-1	
0.010482138587558304	-0.035333104584203377	2.8788424310925713e-005	-1	
0.0090834466434562555	-0.035243662549781667	3.5996751675919668e-005	-1	
0.0074687149055667583	-0.035722072665147056	4.6404429037651643e-005	-1	
0.020799999999999999	-0.042736612228260862	0	-1	
3.0634091291635614e-020	-0.039646733051035499	0	-1	
7.1133838293346453e-005	-0.039710126617943105	7.5851730483282724e-009	-1	
0.00016002688991822268	-0.039757687727501906	3.7958206747845999e-008	-1	
0.00024389481233935814	-0.03965500096062502	9.0376548219285677e-008	-1	
0.00036181651984059445	-0.039684581190659707	1.9755467898336589e-007	-1	
0.00048525235139842385	-0.039675947996088756	3.552853167251681e-007	-1	
0.00064191086956521745	-0.03949739809113334	6.4613393139279109e-007	-1	
0.00048707010869565218	-0.03949739809113334	3.7242402030640069e-007	-1	
0.0038935668478260878	-0.039205637748559743	2.6484560635792923e-005	-1	
0.0037094060402531161	-0.038712988621029606	2.687873449754382e-005	-1	
0.0027192230138313529	-0.038115328032403216	1.5384689059271671e-005	-1	
0.0018428575726550959	-0.038155924428641103	6.8655357744748265e-006	-1	
0.0012648966757042987	-0.0384910142447	3.0626922391851926e-006	-1	
0.0010926094931458655	-0.038908551555310027	2.1040842963243913e-006	-1	
0.00087417201086956544	-0.039249099608235187	1.2591223360222457e-006	-1	
0.00071933125000000001	-0.039362988368911257	8.3463345213538882e-007	-1	
0.00086824679329302625	-0.03900496887865855	1.3079425341911888e-006	-1	
0.0042032483695652184	-0.039320516440311808	3.0081522936448405e-005	-1	
0.0049589362972928871	-0.039587843256541536	3.7413883871429798e-005	-1	
0.0050205348324934137	-0.039594187339038932	3.7712490143263061e-005	-1	
0.005096789247905591	-0.039517932923626743	3.9731034811387859e-005	-1	
0.0048682230479413693	-0.039575425785598209	3.6666931330238438e-005	-1	
0.0046677706521739137	-0.03949739809113334	3.5120614168200532e-005	-1	
0.0048226114130434788	-0.03949739809113334	3.7564553058240123e-005	-1	
0.0045129298913043486	-0.03949739809113334	3.276085434220287e-005	-1	
0.0044355095108695661	-0.039356814399813943	3.3358312765322438e-005	-1	
0.0051546227371546856	-0.03940145679214925	4.2085758391416054e-005	-1	
0.0050904490930408445	-0.039456326901779165	4.1221832855198148e-005	-1	
0.0051497165019373167	-0.039313299851106841	4.3813871804196971e-005	-1	
0.005239085818359893	-0.039194943072884833	4.5131998281964158e-005	-1	
0.0053355426878788333	-0.038972580387736488	4.7508561871737105e-005	-1	
0.0052853165804134464	-0.037919396460698571	5.7595828659259856e-005	-1	
0.005641515074000323	-0.037306325079587366	5.7801152087401664e-005	-1	
0.0054223436798380483	-0.038637377774999197	5.0622498418632631e-005	-1	
0.0053004712412216418	-0.038341241632311347	5.4395295473926803e-005	-1	
0.0052782559347675454	-0.038805139510249026	5.0018346804816237e-005	-1	
0.0057112197458674937	-0.036363942656350741	5.9925496216911473e-005	-1	
0.0061720449794733963	-0.03511957961287248	5.649413223544554e-005	-1	
0.015431406006455104	-0.036359434530547033	1.2796033546483861e-005	-1	
0.020799999999999999	-0.040487316847826083	0	-1	
0.020799999999999999	-0.038238021467391303	0	-1	
0.019385931431525404	-0.037113373777173914	3.4280578149060135e-006	-1	
0.017875204725993264	-0.03502218636451232	6.5160532531610403e-006	-1	
0.016195062890438889	-0.035100450519858224	1.0358618268051269e-005	-1	
0.019415099965838557	-0.035698739774003271	3.2033572891670066e-006	-1	
0.013124746780972498	-0.034568098063241341	1.7840131224277567e-005	-1	
0.011762354468868544	-0.033479899258506925	1.9950968027156349e-005	-1	
0.014607006739867433	-0.03513936140778938	1.4310679018758345e-005	-1	
0.0098679016995790372	-0.033957450174983542	2.8775972383134104e-005	-1	
0.007754557125752873	-0.034209115560240047	4.2023656281120276e-005	-1	
3.0694116275171689e-020	-0.0395833394841279	0	-1	
6.5084661179208309e-005	-0.039615036267581699	6.4829461404224598e-009	-1	
0.00015729422637333494	-0.039656907936275701	3.7579688548905596e-008	-1	
0.00029351915760869574	-0.039584002915564749	1.3278155429096712e-007	-1	
0.00019870107793070103	-0.039581103569493868	6.0869078674846388e-008	-1	
0.0004049125093122103	-0.039581839301833469	2.5271235662099555e-007	-1	
0.0005644904891304349	-0.039353810814344893	5.1531477757388694e-007	-1	
0.00040964972826086963	-0.039405148521106326	2.6821200198747842e-007	-1	
0.00033222934782608702	-0.03949739809113334	1.731238663912788e-007	-1	
0.0041409287704622889	-0.039013665356436515	3.1853781958624867e-005	-1	
0.0041633406431656732	-0.038428503475043757	3.676367958259838e-005	-1	
0.0034801806069368712	-0.037842828717966806	2.6867959141024459e-005	-1	
0.0022495326557036384	-0.037455462294023981	1.1183419246673713e-005	-1	
0.0011993281981283158	-0.037976497765762576	2.9412538856806761e-006	-1	
0.0012662461590418818	-0.037366407340492826	3.5368357874209314e-006	-1	
0.0009608508767861752	-0.038437100631098078	1.7718342559445637e-006	-1	
0.00088583330112340869	-0.038736638423226312	1.4283228021016699e-006	-1	
0.00065572898500301726	-0.039125264774210147	7.2769112167609134e-007	-1	
0.0006323071701527346	-0.038826276693430403	7.1779522603703723e-007	-1	
0.0044452365309874415	-0.03908740887813137	3.6659159466038121e-005	-1	
0.0049387419836956527	-0.039529304238613998	3.8607649555384779e-005	-1	
0.0049887260869565225	-0.039533555179090032	3.908945351672277e-005	-1	
0.0050288234144120073	-0.039526221505545342	3.9507435752596136e-005	-1	
0.0050361570879566935	-0.03948612417808986	4.0694441087145704e-005	-1	
0.0049000317934782614	-0.03949739809113334	3.8791442260232432e-005	-1	
0.0045903502717391312	-0.039314600322245104	3.6538970291536856e-005	-1	
0.0047830250822846988	-0.039362405729872416	3.9447020565372244e-005	-1	
0.0048844918896640043	-0.039427373171557853	4.011262311963726e-005	-1	
0.0050783376345861046	-0.039365268829292109	4.3388163078564242e-005	-1	
0.0050319610732238174	-0.039435963919937686	4.2120879159241775e-005	-1	
0.005098285763580371	-0.039241532194394212	4.5564740839158059e-005	-1	
0.0051297991946901607	-0.039100715888025432	4.7544684803014802e-005	-1	
0.0051532853479911486	-0.038930441433524643	4.9709941627172368e-005	-1	
0.0050000000000000001	-0.038230487221568132	5.8297551364473393e-005	-1	
0.0050000000000000001	-0.037608305699829002	6.2213994508998721e-005	-1	
0.0050000000000000001	-0.036986124178089871	6.4908010887044978e-005	-1	
0.0052088394043763005	-0.03859976067144439	5.2919737756512619e-005	-1	
0.0050000000000000001	-0.038541577982437694	5.5618490260586415e-005	-1	
0.0050000000000000001	-0.038852668743307256	5.2259475670819894e-005	-1	
0.0050000000000000001	-0.03574176113461161	6.7197080173837757e-005	-1	
0.0050000000000000001	-0.034497398091133349	6.6183221360192003e-005	-1	
0.0061386318537929316	-0.033839311580565912	5.3552285696608439e-005	-1	
0.020799999999999999	-0.035988726086956517	0	-1	
0.016966955351462972	-0.033597692124771456	7.4910509879242166e-006	-1	
0.019206698110952668	-0.034082335373196056	3.3516875431343914e-006	-1	
0.015351614788114032	-0.033102944077995015	1.0244669440744498e-005	-1	
0.020799999999999999	-0.033739430706521731	0	-1	
0.013891708310183586	-0.033308922176388631	1.3691272408885095e-005	-1	
0.012298557843672793	-0.031463833082484703	1.2263722417448217e-005	-1	
0.011167632552800424	-0.032168721141614433	1.7442693910225616e-005	-1	
0.013567563502129655	-0.031870630118170686	1.1155281800135155e-005	-1	
0.0097566322742418665	-0.032455008454601156	2.3262894878567602e-005	-1	
0.0066351751076602176	-0.032986432704585136	4.4932829385463936e-005	-1	
0.0076306126085604322	-0.032248705995867245	3.2694847298400782e-005	-1	
3.0754141258707771e-020	-0.039519945917220294	0	-1	
4.743100100016981e-005	-0.039544829092133513	3.4904770422012684e-009	-1	
0.00011375043392519717	-0.039565476110898848	2.0010260916380337e-008	-1	
0.00025480896739130441	-0.03949739809113334	1.0174081867391441e-007	-1	
0.00017738858695652177	-0.03949739809113334	4.9361704732587745e-008	-1	
0.00038436357474527371	-0.039269866444248673	2.4248135056243719e-007	-1	
0.00029351915760869574	-0.039373248849684267	1.3862030500014463e-007	-1	
0.0046152247009017128	-0.038716234634934343	4.4042776821626355e-005	-1	
0.0046973674654799827	-0.038386032602002913	4.8947480665601645e-005	-1	
0.0046488178672525462	-0.037919396460698564	5.0795289499279533e-005	-1	
0.0035694336408069421	-0.036928228297333915	3.0855725928707616e-005	-1	
0.0044110445317647497	-0.037297214938959433	4.7876036451934374e-005	-1	
0.0026627292329738069	-0.036758827229060174	1.6876226643595451e-005	-1	
0.0018448087402971347	-0.036744549975515392	7.9140433260616401e-006	-1	
0.00086444127417023282	-0.037830348258058775	1.5556784003727589e-006	-1	
0.00075592422572958178	-0.03817925079550713	1.1371976035793032e-006	-1	
0.00062173575339388438	-0.037214182657528516	8.4673049509576878e-007	-1	
0.0011880943668923474	-0.036256775433259655	3.3173702351912998e-006	-1	
0.00065725432792526194	-0.038493489114772676	8.2081070783344138e-007	-1	
0.00042410927533231808	-0.039042137969373038	3.0954042920693504e-007	-1	
0.00033434881090727757	-0.038792169949009546	2.0103739324174556e-007	-1	
0.0048315703259007069	-0.039062443917403031	4.520005378702586e-005	-1	
0.004977452173913044	-0.03949739809113334	4.0080447763462222e-005	-1	
0.0050000000000000001	-0.03949739809113334	4.0444183651901047e-005	-1	
0.0050000000000000001	-0.039474850265046386	4.1325009836211444e-005	-1	
0.0049525689989998309	-0.039449967090133167	4.0964432349579189e-005	-1	
0.0049125690436982198	-0.039241532194394212	4.4351220268849577e-005	-1	
0.004903434880338545	-0.039358191229720299	4.1991929649889274e-005	-1	
0.0050000000000000001	-0.039319304884611606	4.5159957283926728e-005	-1	
0.0050000000000000001	-0.039397077574828993	4.3454305848765199e-005	-1	
0.0050000000000000001	-0.039163759504176818	4.7948123271508177e-005	-1	
0.0050000000000000001	-0.039008214123742037	5.0280384076696879e-005	-1	
0.0042947209968645823	-0.036363942656350741	4.7369556427237023e-005	-1	
0.0040649287367766412	-0.035392631561218128	4.2685112994993545e-005	-1	
0.0050000000000000001	-0.033253035047655088	6.2064630121424461e-005	-1	
0.0038399032053724148	-0.033857416595761969	3.5827356691288547e-005	-1	
0.005714566055047607	-0.032630853525915958	5.1027605618789389e-005	-1	
0.016551674044005541	-0.032069177466683411	6.6916458897267673e-006	-1	
0.018132937835761455	-0.032160940450480124	4.3315735467810615e-006	-1	
0.019724407098770755	-0.032614783016304341	1.8715147453451047e-006	-1	
0.015183516737900828	-0.030764257506283289	6.5071159479240997e-006	-1	
0.020799999999999999	-0.031490135326086952	0	-1	
0.011186791962257647	-0.030729097882320967	1.1061221471983761e-005	-1	
0.012370465641312622	-0.030146522804540766	7.339445180142473e-006	-1	
0.0098045057277175492	-0.031039178819899059	1.4874003351122684e-005	-1	
0.013585389466954235	-0.029632288230025901	5.0904559961387625e-006	-1	
0.0081246254414351488	-0.031076939508206943	2.0324222190462935e-005	-1	
0.0063772498741929652	-0.032033840371004714	3.9908552785733371e-005	-1	
0.0068267022497350907	-0.031263407302261105	2.841329874158179e-005	-1	
3.077549094694375e-020	-0.03949739809113334	0	-1	
2.254782608695655e-005	-0.03949739809113334	7.9738695161325648e-010	-1	
9.9968206521739179e-005	-0.03949739809113334	1.5674060775439699e-008	-1	
0.00021609877717391308	-0.039426063606191185	7.4323459582248695e-008	-1	
0.00013867839673913047	-0.039401708478148771	3.077819078677906e-008	-1	
0.00026197728140619635	-0.039206920236410113	1.1397635502963553e-007	-1	
0.00020059071767887201	-0.039340130823790766	6.511288648256709e-008	-1	
0.0032490169051692043	-0.035967555564341183	2.6366398616826306e-005	-1	
0.0022691815376809114	-0.035868728773567914	1.2499480801745487e-005	-1	
0.0003694250667342261	-0.038078916429827685	2.741821417356259e-007	-1	
3.077549094694375e-020	-0.037608305699829002	0	-1	
3.077549094694375e-020	-0.036986124178089871	0	-1	
0.00052670153791723427	-0.036511745110006454	6.4335551674843212e-007	-1	
0.00065488094000476938	-0.035858929959982494	1.0104260761774314e-006	-1	
0.0015594619625894821	-0.035202805974985305	5.8268173930808406e-006	-1	
0.00032401089303715687	-0.038475635647496585	2.0005584787405243e-007	-1	
0.00026613279434129438	-0.039048855607475522	1.2156566966633814e-007	-1	
0.00015261408397777859	-0.03874195119421598	4.2289950106067339e-008	-1	
0.00014804637224014733	-0.038930441433524643	3.8432648207512694e-008	-1	
0.0027755705773938408	-0.034617875460933187	1.8666226058637013e-005	-1	
0.0042944850619034414	-0.032630853525915958	4.0819885525318515e-005	-1	
0.0050000000000000001	-0.032008672004176827	5.37671571458472e-005	-1	
0.0021930549442795264	-0.033400608273152263	1.0441389643436547e-005	-1	
0.0029453846838034749	-0.032267151529973427	1.6429669543954647e-005	-1	
0.0055511116591621477	-0.031697581243307266	4.4376633576292847e-005	-1	
0.018045434257277063	-0.030856386015233814	3.3985219025824052e-006	-1	
0.01701009967712552	-0.03005788651121967	3.667343929932632e-006	-1	
0.019200655551951756	-0.031434110913326312	2.24646725741262e-006	-1	
0.015746765958001337	-0.029505908567111903	3.8058821841912198e-006	-1	
0.020799999999999999	-0.029240839945652169	0	-1	
0.018964854736730263	-0.029926770431925064	1.8669075107306521e-006	-1	
0.011299311368530488	-0.029463935127523041	4.5968418488121216e-006	-1	
0.011860621223374248	-0.028102289579255452	-5.6218616231992867e-007	-1	
0.0091564418321756179	-0.029779465118559202	6.7657356337805953e-006	-1	
0.013338824515203695	-0.027703161274291573	-1.2284206512068664e-007	-1	
0.015353621273979746	-0.028184496824284134	1.7123374158562463e-006	-1	
0.0071591488506224602	-0.030468132916409991	1.7085927853199116e-005	-1	
0.0076762609225273504	-0.030027292057008551	1.0329404674883195e-005	-1	
0.006034483175032134	-0.030923744191356749	2.9991252537309564e-005	-1	
0.0064402763896502617	-0.030492915805948439	2.0500357070638367e-005	-1	
3.077549094694375e-020	-0.039474850265046386	0	-1	
4.7431001000169803e-005	-0.039449967090133167	3.5683504499564801e-009	-1	
6.9917031132451612e-005	-0.039382089076134712	7.8673578488308275e-009	-1	
0.0001357588597484463	-0.039281634899166321	3.0243138884980214e-008	-1	
0.00013817160890082069	-0.039141740645176178	3.2154298724914838e-008	-1	
3.077549094694375e-020	-0.038230487221568132	0	-1	
3.077549094694375e-020	-0.03574176113461161	0	-1	
0.00044924054084954999	-0.03511957961287248	4.7379539613919017e-007	-1	
0.001076923809200518	-0.034193090789943238	2.6047546845447192e-006	-1	
3.077549094694375e-020	-0.038541577982437694	0	-1	
3.077549094694375e-020	-0.038852668743307256	0	-1	
3.077549094694375e-020	-0.039008214123742037	0	-1	
0.0036147544675822914	-0.031811198953700971	2.3469203573079203e-005	-1	
0.0044122306367050971	-0.031697581243307266	3.6830047620169138e-005	-1	
0.0050000000000000001	-0.031386490482437697	4.7207869438155745e-005	-1	
0.0021678595977501023	-0.032040428351177597	7.9613364375974677e-006	-1	
0.0010750482368336808	-0.032630853525915958	2.1730170002667354e-006	-1	
0.0025257282966344662	-0.031574448725046347	9.6095689744659314e-006	-1	
0.0030001757009706655	-0.031227884621121482	1.2494121161261108e-005	-1	
0.00546128456736545	-0.031071136819641278	3.7503028971216054e-005	-1	
0.017616276093146355	-0.02850564608431529	1.7518794048055139e-006	-1	
0.019573779362276496	-0.028758045235372783	8.3344466903704379e-007	-1	
0.020799999999999999	-0.026991544565217386	0	-1	
0.010311345302903875	-0.028665674226510011	-1.6262588632976226e-007	-1	
0.01083930804669544	-0.026808234891982266	-7.4794864105903936e-006	-1	
0.012891099961901426	-0.026238944384562105	-3.9441681220016996e-006	-1	
0.008728082374947382	-0.028925694761988523	-8.5810341410106499e-007	-1	
0.0077977169925801245	-0.029142110800322824	1.317611043768211e-007	-1	
0.014312814223825245	-0.026521750074370874	-1.5105686370711834e-006	-1	
0.015745440866757564	-0.026742728359969874	-1.4365071176477255e-007	-1	
0.017232811566305607	-0.026883963271028134	3.9273992642610041e-007	-1	
0.0070630091431981542	-0.029831649758307831	8.5651596871499085e-006	-1	
0.0067183003774360043	-0.029999084648552086	1.166789535312929e-005	-1	
0.0072828795404740361	-0.029517777835278525	4.1267054195995063e-006	-1	
0.0055563926706612117	-0.030574873584492249	2.8316969126952802e-005	-1	
0.0060485067718866539	-0.030140705561475391	1.6483148209767052e-005	-1	
0.0063181130248668727	-0.029980459366805358	1.2385498460410831e-005	-1	
3.077549094694375e-020	-0.039397077574828993	0	-1	
3.077549094694375e-020	-0.039319304884611606	0	-1	
3.077549094694375e-020	-0.039163759504176818	0	-1	
3.077549094694375e-020	-0.034497398091133349	0	-1	
3.077549094694375e-020	-0.033253035047655088	0	-1	
0.0042063318766001386	-0.031264469227443449	2.8637992591709181e-005	-1	
0.0035643046949999468	-0.030973362891575883	1.6675621793782779e-005	-1	
0.0046470506527447877	-0.031075399721568132	3.5024014426845368e-005	-1	
0.0050000000000000001	-0.031075399721568132	4.3161595512275223e-005	-1	
0.0017867965906269534	-0.031033446771527265	3.8391388511149786e-006	-1	
0.00094310287637579845	-0.031210289399030037	1.0837487998895169e-006	-1	
3.077549094694375e-020	-0.032008672004176827	0	-1	
0.0024266456646083881	-0.030995320371707137	7.0021072759102543e-006	-1	
0.0029403073322598898	-0.030611898735614936	8.4030757130982316e-006	-1	
0.0052504300440481197	-0.030887973999339943	3.7144453214121989e-005	-1	
0.018997247500455484	-0.027573005659258132	6.5801300733822455e-007	-1	
0.019820173010313018	-0.025866896875	4.7804292234236906e-008	-1	
0.020799999999999999	-0.024742249184782607	0	-1	
0.0090750750127027921	-0.027411634240013624	-1.0923816583068291e-005	-1	
0.011177772864019228	-0.0249746453689784	-1.0347645553341661e-005	-1	
0.0092652931348877841	-0.025808691982026569	-1.7312271855992514e-005	-1	
0.012896499713590049	-0.024466992558897158	-5.7957025659276545e-006	-1	
0.0080903024128131558	-0.028214602386656205	-8.8942491703084925e-006	-1	
0.0071606050963320504	-0.029158595790546651	-1.0148874317853127e-006	-1	
0.0072253766982746208	-0.028659328812546674	-7.4676564158057491e-006	-1	
0.015179667507043049	-0.025359934303209063	-1.6545081275180106e-006	-1	
0.016409697420311575	-0.024463106413322309	-1.2007773760856493e-006	-1	
0.018212583909507193	-0.025462169878568853	-1.429587147394897e-007	-1	
0.0067574389998102495	-0.029600380514493908	5.1647141934119884e-006	-1	
0.0064541654817719726	-0.029697871144258228	7.0082554432764891e-006	-1	
0.0068036070988273236	-0.029287107310363415	2.4389071227757723e-007	-1	
0.0052574862911689722	-0.030608763580263782	3.2281003448171102e-005	-1	
0.0055268278809993436	-0.030110887268112108	1.9027959390489896e-005	-1	
0.0052683599202746258	-0.030209915349511177	2.3888278424495467e-005	-1	
0.005636223976174878	-0.029819674578271903	1.120836252784776e-005	-1	
0.0061367302973724773	-0.029724594791846349	7.7401437950856261e-006	-1	
0.0042439974230677217	-0.03078638803736412	2.3740792801252754e-005	-1	
0.0035744229282337944	-0.030268494519429742	9.9048462017986655e-006	-1	
0.004072238936425149	-0.030321115341167781	1.5053271283540928e-005	-1	
0.0050000000000000001	-0.030764308960698566	3.8398510183133608e-005	-1	
0.0047070624420438578	-0.030608763580263786	2.9153080427838143e-005	-1	
0.0010648002356729094	-0.030537217193740539	9.7228892799659986e-007	-1	
0.0016921656330270802	-0.030176628599315261	1.7573901367085745e-006	-1	
0.0023274685743732066	-0.030362055526156218	4.0887798770894334e-006	-1	
3.077549094694375e-020	-0.030764308960698566	0	-1	
0.00042060466867513191	-0.030307329150872774	1.2484772758144796e-007	-1	
0.0029023434857132465	-0.030034165592195902	4.4149500566723377e-006	-1	
0.019570989597081048	-0.024396250424149068	-1.3295329386147726e-007	-1	
0.020799999999999999	-0.022492953804347821	0	-1	
0.019632163976809894	-0.023120931088410866	-1.5566660865827509e-007	-1	
0.0078084499074223112	-0.02751260829950037	-1.6570616705144294e-005	-1	
0.0081159352653169068	-0.026279730498298463	-2.2403185406772365e-005	-1	
0.010982059999888182	-0.023698605306497287	-1.1288485909162629e-005	-1	
0.0091301798753228112	-0.024573926739866803	-2.0137251646725336e-005	-1	
0.0081976283298268622	-0.02517387495311953	-2.5746269001876476e-005	-1	
0.014958191342611343	-0.024004408301255789	-2.5518283580820839e-006	-1	
0.012017927678732016	-0.022928176907377765	-7.2958379785974115e-006	-1	
0.013966250191961372	-0.023054379255894545	-3.660411591292419e-006	-1	
0.0071660140058704205	-0.027911998641889948	-1.6651205934978977e-005	-1	
0.0068304654609066462	-0.02897159150698829	-4.651310968050494e-006	-1	
0.0067392583719347639	-0.028528363746456602	-1.161617185429321e-005	-1	
0.017305286088164801	-0.022996814465616289	-7.9197583962736609e-007	-1	
0.015918392408837571	-0.023022310370395128	-1.5538090100465166e-006	-1	
0.01846728148190491	-0.02375437028787963	-3.9080760197674267e-007	-1	
0.0065017845864143572	-0.029382892302892313	1.297560547273421e-006	-1	
0.0061762600251881435	-0.029301075059520641	-7.4654081366923649e-007	-1	
0.0064393193813425823	-0.029053106918998789	-4.6846829925789974e-006	-1	
0.0050000000000000001	-0.030453218199829001	3.2727932583770048e-005	-1	
0.0053279860800723488	-0.029777701542047352	1.1746068779311399e-005	-1	
0.0051738570777385825	-0.029949758742100596	1.8287071524885542e-005	-1	
0.0050000000000000001	-0.030142127438959436	2.5903740956802275e-005	-1	
0.0054734027323600221	-0.029554605570415074	4.3256824773280302e-006	-1	
0.0058361551881711158	-0.029423619432756922	1.1775699538641154e-006	-1	
0.0034471979618958589	-0.02983833291250932	4.776015972601271e-006	-1	
0.0038935668478260878	-0.029882830303460423	7.1992283698083315e-006	-1	
0.0042644027150283339	-0.029927811408953186	1.0395439805094952e-005	-1	
0.0044538834213130032	-0.030106726936497186	1.5912116171404547e-005	-1	
0.0048220812089364981	-0.030297672819394217	2.5590617329364091e-005	-1	
0.0009515923913043481	-0.029862665175904565	3.5490239719051983e-007	-1	
0.0012612739130434785	-0.029497398091133352	1.8292752307583764e-007	-1	
0.0018806369565217396	-0.029497398091133352	2.8654263881172397e-007	-1	
0.0025000000000000005	-0.029497398091133352	7.4294530473772751e-007	-1	
3.077549094694375e-020	-0.030142127438959436	0	-1	
0.00048707010869565229	-0.029746296206312448	7.0326982641366829e-008	-1	
0.0001684296740992884	-0.029932352264863665	1.1996355460484927e-008	-1	
0.0031193630434782614	-0.029497398091133352	9.6068831039800693e-007	-1	
0.020799999999999999	-0.020243658423913041	0	-1	
0.019624625418831202	-0.021368306114130431	-4.2667948325571657e-008	-1	
0.018568205666240636	-0.022329609940121314	-2.9574412600673207e-007	-1	
0.0071622328495507745	-0.027119365311879851	-2.4292599626780348e-005	-1	
0.0071635004858060384	-0.025574087204072525	-3.3341136984407675e-005	-1	
0.0099493538234360183	-0.022923944271359506	-1.4355794208531503e-005	-1	
0.0081074061762281789	-0.022950720540597991	-2.4715780815982851e-005	-1	
0.0073661045817127371	-0.023819670309082847	-3.2520013266805718e-005	-1	
0.010921827146447899	-0.021173873816931792	-5.6688183231351292e-006	-1	
0.013119795573188729	-0.021177490512506503	-2.4905264605441145e-006	-1	
0.015169835426093842	-0.021517086104766305	-1.2724981241273102e-006	-1	
0.0067148496959662943	-0.027773681907172078	-2.1491936415635542e-005	-1	
0.0064631780996407965	-0.028172858761758183	-1.8376096354789255e-005	-1	
0.0064623065652401135	-0.028816352834309156	-8.653153956186148e-006	-1	
0.0063477073241966662	-0.028607911184936895	-1.2710046861272526e-005	-1	
0.016664145988572219	-0.021766748007406526	-6.8725566219880664e-007	-1	
0.0061082125030319737	-0.028946028642410627	-8.1933514945942959e-006	-1	
0.0062277473776500445	-0.028776819370536662	-1.063001909703591e-005	-1	
0.0050982857635803701	-0.029753263987872484	1.3032053146609213e-005	-1	
0.0052226923695341508	-0.029572098370934493	5.2988947804702662e-006	-1	
0.0050000000000000001	-0.029986582058524655	2.1822867011079446e-005	-1	
0.0050000000000000001	-0.029831036678089874	1.7161779900814255e-005	-1	
0.0047845027643805176	-0.030064354748742046	1.9708916734313219e-005	-1	
0.0052571797104458444	-0.029426506823767837	-6.2808691680025493e-008	-1	
0.0054632414127861097	-0.029325222133080149	-2.5567362916272208e-006	-1	
0.0057243708447677301	-0.028897584156743168	-1.159646246617269e-005	-1	
0.0037387260869565218	-0.029497398091133352	1.297885818993337e-006	-1	
0.0040484076086956533	-0.029497398091133352	1.5663397877079581e-006	-1	
0.0042488703892966297	-0.029667672117595932	5.1812671457085384e-006	-1	
0.0044898403120861054	-0.029797076586188534	9.3859123015237737e-006	-1	
0.004659458445557086	-0.029872387125864455	1.2980908662800706e-005	-1	
0.00064191086956521756	-0.029497398091133352	5.5638921274632332e-008	-1	
0.00080629907514182951	-0.029078604452286001	-1.1187858409271777e-007	-1	
0.0017053527185752931	-0.028558415848766849	-1.4991322315346657e-006	-1	
0.0021866453047866487	-0.028956845248807525	-1.3787399091148306e-006	-1	
0.0028096815217391307	-0.028909787701864153	-2.7488115521820441e-006	-1	
3.077549094694375e-020	-0.029831036678089874	0	-1	
0.00033222934782608702	-0.029497398091133352	1.4324064210036702e-008	-1	
0.00021697491771529719	-0.029632390452394318	1.0144810971759273e-008	-1	
8.7430956301782277e-005	-0.029753263987872484	2.1671043960553984e-009	-1	
0.0034290445652173916	-0.029149741936786374	-2.5694623822514873e-006	-1	
0.020799999999999999	-0.017994363043478259	0	-1	
0.019137323478434439	-0.019816251136993802	2.5084953632979779e-007	-1	
0.017934476502064981	-0.021046438604767796	-1.1151021667352731e-007	-1	
0.0064350934505278999	-0.027250612780141639	-2.9458229302141065e-005	-1	
0.0062110764069411824	-0.026279744941156431	-3.8833791320993167e-005	-1	
0.0060985395160125678	-0.02505358494593669	-4.4918149625435617e-005	-1	
0.0084456836125376081	-0.021859771352842238	-1.753129520380628e-005	-1	
0.0094396955816999275	-0.020640920241338151	-6.7820223035346325e-006	-1	
0.0074986787779652711	-0.022115739089171992	-2.5088863614822817e-005	-1	
0.0069652743017941787	-0.022939035696444125	-3.3843894763819522e-005	-1	
0.0057413548930767173	-0.023875216569394224	-4.8865277953961971e-005	-1	
0.010005255006981397	-0.019892995601755142	-1.6811995965791246e-006	-1	
0.011313393580064453	-0.019925296388309671	-8.7297235394898324e-007	-1	
0.012686621536467999	-0.019647081920242879	5.7004484421444755e-007	-1	
0.014664252130283096	-0.019913832170653133	2.9083049404777674e-007	-1	
0.016367048703299261	-0.02033695136028359	6.4623909721548839e-008	-1	
0.0062445466271875217	-0.02781235718521308	-2.5087096421590813e-005	-1	
0.0060131347424690774	-0.028164791075538133	-2.2374971536167328e-005	-1	
0.0059977135675871899	-0.028541577982437706	-1.6434561552789914e-005	-1	
0.0060220368113122254	-0.028752252587372223	-1.2464567265172943e-005	-1	
0.0050000000000000001	-0.029675491297655093	1.1615232546388309e-005	-1	
0.0050783376345861064	-0.02962952735297459	8.551488606787881e-006	-1	
0.0051410366744521659	-0.029475875577021825	1.4977523216002338e-006	-1	
0.0051008188542600282	-0.029539336733575988	4.3824737451540032e-006	-1	
0.0048464467317062753	-0.02982855327028756	1.4276934593860613e-005	-1	
0.0049041775555207232	-0.029686244010224475	1.0327133322252284e-005	-1	
0.0052494283918967958	-0.029241532194394224	-6.5514346597843425e-006	-1	
0.005133560053521502	-0.029401116687305228	-1.7852884680678513e-006	-1	
0.0053766653353355563	-0.029022100688819892	-1.158454494223773e-005	-1	
0.0058199264679843141	-0.028688012269272936	-1.5200783281096056e-005	-1	
0.0053675144946711681	-0.028802415709000953	-1.7178706976635102e-005	-1	
0.0055896044053315407	-0.028686280044830838	-1.7407560802082206e-005	-1	
0.0038935668478260878	-0.02918115046304914	-3.3254485128596141e-006	-1	
0.0043580891304347835	-0.029497398091133352	1.7943571827929944e-006	-1	
0.00421103672670416	-0.029333469534411526	-1.5244844288262375e-006	-1	
0.0044355095108695661	-0.029589647661160366	4.1074840448462454e-006	-1	
0.0046404505853552243	-0.02968777756533466	7.7009329312509517e-006	-1	
0.0045516400815217399	-0.029621547332582428	5.3404690374902281e-006	-1	
0.0047490181980274311	-0.029709841626616065	9.2695908435565067e-006	-1	
0.00043302083199596268	-0.029329751714396578	2.7642102947378938e-009	-1	
0.0010366059336779779	-0.028439627365941168	-6.598726202076313e-007	-1	
0.00025410873068266467	-0.029008214123742045	-1.2609060243292388e-008	-1	
0.00036508598776534984	-0.028541577982437706	-7.4542967155791985e-008	-1	
0.0024609638132051729	-0.028440798280114241	-4.1618278190423583e-006	-1	
0.0015017456484170077	-0.027762842850589636	-2.2975658316768976e-006	-1	
0.0036780708836410885	-0.02863836324212822	-9.1524485044655679e-006	-1	
0.0029885496476818691	-0.028189385660665624	-8.1739445967630007e-006	-1	
3.077549094694375e-020	-0.029675491297655093	0	-1	
0.00025480896739130441	-0.02941040382055795	4.7712719754470212e-009	-1	
0.0001773885869565218	-0.029497398091133352	3.8962913265515555e-009	-1	
0.00011550811033600797	-0.029567423010708846	2.2890671335473583e-009	-1	
9.6565119661446396e-005	-0.029636604952546396	1.9503330932099705e-009	-1	
0.020799999999999999	-0.015745067663043476	0	-1	
0.019047813223079045	-0.018101853832264463	6.1647560121475965e-007	-1	
0.019499810287326742	-0.016608160199334799	6.6297455885853224e-007	-1	
0.017587984243803319	-0.019076847228220211	7.5703291745071194e-007	-1	
0.005843600421126173	-0.027205881754182686	-3.6073343937104523e-005	-1	
0.0050000000000000001	-0.025741761134611615	-5.5559835717719794e-005	-1	
0.0050000000000000001	-0.026986124178089876	-4.8393661993068025e-005	-1	
0.0050000000000000001	-0.024497398091133354	-5.7922839844482748e-005	-1	
0.008526444399352729	-0.02085357255842292	-1.0422568464800671e-005	-1	
0.008862693458753958	-0.019901787452093943	-2.6047580899699403e-006	-1	
0.0065183096882837546	-0.02208089534163821	-3.2976651738935482e-005	-1	
0.0069480395108419881	-0.020800348412026839	-1.6876790902689189e-005	-1	
0.0059977135675871899	-0.022941944286785528	-4.3417037822560392e-005	-1	
0.0050000000000000001	-0.023253035047655093	-5.6026436879622223e-005	-1	
0.0093593953176828344	-0.018950451464932135	4.0700889905147405e-006	-1	
0.010529326175895935	-0.018877676145607071	3.4881798739632989e-006	-1	
0.01187675933928836	-0.018503717790986883	3.9404975068937094e-006	-1	
0.013132252448029213	-0.018318710209782634	3.3598553283000042e-006	-1	
0.015153412898734699	-0.017979174525410643	2.5071786288545172e-006	-1	
0.016346132265126614	-0.018582497450850999	1.4152015977369754e-006	-1	
0.0058297792086424863	-0.02773666639348725	-3.0289132041829118e-005	-1	
0.0057373163184228195	-0.028193131736200396	-2.4748146576418301e-005	-1	
0.0057862990631476199	-0.028466041404056553	-1.9660443339494078e-005	-1	
0.0056318732506193455	-0.027934175453379111	-2.9794548018807284e-005	-1	
0.0050000000000000001	-0.029597718607437699	8.2566757750667258e-006	-1	
0.0049102282215531829	-0.02959001017452129	6.5099068223284901e-006	-1	
0.0050319610732238217	-0.029558832262329006	5.8043653053049612e-006	-1	
0.0050659113395962055	-0.029476863258639942	1.27975396886703e-006	-1	
0.0050361570879566961	-0.029508672004176829	3.0221427597430999e-006	-1	
0.0048379329051806827	-0.029616178269702378	6.8913043703945098e-006	-1	
0.005147262369603705	-0.029130330558669603	-1.1280357917939287e-005	-1	
0.0050845146195021259	-0.029267685645055993	-7.5577237347453691e-006	-1	
0.0050443150430558494	-0.029358191229720308	-4.5856014763018788e-006	-1	
0.005035733770064557	-0.029416520747383351	-2.0450070815070619e-006	-1	
0.0051887558806043444	-0.028930441433524655	-1.6394116661802701e-005	-1	
0.0053584097054013959	-0.028589530721145468	-2.1991663062765619e-005	-1	
0.005174489237024218	-0.028697123362872487	-2.2230543065047185e-005	-1	
0.0055681884997408259	-0.028412846954239575	-2.2915507842221201e-005	-1	
0.0041900203280294587	-0.028919369014605435	-8.9915726182703772e-006	-1	
0.0040292030644724468	-0.02860550382463458	-1.2348494031028867e-005	-1	
0.0045129298913043486	-0.029497398091133352	1.8926689744578071e-006	-1	
0.004425198398019076	-0.029384770213660996	-9.0552953654461439e-007	-1	
0.0044920455516328523	-0.029174702046117801	-6.1518504839912263e-006	-1	
0.0046290604619565225	-0.029577577681439374	4.3717936665445455e-006	-1	
0.0047689422732507102	-0.029582241936949569	5.1643340074986695e-006	-1	
0.0045903502717391312	-0.029497398091133352	1.9692418008244093e-006	-1	
0.00013575885974849216	-0.029281634899166339	-1.2797255957277481e-010	-1	
0.00068139977767626948	-0.027800590523441505	-4.6239368170585327e-007	-1	
3.077549094694375e-020	-0.028852668743307264	0	-1	
3.077549094694375e-020	-0.029163759504176833	0	-1	
3.077549094694375e-020	-0.028230487221568137	0	-1	
0.0023215982104261238	-0.027469069504706824	-6.6830488822410972e-006	-1	
0.0010578732161256967	-0.027049347217416184	-1.4567946529537397e-006	-1	
0.0038110550567811443	-0.028166907771592888	-1.5318473572157788e-005	-1	
0.0036416705300161582	-0.027232166102158398	-2.0354651055119821e-005	-1	
3.077549094694375e-020	-0.029597718607437699	0	-1	
0.00013867839673913047	-0.029401708478148804	1.4038093056309842e-009	-1	
9.9968206521739179e-005	-0.029497398091133352	1.2659547008102935e-009	-1	
4.7431001000175366e-005	-0.029544829092133528	3.5701616607372531e-010	-1	
0.020799999999999999	-0.013495772282608693	0	-1	
0.019411021752736155	-0.014449634376097522	8.2063519144080007e-007	-1	
0.017341287250910418	-0.017690172065356516	1.4917585286633282e-006	-1	
0.018251245300787582	-0.015671940412355465	1.4952864471833386e-006	-1	
0.0055305563468099721	-0.027634748594555905	-3.5085834651951361e-005	-1	
0.004294995389741236	-0.026363942656350746	-3.6198236963917653e-005	-1	
0.0038811155508968547	-0.025008546402176507	-3.1904702289162559e-005	-1	
0.0050000000000000001	-0.027608305699829007	-4.2375029290164566e-005	-1	
0.0044096435166081265	-0.027297214938959442	-3.252620648035848e-005	-1	
0.0043593816864874908	-0.023875216569394224	-4.1670588337286677e-005	-1	
0.0078155675584820512	-0.020136904967630927	-6.2786887839345969e-006	-1	
0.0083365829780536541	-0.018966394134163015	5.3721180532396493e-006	-1	
0.0055408804269773638	-0.022319762765046394	-4.4859478268835592e-005	-1	
0.0055879893623506059	-0.021697581243307271	-3.8902360543991426e-005	-1	
0.0058011355234730546	-0.02079927806448232	-2.5798261590861558e-005	-1	
0.0068158628352378223	-0.019728594612944662	-3.2315924993672325e-006	-1	
0.0062301536630388664	-0.019993647235044407	-9.1376430135244968e-006	-1	
0.0050000000000000001	-0.022630853525915963	-5.3228002523807192e-005	-1	
0.0041131317966571395	-0.023016809520634854	-3.4539513054456737e-005	-1	
0.0099671561702367809	-0.018127635570030474	7.953129673395487e-006	-1	
0.0092389391167719929	-0.017934631818310724	1.0842322975273479e-005	-1	
0.010493067177680686	-0.017941043205057513	7.7689650740806551e-006	-1	
0.011143793605270257	-0.018104381612851259	6.0308173239568467e-006	-1	
0.011500648691554309	-0.01775856751683157	6.6150779965597403e-006	-1	
0.012174465591887739	-0.017486162860137312	6.2660780975557016e-006	-1	
0.013319812659287838	-0.017063595904887881	5.3557494503921947e-006	-1	
0.016308148143146468	-0.016732909824581206	2.5784274688010842e-006	-1	
0.01479443571879872	-0.015961376360889928	4.4942583077599164e-006	-1	
0.0054560588800567052	-0.028151582684317011	-2.8656937289131161e-005	-1	
0.0052841888549786543	-0.027832800652740096	-3.5632228694092445e-005	-1	
0.0050000000000000001	-0.029519945917220309	4.0670100808989852e-006	-1	
0.0049525689989998248	-0.029544829092133528	4.8522842889285089e-006	-1	
0.004919386888586957	-0.029528771375882844	3.7959502005055846e-006	-1	
0.0048613216032608701	-0.029542936541316709	4.1276412259889118e-006	-1	
0.0050233514153223083	-0.029486124178089872	1.628654089130529e-006	-1	
0.0050237842325801078	-0.029455407092492045	-1.8431874476664115e-007	-1	
0.0050000000000000001	-0.029497398091133352	2.3697281136026751e-006	-1	
0.0050000000000000001	-0.029163759504176833	-1.2594030940593879e-005	-1	
0.0050000000000000001	-0.029008214123742045	-1.7271322056977848e-005	-1	
0.0050000000000000001	-0.029241532194394224	-9.9282141765544151e-006	-1	
0.0050000000000000001	-0.029319304884611611	-6.980420207078206e-006	-1	
0.0050000000000000001	-0.029397077574829001	-3.6087137677475518e-006	-1	
0.0050000000000000001	-0.029435963919937698	-1.6550156377022726e-006	-1	
0.0050000000000000001	-0.028852668743307264	-2.1366764783793984e-005	-1	
0.0052952319344109367	-0.028386032602002918	-2.6834176408503545e-005	-1	
0.0050000000000000001	-0.028541577982437706	-2.8196589200789923e-005	-1	
0.0043818617408089584	-0.028603178370273312	-1.6337127202913604e-005	-1	
0.0045854429085945255	-0.02891194099648229	-1.3003066288920978e-005	-1	
0.0043008134292861992	-0.028176488354280559	-2.1393338823871507e-005	-1	
0.0045516400815217399	-0.029419428448651249	-1.9428410065833657e-007	-1	
0.0045436562414666523	-0.029328588082112111	-2.6281724370691937e-006	-1	
0.0046219714410345681	-0.029271984308850203	-4.538273748086213e-006	-1	
0.0046683227636318807	-0.029116433255261219	-9.1431226477157482e-006	-1	
0.0046677706521739137	-0.029497398091133352	2.0079286566631536e-006	-1	
0.0047451910326086963	-0.029497398091133352	2.1143405003288662e-006	-1	
0.0048226114130434788	-0.029497398091133352	2.1831302081582116e-006	-1	
0.004638611108180573	-0.029423141196604205	-2.4479755175126013e-007	-1	
3.077549094694375e-020	-0.029319304884611611	0	-1	
6.991703113245435e-005	-0.029382089076134713	2.6784832544231792e-010	-1	
3.077549094694375e-020	-0.026986124178089876	0	-1	
0.0014405848869078505	-0.02630126264214883	-3.3873361988731766e-006	-1	
0.0031324185685470077	-0.026169041588715466	-1.7819629574071088e-005	-1	
0.00059613460502996938	-0.026341189142534541	-5.5292972281598364e-007	-1	
0.0042365773205284216	-0.027722165867369107	-2.5402587992921431e-005	-1	
3.077549094694375e-020	-0.029519945917220309	0	-1	
4.7431001000175366e-005	-0.029449967090133176	2.1600235111668093e-010	-1	
2.254782608695655e-005	-0.029497398091133352	6.461065626503433e-011	-1	
0.020799999999999999	-0.01124647690217391	0	-1	
0.02006784179259229	-0.012371124592391303	3.3615675418626264e-007	-1	
0.018824598172610015	-0.012876330856365885	1.0073470503475074e-006	-1	
0.017750018832443207	-0.014166468764581356	1.891282700574107e-006	-1	
0.016061451150253567	-0.015346234661717521	3.2688219368412285e-006	-1	
0.003389813267569093	-0.02368883096283355	-2.3476215947219945e-005	-1	
0.0024312529056193443	-0.025221445680917918	-1.1353600186614229e-005	-1	
0.0046508662207377432	-0.027919396460698572	-3.0810533019654359e-005	-1	
0.0050000000000000001	-0.028230487221568137	-3.3853907581130362e-005	-1	
0.0072250883027564468	-0.019232769398162177	3.6599403431574179e-006	-1	
0.0074329744456620161	-0.018399894880242289	1.2984622869117698e-005	-1	
0.0079150771952874541	-0.017986719361803145	1.5081549002619954e-005	-1	
0.0050000000000000001	-0.022008672004176829	-4.9178233524072308e-005	-1	
0.0053526192161080189	-0.021075399721568137	-3.4595510869033847e-005	-1	
0.0050000000000000001	-0.021386490482437702	-4.3270972732727318e-005	-1	
0.0054928486941807388	-0.020354471451803028	-2.1008881729195454e-005	-1	
0.0052945805678154458	-0.020608763580263791	-2.8193284178176626e-005	-1	
0.0063236826349673961	-0.019314992415970688	3.4103608191775879e-006	-1	
0.0057112053270576366	-0.019876038608920871	-9.2218122457437769e-006	-1	
0.0058700132850987297	-0.019601935513834167	-2.2669057172346495e-006	-1	
0.0043951939218121096	-0.022143437510967926	-3.6214185821045701e-005	-1	
0.003740474283521966	-0.022178081860651892	-2.4672346317217762e-005	-1	
0.0028682962858112698	-0.022850485836387931	-1.504201821734198e-005	-1	
0.0098462934856559971	-0.017582850006810601	1.0933096387300963e-005	-1	
0.010258169259369027	-0.017651494330091552	9.5235217889665826e-006	-1	
0.0086999999999999994	-0.017299999999999999	1.6687292160020116e-005	-1	
0.009538726086956521	-0.017299999999999999	1.3267336269730164e-005	-1	
0.010512643782162857	-0.017568709564919863	9.2420391464884755e-006	-1	
0.010746520141806886	-0.017667589044370848	8.3401821040106121e-006	-1	
0.011065174232950366	-0.017519203907407927	8.1923487287816565e-006	-1	
0.011483116448024286	-0.017261953419116335	8.076373282416374e-006	-1	
0.012137270674481594	-0.016760318489570991	7.8457782700339038e-006	-1	
0.012954688595716232	-0.016030163088694101	7.2766739940739727e-006	-1	
0.014748701020912811	-0.014254760996999839	4.9300573578763113e-006	-1	
0.013042364841045772	-0.014199583971589042	7.8154432703546944e-006	-1	
0.004977452173913044	-0.029497398091133352	2.3403282733630216e-006	-1	
0.0049387419836956527	-0.029497398091133352	2.2727046842489022e-006	-1	
0.0049000317934782614	-0.029497398091133352	2.25669739299608e-006	-1	
0.0048613216032608701	-0.029497398091133352	2.2130750521699222e-006	-1	
0.0050000000000000001	-0.029474850265046391	6.3662414911082908e-007	-1	
0.0049274390577965475	-0.029115856045883758	-1.2722172683313413e-005	-1	
0.0049222082189181527	-0.029202645849285523	-9.87351541696873e-006	-1	
0.0048616912990751921	-0.029049641174605189	-1.3536106275876924e-005	-1	
0.004860650628785974	-0.028911909606391027	-1.7139211229767865e-005	-1	
0.0049346054524813249	-0.029288727308612018	-7.0352558877728853e-006	-1	
0.0049542573903869017	-0.029358191229720308	-4.5802710903763587e-006	-1	
0.0049684771491515806	-0.029416520747383351	-2.1449005783009904e-006	-1	
0.0049609001381219937	-0.029458298229255345	8.3676670919591996e-008	-1	
0.0048516067495402273	-0.028697123362872487	-2.1845237583074076e-005	-1	
0.0046812400408620166	-0.028386032602002918	-2.4648651127998851e-005	-1	
0.0047698587437429874	-0.029033089475705175	-1.2614358788899568e-005	-1	
0.0046755231637685361	-0.029352417328332703	-2.4783192360434718e-006	-1	
0.0047185932002871758	-0.029270762314668866	-5.2768609173067621e-006	-1	
0.0047633731105840163	-0.029188486524899381	-8.1672836947219686e-006	-1	
0.0047175595003289203	-0.029434609272650503	-1.8953433859291681e-008	-1	
0.0047840771294847756	-0.029451382534530186	4.4825737937211342e-007	-1	
0.0048419665081521745	-0.029467230004245702	9.6252500022318021e-007	-1	
3.077549094694375e-020	-0.029397077574829001	0	-1	
3.077549094694375e-020	-0.025741761134611615	0	-1	
0.00097337882200941974	-0.02536987394439303	-1.7210929607878836e-006	-1	
3.077549094694375e-020	-0.029497398091133352	0	-1	
3.077549094694375e-020	-0.029474850265046391	0	-1	
0.019439531521580469	-0.01066618329601352	2.7634714054234091e-007	-1	
0.020799999999999999	-0.0089971815217391293	0	-1	
0.018142635236970173	-0.01137729171045382	8.7354460626714848e-007	-1	
0.017155333921767425	-0.012695407001148155	1.9742717927760639e-006	-1	
0.016195123627652915	-0.013850282495207087	3.1162895057802661e-006	-1	
0.0020692304156265055	-0.023928952984310869	-8.0635011675897607e-006	-1	
0.0065291980850626504	-0.018819093615615321	1.1141990050405945e-005	-1	
0.0068876328028157022	-0.018496892619273609	1.4113118150981546e-005	-1	
0.0073882067755088269	-0.01785980684977255	1.876246869958415e-005	-1	
0.0070891804655978663	-0.017980961801792667	1.921586666096251e-005	-1	
0.0075537065143440078	-0.017582850006810601	2.0324673615769729e-005	-1	
0.0078612739130434778	-0.017299999999999999	2.0817714023254707e-005	-1	
0.0045474549684671167	-0.021542797262811678	-3.4552066035870318e-005	-1	
0.0050000000000000001	-0.020764308960698571	-3.5013804154894473e-005	-1	
0.004651225646384669	-0.021075399721568137	-3.1684013648358936e-005	-1	
0.0051754394128325108	-0.020297672819394225	-2.3776087810709639e-005	-1	
0.005438177853259704	-0.02003668876554952	-1.4793452853453513e-005	-1	
0.0050000000000000001	-0.020453218199829006	-2.9536636668798766e-005	-1	
0.0056362239761747783	-0.019175121603994788	8.243661538949626e-006	-1	
0.0060485067718865108	-0.018854090620791457	1.2971274632244201e-005	-1	
0.0054517597574393842	-0.019694268229929264	-5.5666807170159859e-006	-1	
0.0054734027323600941	-0.019440190611851635	1.7668726760152004e-006	-1	
0.0040739379962077766	-0.021613582092671783	-2.6442190888423695e-005	-1	
0.0032037503728266472	-0.021801537733867626	-1.5730153646775404e-005	-1	
0.0023370183758540265	-0.021589564728377558	-7.4099250738880859e-006	-1	
0.0016535372676888412	-0.022271413791947189	-4.4063516812063747e-006	-1	
0.010099035559562706	-0.017413664201786666	1.0956747057944792e-005	-1	
0.0099580891304347809	-0.017299999999999999	1.1851419221248865e-005	-1	
0.010380193835540568	-0.01749584756938987	9.8545626823014899e-006	-1	
0.010270107317515702	-0.017454077527173317	1.0311737038767254e-005	-1	
0.0090743665819283999	-0.016569838335898028	1.8542805633641602e-005	-1	
0.0084802462216208019	-0.016581377693546399	2.157075089039172e-005	-1	
0.0096410843153847924	-0.016748564858532513	1.523814213008082e-005	-1	
0.0098865547120292694	-0.017070059825818353	1.3030744398433811e-005	-1	
0.010610288245538018	-0.017453308449132201	9.4366225359955243e-006	-1	
0.01051762328731223	-0.01741762328731224	9.8010957419503394e-006	-1	
0.010756856017246049	-0.017350389048645765	9.4427943828881528e-006	-1	
0.011000343965005195	-0.017173725087460685	9.412109747489297e-006	-1	
0.011313936868289902	-0.016801267214994642	9.6301445097967183e-006	-1	
0.011859873993328081	-0.016081931358733988	9.6593009180449632e-006	-1	
0.011738501506737142	-0.014971677526598302	1.0992926245195893e-005	-1	
0.015642473125865315	-0.012414169843023615	2.9114042251345763e-006	-1	
0.014148078826499308	-0.012047253224552985	4.2013057012856366e-006	-1	
0.012303293037935257	-0.012931297536773176	8.3718697779992966e-006	-1	
0.011713434615300427	-0.01357610817735851	1.0696873723542513e-005	-1	
0.004919386888586957	-0.029460663946322092	4.7167824204943382e-007	-1	
0.0048774294274146271	-0.029462022842781699	6.7706250024179441e-007	-1	
0.0048443038593390803	-0.029141319164846805	-1.0614866561719914e-005	-1	
0.0048413303890687759	-0.029240421182688135	-7.4390605162267304e-006	-1	
0.0048780788469917156	-0.029333629177960691	-4.5972549250257709e-006	-1	
0.0049137630839522642	-0.029381425078118993	-3.0893485587073297e-006	-1	
0.0048976953964461507	-0.029425259197058941	-1.0282102619067071e-006	-1	
0.0047626573093035827	-0.029382916672326235	-1.9225310464185588e-006	-1	
0.0048185916126074931	-0.029337997448180757	-3.8645918989579624e-006	-1	
0.0048286092176454782	-0.029411143056614474	-1.215633641812809e-006	-1	
0.0048552639823303302	-0.029434429152078934	-4.0758255992571227e-007	-1	
3.077549094694375e-020	-0.024497398091133354	0	-1	
0.018255583778811563	-0.0097796829336243112	1.4529595674886019e-007	-1	
0.020799999999999999	-0.0067478861413043465	0	-1	
0.019298499817572631	-0.0068235040244937475	-5.3639684886185895e-007	-1	
0.018383324885814446	-0.008183188841405847	-4.4290647495358933e-007	-1	
0.016793326017021069	-0.010433069048406553	7.8709054930637888e-007	-1	
0.006262246611607146	-0.018417813364725453	1.8857976645760991e-005	-1	
0.0067399378548885121	-0.017963045945446478	2.1654049881308647e-005	-1	
0.0071418307406309941	-0.017651494330091569	2.2232682664486836e-005	-1	
0.0069452470847131435	-0.017679956738318195	2.3270025134006915e-005	-1	
0.0073009644404372935	-0.01741366420178667	2.3343566805938647e-005	-1	
0.0074419108695652171	-0.017299999999999999	2.3338206464051468e-005	-1	
0.007513445287970758	-0.017070059825818322	2.4579231281151131e-005	-1	
0.0077589156846154337	-0.016748564858532551	2.5016062903947837e-005	-1	
0.0042430454798988654	-0.020842670972909479	-2.1825813210442133e-005	-1	
0.0046771432633042004	-0.020608763580263791	-2.576475651652841e-005	-1	
0.0051522870726318972	-0.020064354748742051	-1.8725161664536929e-005	-1	
0.0050000000000000001	-0.020142127438959441	-2.300045569209872e-005	-1	
0.005187226935482684	-0.019896965532188501	-1.3668690843438994e-005	-1	
0.004679163075269257	-0.02011219203005649	-1.6450388075332645e-005	-1	
0.0055268278809993219	-0.018883908914154635	1.6022392186682686e-005	-1	
0.0053279860800723271	-0.01921709464021935	9.146764444543123e-006	-1	
0.0055563926706612499	-0.018419922597774505	2.49648481245182e-005	-1	
0.0052200617643380267	-0.019701204419637935	-7.2505890811682692e-006	-1	
0.0052571797104458617	-0.019568289358498893	-2.3597945182549523e-006	-1	
0.0052226923695341664	-0.019422697811332202	2.9383891955113233e-006	-1	
0.0038129036805205213	-0.02115231814800422	-1.8781866526597091e-005	-1	
0.0032029187289099809	-0.020488574093673547	-8.1222051198741189e-006	-1	
0.0023720978886340198	-0.020697978312254162	-4.5352654848442057e-006	-1	
0.0016720933281475193	-0.020994559190113303	-2.7897774374331275e-006	-1	
3.077549094694375e-020	-0.022008672004176829	0	-1	
0.00094310287637579845	-0.021210289399030042	-9.8150999456318637e-007	-1	
0.010220191032608694	-0.017359208576961729	1.0829019054122637e-005	-1	
0.010167770652173912	-0.017299999999999999	1.1213770728790945e-005	-1	
0.010097667424188583	-0.017185909208570438	1.187668858372253e-005	-1	
0.010420534832493411	-0.017396789247905591	1.0131119402983305e-005	-1	
0.01035708590883495	-0.017391415913203635	1.0321606448533015e-005	-1	
0.010298821603260868	-0.017350795181114993	1.0638905581085472e-005	-1	
0.0096082754654143628	-0.016308967748361335	1.685868402330036e-005	-1	
0.0087694724120951674	-0.016172263832765255	2.1599332354749002e-005	-1	
0.0082743834334928091	-0.016095368815982367	2.4854135989382603e-005	-1	
0.0077917245345863993	-0.016308967748361096	2.7142844831825712e-005	-1	
0.0098851157443881794	-0.016652015120957209	1.4595853940408646e-005	-1	
0.010025776013494919	-0.016873572966365841	1.3281751713977988e-005	-1	
0.010196171904813721	-0.017006474912044007	1.2226325319238664e-005	-1	
0.010592364930981727	-0.017279556872062455	1.0103148977829526e-005	-1	
0.010496789247905591	-0.01732053483249342	1.0210050884276328e-005	-1	
0.010699598298155068	-0.017180695005425493	1.0151770051046081e-005	-1	
0.010844230091845432	-0.016929489365634098	1.0534467261013527e-005	-1	
0.011141298284836518	-0.016226177568965293	1.1352969196695551e-005	-1	
0.010771989348802051	-0.016547994581199581	1.17683488192588e-005	-1	
0.01122568340516918	-0.015714561904518056	1.192849702450479e-005	-1	
0.01122236397485245	-0.014281736018491177	1.2618362391555293e-005	-1	
0.010935727730723604	-0.015284681521739129	1.3381698056199427e-005	-1	
0.010921243544547295	-0.014698718446026778	1.3748994771575233e-005	-1	
0.015214448087993777	-0.010930773181593318	1.8764528608820218e-006	-1	
0.01212776720059131	-0.011726145943605109	6.4744258119494426e-006	-1	
0.012802039113576726	-0.010580795604035353	2.8644654270388182e-006	-1	
0.011565826832327854	-0.012462408086526811	9.3292406205449005e-006	-1	
0.011431881791700212	-0.012997298755704378	1.071329591686906e-005	-1	
0.011130317713141396	-0.013413610223033163	1.2285553871337187e-005	-1	
0.011141298284836504	-0.013773822431034729	1.2637327065973721e-005	-1	
0.0048684063637911097	-0.029392487107826878	-2.2049147937778702e-006	-1	
0.017023907982008181	-0.0091895936965981917	-1.5484679650186777e-007	-1	
0.020799999999999999	-0.0044985907608695646	0	-1	
0.019990706785831109	-0.0056232384510869551	-3.7553333777294891e-007	-1	
0.017797409466122738	-0.0067401456483609538	-1.2454543318927833e-006	-1	
0.018368792394950931	-0.005642036728962645	-1.1995968017479765e-006	-1	
0.016217290969382566	-0.0082155464759383467	-1.0584388651567123e-006	-1	
0.01658275209953387	-0.0069787439132536419	-1.7644599500460491e-006	-1	
0.015799858546878324	-0.0095075590618355389	1.0541799752425573e-007	-1	
0.0058970773036855426	-0.018097385619677775	2.6818994785046733e-005	-1	
0.0063031267375343088	-0.017933714843194493	2.5324211359421854e-005	-1	
0.0066220635559464036	-0.017633808905166061	2.6136474961780635e-005	-1	
0.007129892682484297	-0.017454077527173307	2.4134099793207013e-005	-1	
0.00701980616445942	-0.017495847569389877	2.4527816916988978e-005	-1	
0.0068407884037707889	-0.017511008147226493	2.5702648957017463e-005	-1	
0.0071798089673913044	-0.017359208576961729	2.4622779777099661e-005	-1	
0.0072322293478260871	-0.017299999999999999	2.4752795979544067e-005	-1	
0.0073023325758114158	-0.017185909208570434	2.5182276723684742e-005	-1	
0.0073742239865051849	-0.01687357296636571	2.6911793059786573e-005	-1	
0.0072038280951863595	-0.017006474912044003	2.7231565099221642e-005	-1	
0.0075148842556119833	-0.016652015120956893	2.7308295348469511e-005	-1	
0.0044041256879402638	-0.020376616554982699	-1.7507942420281716e-005	-1	
0.0038018567133781111	-0.020622430136124779	-1.3998371019181209e-005	-1	
0.0050000000000000001	-0.01998658205852466	-1.9064221829478922e-005	-1	
0.0048561347028422885	-0.019969806338062151	-1.5873786709696413e-005	-1	
0.0050000000000000001	-0.019831036678089879	-1.4482265287594397e-005	-1	
0.005084514619502125	-0.019727110537210713	-9.654664568969355e-006	-1	
0.0044801365468663656	-0.020002733895400141	-1.161620961627876e-005	-1	
0.0046751866408820562	-0.019885086701585054	-1.1008157899547001e-005	-1	
0.0052683599202746224	-0.018784880832755538	2.1089893781401206e-005	-1	
0.0051738570777385825	-0.019045037440166113	1.5721235859242992e-005	-1	
0.0050982857635803701	-0.019241532194394225	1.0653329115243863e-005	-1	
0.0052574862911689956	-0.01838603260200292	2.9292708922675473e-005	-1	
0.0054334524410741651	-0.018169135938055105	3.0563630895904128e-005	-1	
0.0056422440008479825	-0.017984508151107647	3.1006810481701332e-005	-1	
0.0051335600535215046	-0.019593679494961495	-3.9291485900727123e-006	-1	
0.0051410366744521763	-0.019518920605244891	-7.2008951952530113e-007	-1	
0.0051008188542600282	-0.019455459448690721	2.1502637513844271e-006	-1	
0.0050783376345861064	-0.019365268829292119	6.2746346516727098e-006	-1	
0.0037416017539237591	-0.020194525206749182	-8.609935959531819e-006	-1	
0.0034315255208267163	-0.019847234790138488	-3.4979483820209517e-006	-1	
0.0028905058648248873	-0.020015800501402847	-3.3442258692065619e-006	-1	
0.0022870271030999791	-0.020064110560416449	-2.0133321268686676e-006	-1	
0.0016921656330270802	-0.020176628599315266	-1.2714853127607712e-006	-1	
0.0010648002356729097	-0.020537217193740544	-8.0793271920229669e-007	-1	
3.077549094694375e-020	-0.020764308960698571	0	-1	
0.00042060466867513191	-0.020307329150872779	-9.9249400106228797e-008	-1	
0.010272611413043477	-0.017299999999999999	1.0908163424908373e-005	-1	
0.010220191032608694	-0.01723993824375248	1.1290924564330376e-005	-1	
0.01022632097545962	-0.017131542916355689	1.1677305554639926e-005	-1	
0.010428823414412003	-0.017328823414412005	1.0362588349821524e-005	-1	
0.010388726086956521	-0.017336157087956695	1.0444927585255769e-005	-1	
0.010351241983695652	-0.017328008601494315	1.0579365381277236e-005	-1	
0.010325031793478261	-0.017299999999999999	1.0758678392477987e-005	-1	
0.0095196901699381581	-0.015744241899205143	1.8773887030984717e-005	-1	
0.010054931198697881	-0.016281066847826084	1.5028733854707046e-005	-1	
0.010080676813109268	-0.015854044565217391	1.5942706750852402e-005	-1	
0.008415148149497979	-0.015540686996191594	2.5532897457589054e-005	-1	
0.0091162761471439997	-0.015293523601888525	2.1818015427115555e-005	-1	
0.0078803098300615233	-0.015744241899205026	2.8767784374415853e-005	-1	
0.0073450688013020982	-0.016281066847826084	3.0620962408714329e-005	-1	
0.0073193231868907268	-0.015854044565217391	3.2664052197081771e-005	-1	
0.010147387720104066	-0.016642709159352925	1.3620479037150955e-005	-1	
0.010241510361724292	-0.016886078082815469	1.2494686915468519e-005	-1	
0.010311274542275088	-0.017063941032608693	1.1660813694536919e-005	-1	
0.010555179912981874	-0.017201090929877299	1.0476291305268504e-005	-1	
0.010490436721694706	-0.017258952392256045	1.0448892178018972e-005	-1	
0.010436157087956697	-0.017288726086956523	1.0490081301175202e-005	-1	
0.01055691169364101	-0.016891138782035651	1.1480062378053659e-005	-1	
0.010485569568455515	-0.017063941032608693	1.1134529747671633e-005	-1	
0.010654530941371022	-0.016281066847826087	1.2804475888694614e-005	-1	
0.010726267722590449	-0.015854044565217391	1.3405444075994697e-005	-1	
0.0104	-0.016708089130434783	1.2532255785994437e-005	-1	
0.0104	-0.01642340760869565	1.3334140120917756e-005	-1	
0.010726267722590449	-0.014145955434782609	1.4434193233689237e-005	-1	
0.0104	-0.015569363043478258	1.5107648704174592e-005	-1	
0.0104	-0.014999999999999999	1.572237539244067e-005	-1	
0.0104	-0.014430636956521739	1.5877507875462023e-005	-1	
0.014444739757961102	-0.0095924084424934743	2.3858926212538194e-007	-1	
0.011246954964371668	-0.012012552516695672	9.0659118020439993e-006	-1	
0.011476848989504136	-0.010479104168535419	3.6499551855431897e-006	-1	
0.012653883580300972	-0.0092599928364150933	-5.3796618968247333e-007	-1	
0.011590835115194952	-0.009474006833955561	1.0173811969576782e-007	-1	
0.011048916470592075	-0.012654379385975845	1.1200672787781049e-005	-1	
0.010931085080867028	-0.013113310762518931	1.2491248733559062e-005	-1	
0.010771989348802056	-0.013452005418800428	1.3608923763893183e-005	-1	
0.010654530941371016	-0.013718933152173913	1.4389180742378655e-005	-1	
0.020799999999999999	-0.0022492953804347823	0	-1	
0.019134534867060338	-0.0041138135531783894	-8.4448757614077863e-007	-1	
0.01702977979064425	-0.005769029624631967	-2.0110541848127251e-006	-1	
0.017468863419277867	-0.0044976966560086509	-1.8723497056792826e-006	-1	
0.01479954013918779	-0.0082197643166619649	-1.7377484533577048e-006	-1	
0.015710144128896784	-0.0060291135923942309	-3.0368079579080145e-006	-1	
0.01443657881617736	-0.0068492555481030528	-3.691583024635291e-006	-1	
0.0059506679273663475	-0.01763230304942117	3.2271895383649233e-005	-1	
0.0063510835294079944	-0.017345620614024223	3.1447762421344163e-005	-1	
0.0067322333098143086	-0.017408457600446035	2.7524680373286159e-005	-1	
0.0070429140911650503	-0.017391415913203638	2.531361955738276e-005	-1	
0.0071011783967391299	-0.017350795181114993	2.5250533440336903e-005	-1	
0.0068812100373965715	-0.017418789962603428	2.6266600155030079e-005	-1	
0.0069794651675065831	-0.017396789247905588	2.5731874769050956e-005	-1	
0.0071273885869565208	-0.017299999999999999	2.5495609045113037e-005	-1	
0.0071798089673913044	-0.01723993824375248	2.5615271031004597e-005	-1	
0.0071736790245403538	-0.017131542916355713	2.6520497860071894e-005	-1	
0.0071584896382757201	-0.01688607808281543	2.8447973079099042e-005	-1	
0.0072526122798958967	-0.016642709159352901	2.9334419554767942e-005	-1	
0.0070887254577249341	-0.017063941032608693	2.7685873301509799e-005	-1	
0.0041576866810306701	-0.020077877780042816	-1.0130635835871325e-005	-1	
0.0048902570365422122	-0.01982904300879567	-1.2397593840702852e-005	-1	
0.0048014731910659136	-0.019835676670748637	-1.1272129981241436e-005	-1	
0.0050000000000000001	-0.019753263987872489	-1.1906740007027607e-005	-1	
0.0049308097195088522	-0.019750228290242054	-1.0518991682035346e-005	-1	
0.0050443150430558477	-0.019636604952546401	-6.6626124546158074e-006	-1	
0.0050000000000000001	-0.019675491297655098	-8.9961384546154822e-006	-1	
0.0043802857717489003	-0.019832785625561958	-7.2212375959738233e-006	-1	
0.0045737560810663316	-0.019795078449518565	-7.7445791835010123e-006	-1	
0.0047163608869162429	-0.019755880179427261	-7.911424067219946e-006	-1	
0.0050000000000000001	-0.018541577982437704	3.0093366952434962e-005	-1	
0.0050000000000000001	-0.018852668743307269	2.3388348693018782e-005	-1	
0.0050000000000000001	-0.019008214123742054	1.9378702837258848e-005	-1	
0.0050000000000000001	-0.019163759504176835	1.4809272244707755e-005	-1	
0.0050000000000000001	-0.019319304884611616	9.3711393912570806e-006	-1	
0.0050000000000000001	-0.018230487221568139	3.5579383702869607e-005	-1	
0.0053086753992146272	-0.017817655471113077	3.7178182896201577e-005	-1	
0.0056054725922042529	-0.01764116258992764	3.5893319988896671e-005	-1	
0.0050357337700645622	-0.019578275434883358	-4.1456665681478155e-006	-1	
0.0050659113395962055	-0.019517932923626771	-8.8102289520077725e-007	-1	
0.0050319610732238217	-0.019435963919937703	3.6144342566971228e-006	-1	
0.0050361570879566961	-0.019486124178089877	8.6282351230956638e-007	-1	
0.0050000000000000001	-0.019397077574829009	6.0663559557751373e-006	-1	
0.0038935668478260878	-0.019790000919520295	-4.142881308283109e-006	-1	
0.0037387260869565218	-0.019497398091133357	1.0762551891254847e-007	-1	
0.0031193630434782609	-0.019497398091133357	5.6946432403113433e-008	-1	
0.0025000000000000001	-0.019497398091133357	1.562105214540378e-007	-1	
0.0018806369565217392	-0.019497398091133357	8.4806537899975856e-008	-1	
0.00095159239130434799	-0.01986266517590457	-2.2161246038035624e-007	-1	
0.0012612739130434783	-0.019497398091133357	3.9595928658964604e-008	-1	
3.077549094694375e-020	-0.020142127438959441	0	-1	
0.0001684296740992884	-0.01993235226486367	-7.9346889568436165e-009	-1	
0.00048707010869565218	-0.019746296206312453	-3.6471565031232627e-008	-1	
0.010298821603260868	-0.017253073852127324	1.101000357264411e-005	-1	
0.01032498174217587	-0.01717685490496549	1.1214846891432416e-005	-1	
0.0104	-0.017299999999999999	1.0548486022484894e-005	-1	
0.010377452173913043	-0.017299999999999999	1.0611196952877032e-005	-1	
0.010352568998999823	-0.017252568998999823	1.0857228909122868e-005	-1	
0.0098596414881339887	-0.015284681521739129	1.7888551026577478e-005	-1	
0.0104	-0.016138726086956521	1.4046853978109233e-005	-1	
0.0084472728419188008	-0.014969324912556982	2.6303572674462412e-005	-1	
0.0075403585118660136	-0.015284681521739129	3.248988757538116e-005	-1	
0.0090240884148737772	-0.014631395049993777	2.2935423258652329e-005	-1	
0.0098759451988440754	-0.014697030839392406	1.8263205845614891e-005	-1	
0.007000000000000001	-0.016138726086956521	3.4170369715252838e-005	-1	
0.007000000000000001	-0.01642340760869565	3.2689853183643131e-005	-1	
0.007000000000000001	-0.015569363043478258	3.6345071295631859e-005	-1	
0.0104	-0.016992770652173913	1.1632544087660088e-005	-1	
0.0104	-0.017135111413043476	1.1143147048625783e-005	-1	
0.010472529335198665	-0.017174473047941365	1.0796824054896888e-005	-1	
0.010430931760984075	-0.017241866983695651	1.0674580180103877e-005	-1	
0.0104	-0.017277452173913042	1.0631610604132744e-005	-1	
0.0104	-0.013861273913043476	1.5575890237605055e-005	-1	
0.010080676813109268	-0.014145955434782607	1.7210968828139106e-005	-1	
0.013160177314678435	-0.0083010659962246425	-2.6237876787693568e-006	-1	
0.010660062145111525	-0.012036954054553312	1.0645387482702753e-005	-1	
0.010777936444053631	-0.012366191094833884	1.1291770986147742e-005	-1	
0.010512367197184061	-0.011503107380726152	9.1130546282702122e-006	-1	
0.010688532947450473	-0.0099312423169543741	2.1376284097217984e-006	-1	
0.010084153408192974	-0.0106771110474317	6.3719622774876864e-006	-1	
0.011876759339288443	-0.0085037177909863676	-3.1845739950852456e-006	-1	
0.010529326175895753	-0.0088776761456073206	-2.866526083204491e-006	-1	
0.01066776669018572	-0.012591542399553958	1.2250063054772173e-005	-1	
0.010699598298155038	-0.01281930499457452	1.2696646126091029e-005	-1	
0.010556911693641015	-0.013108861217964347	1.3827507605130233e-005	-1	
0.0104	-0.01357659239130435	1.5233993405354433e-005	-1	
0.0104	-0.013291910869565217	1.4782095374805535e-005	-1	
0.019455544752009835	-0.0018438068637624181	-4.5781370054426422e-007	-1	
0.020799999999999999	0	0	-1	
0.018066934895600163	-0.0020529563741213206	-1.0697015580356591e-006	-1	
0.016972978065244445	-0.0031289439100828311	-2.0473562329719599e-006	-1	
0.016022348998415856	-0.0043334334706548825	-3.0896351788638469e-006	-1	
0.014492312833955174	-0.005128287099479609	-4.8015979958579202e-006	-1	
0.012925238222581147	-0.0070231641719522182	-5.3957302416048939e-006	-1	
0.013094227801404233	-0.0061333726299953317	-6.4252786400898174e-006	-1	
0.0057599580437118388	-0.017092003490185761	3.9818705802031875e-005	-1	
0.0060940988434512464	-0.016919119830217062	3.7826469901658559e-005	-1	
0.0064689149191329834	-0.016886689237481087	3.4381031400946637e-005	-1	
0.0067004017018449571	-0.017180695005425507	2.9873974768897557e-005	-1	
0.006807635069018287	-0.017279556872062458	2.8106888510662714e-005	-1	
0.0070487580163043472	-0.017328008601494315	2.5828810895042988e-005	-1	
0.0070112739130434778	-0.017336157087956695	2.6034573554491429e-005	-1	
0.007074968206521739	-0.017299999999999999	2.5876843967981429e-005	-1	
0.0069032107520944153	-0.017320534832493416	2.6989834788444061e-005	-1	
0.0069711765855879973	-0.017328823414412001	2.6399308602949455e-005	-1	
0.0071011783967391308	-0.017253073852127324	2.6079648851236021e-005	-1	
0.0070750182578241247	-0.017176854904965504	2.6897226680090033e-005	-1	
0.007000000000000001	-0.016992770652173913	2.8927155027533118e-005	-1	
0.007000000000000001	-0.016708089130434783	3.0939124047757319e-005	-1	
0.007000000000000001	-0.017135111413043476	2.7808635608158295e-005	-1	
0.0042032483695652184	-0.019672999075517568	-3.249588566363087e-006	-1	
0.004861774624373945	-0.01974469059990569	-9.2534511381835402e-006	-1	
0.0047993763056912659	-0.019726542207730915	-7.8807217553440072e-006	-1	
0.0048967530622701459	-0.019689923609890754	-7.8081913062408501e-006	-1	
0.0050000000000000001	-0.019597718607437704	-5.673426309711729e-006	-1	
0.0049542573903869017	-0.019636604952546401	-6.595606650827437e-006	-1	
0.0044355095108695661	-0.019643569002745456	-3.2822540413632894e-006	-1	
0.0046688109218183229	-0.019681777027288943	-5.3734592158816565e-006	-1	
0.0045903502717391312	-0.019585395215852109	-2.2993729377471601e-006	-1	
0.0047551525697289718	-0.019676839166767979	-5.8389759482716823e-006	-1	
0.004817433247112088	-0.018697123362872485	2.3136296928644087e-005	-1	
0.0047099315354289482	-0.018386032602002923	2.6872463996822572e-005	-1	
0.0047618665075839801	-0.01893044143352466	1.6988366705626026e-005	-1	
0.0048464467317062753	-0.019166242911979152	1.2031259297774681e-005	-1	
0.0049041775555207232	-0.019308552172042234	8.1571506664459738e-006	-1	
0.0049102282215531829	-0.019404786007745419	4.4026144531332186e-006	-1	
0.0046464428814850132	-0.017919396460698574	3.2052118444383537e-005	-1	
0.0050000000000000001	-0.017608305699829008	4.3935385740662975e-005	-1	
0.005310437510101137	-0.017482819496562437	4.1190256036097912e-005	-1	
0.0050237842325801078	-0.019539389089774661	-2.2998506805453618e-006	-1	
0.0050000000000000001	-0.019558832262329011	-3.7406531162878025e-006	-1	
0.0050233514153223083	-0.019508672004176837	-5.0583873454480163e-007	-1	
0.0050000000000000001	-0.0194748502650464	1.9291223929291149e-006	-1	
0.0050000000000000001	-0.019497398091133357	2.4651937792924525e-007	-1	
0.0049525689989998248	-0.019449967090133184	2.7386465292513816e-006	-1	
0.0040484076086956533	-0.019497398091133357	1.101490041840128e-007	-1	
0.0038935668478260878	-0.019203403659206565	4.3721375698331986e-006	-1	
0.0035120676022923013	-0.01911923256586897	4.1806843649160815e-006	-1	
0.0027517958940822202	-0.019157188539886991	2.1519390471166131e-006	-1	
0.0031342951168418297	-0.018975975804064668	4.3189717729322954e-006	-1	
0.0021072076318439555	-0.018857271189646897	2.1866186760163142e-006	-1	
0.0014367296234947214	-0.018850246329949184	1.00244387656796e-006	-1	
0.00064191086956521745	-0.019497398091133357	1.2497744056184513e-009	-1	
0.0008062990751418293	-0.019078604452286006	1.9435666297749843e-007	-1	
3.077549094694375e-020	-0.019831036678089879	0	-1	
8.7430956301782277e-005	-0.019753263987872489	-1.0913018285398962e-009	-1	
0.00021697491771529719	-0.019632390452394323	-3.5707843602949639e-009	-1	
0.00033222934782608702	-0.019497398091133357	7.7002087932166887e-010	-1	
0.0104	-0.017206281793478259	1.0890198455090549e-005	-1	
0.0083856775741355232	-0.014433040832384874	2.6982154763846795e-005	-1	
0.0075240548011559225	-0.01469703083939241	3.3377104490286834e-005	-1	
0.007000000000000001	-0.014999999999999999	3.761159088522154e-005	-1	
0.0095229871454600538	-0.014252334455358583	2.0071921009093733e-005	-1	
0.0087694732702760184	-0.013827691982564349	2.4032529170032892e-005	-1	
0.0067454690586289693	-0.016281066847826084	3.5728775990528854e-005	-1	
0.0066737322774095588	-0.015854044565217391	3.8308005515819877e-005	-1	
0.0066280106511979395	-0.016547994581199588	3.5271991633685601e-005	-1	
0.0064642722692763895	-0.015284681521739129	4.2153172264496133e-005	-1	
0.010054931198697912	-0.013718933152173913	1.6935837147395862e-005	-1	
0.0096082754654141338	-0.013691032251638691	1.9067664272166718e-005	-1	
0.012147399580813565	-0.0074871183865704146	-5.6759504627047022e-006	-1	
0.010454752915286851	-0.012320043261681745	1.2184560994828927e-005	-1	
0.010310819534402015	-0.012019038198207248	1.164956503305599e-005	-1	
0.010559211596229216	-0.01248899185277349	1.2336833585550516e-005	-1	
0.0099670255543377138	-0.011600105119757868	1.1052342687473301e-005	-1	
0.0097355689168580929	-0.0098152494422848978	1.9143221248871567e-006	-1	
0.009063417021946428	-0.011033605865837647	1.0811052129338415e-005	-1	
0.011500648691554243	-0.0077585675168313191	-5.9993398879017664e-006	-1	
0.011143793605270368	-0.0081043816128510467	-5.4086177588475797e-006	-1	
0.0099671561702367375	-0.0081276355700305291	-7.4185274250675823e-006	-1	
0.010493067177680728	-0.007941043205057681	-7.2177558833516566e-006	-1	
0.0093550029554861983	-0.0089670241637942686	-3.3477167066826162e-006	-1	
0.010592364930981726	-0.012720443127937554	1.2833756991333745e-005	-1	
0.010518789962603435	-0.012581210037396566	1.273050838731677e-005	-1	
0.010555179912981862	-0.012798909070122697	1.3159399864530414e-005	-1	
0.010485569568455517	-0.012936058967391301	1.3728004445766842e-005	-1	
0.0104	-0.013007229347826086	1.4216450618639515e-005	-1	
0.01014738772010406	-0.013357290840647094	1.5964321689353739e-005	-1	
0.010241510361724281	-0.013113921917184539	1.5077785264790733e-005	-1	
0.019039856127759096	-0.00050247028457359221	-3.0053383957793562e-007	-1	
0.020799999999999999	0.0022492953804347823	0	-1	
0.019554028457529054	0.001030504235634274	1.1869392804765698e-007	-1	
0.017241444585000383	-0.00084349632571837892	-8.3863929405483176e-007	-1	
0.015584667924564682	-0.0024754259856827558	-2.8399646624360134e-006	-1	
0.014476229067984262	-0.0035703370701027663	-4.7302720201972841e-006	-1	
0.013042364841045812	-0.0041995839715893487	-7.5328506645373866e-006	-1	
0.012049382110105785	-0.0067925941476030659	-7.4655319196854396e-006	-1	
0.01185987399332772	-0.0060819313587339285	-9.2133637758618977e-006	-1	
0.011738501506737151	-0.0049716775265983082	-1.0636580795116912e-005	-1	
0.005303700996804381	-0.017141669558524662	4.4703548665929227e-005	-1	
0.0053345780791266119	-0.016707122862839926	4.7832114869329535e-005	-1	
0.0057701952483162188	-0.01670244238738448	4.2879677576708771e-005	-1	
0.0062696822868585954	-0.016586389776966859	3.8472278461929215e-005	-1	
0.0068430883063589918	-0.016891138782035658	3.0988594160419157e-005	-1	
0.0068448200870181372	-0.017201090929877309	2.8496145290085592e-005	-1	
0.0069144304315444886	-0.017063941032608693	2.9051129873270531e-005	-1	
0.0069095632783052995	-0.017258952392256048	2.7481436428361911e-005	-1	
0.0070225478260869563	-0.017299999999999999	2.6264761067282015e-005	-1	
0.007000000000000001	-0.017299999999999999	2.6433470220545463e-005	-1	
0.0070474310010001755	-0.017252568998999827	2.6481696225894231e-005	-1	
0.0069638429120433033	-0.017288726086956523	2.6804662075782869e-005	-1	
0.007000000000000001	-0.017206281793478259	2.7226202100568848e-005	-1	
0.0069274706648013336	-0.017174473047941362	2.8054293579391533e-005	-1	
0.0043580891304347835	-0.019497398091133357	1.362362277815527e-007	-1	
0.0048548251888268978	-0.019680079303226766	-6.9247530512731074e-006	-1	
0.0048185916126074931	-0.019656798734085951	-5.7264050453097527e-006	-1	
0.0048816784277185424	-0.019646407942900877	-5.9729004367242584e-006	-1	
0.0049684771491515806	-0.019578275434883358	-4.1934141948722449e-006	-1	
0.0049137630839522642	-0.019613371104147716	-5.0638794375915938e-006	-1	
0.0045129298913043486	-0.019497398091133357	1.6134399811938565e-007	-1	
0.004706480842391305	-0.019569549086184756	-2.1303842238841699e-006	-1	
0.0047635901069581011	-0.019610847204613997	-3.7322919925089863e-006	-1	
0.0046677706521739137	-0.019497398091133357	1.9060984319925155e-007	-1	
0.0044623773854343615	-0.018735839591359611	1.6819854392206228e-005	-1	
0.0043189837182962126	-0.018371862613345797	2.0658732647423277e-005	-1	
0.0045656328235046534	-0.019157876944813638	9.0702587969120125e-006	-1	
0.0047490181980274311	-0.019284954555650644	7.2487957750946843e-006	-1	
0.0048379329051806827	-0.01937861791256433	4.830695114917673e-006	-1	
0.004919386888586957	-0.019466024806383868	1.7217434998075168e-006	-1	
0.0048613216032608701	-0.01945185964095	2.0945619927628303e-006	-1	
0.0046778221753182667	-0.017452760319394228	3.7938028146676777e-005	-1	
0.0040906259119687415	-0.017580532569673325	2.5693211765495103e-005	-1	
0.0050000000000000001	-0.017297214938959443	4.7139373328275951e-005	-1	
0.0050000000000000001	-0.019519945917220314	-1.4723394212642692e-006	-1	
0.0049609001381219937	-0.019536497953011364	-1.9819277164099019e-006	-1	
0.004977452173913044	-0.019497398091133357	2.362988057063647e-007	-1	
0.0049387419836956527	-0.019497398091133357	2.0214408708053657e-007	-1	
0.0042032483695652184	-0.019323843446336728	3.4329417467271208e-006	-1	
0.0038161012711611032	-0.018873896112216702	8.5610404171887488e-006	-1	
0.0042541783795194028	-0.019026040875291993	9.2220753375724308e-006	-1	
0.0034567138989197795	-0.018732499563890288	7.9411559131507803e-006	-1	
0.0028080242352926687	-0.018737686353145804	4.6284672643921064e-006	-1	
0.0023563827295275414	-0.018204210324594277	4.9815023557824812e-006	-1	
0.0017829620836338461	-0.017804503575049362	3.4765908955441263e-006	-1	
0.00036508598776534913	-0.018541577982437704	7.9267221828810104e-008	-1	
0.00068139977767626915	-0.01780059052344151	5.1673047913727142e-007	-1	
0.00043302083199596268	-0.019329751714396583	2.20352448389217e-008	-1	
0.00025410873068266619	-0.01900821412374205	1.9650542141016137e-008	-1	
3.077549094694375e-020	-0.019675491297655098	0	-1	
9.6565119661446396e-005	-0.019636604952546401	-6.5280132349602938e-010	-1	
0.00011550811033600797	-0.019567423010708851	-4.4947076022053439e-010	-1	
0.00017738858695652177	-0.019497398091133357	3.8779055289066695e-010	-1	
0.00025480896739130441	-0.019410403820557958	3.9438118754461271e-009	-1	
0.0078770128545398062	-0.014252334455358638	3.065904330718651e-005	-1	
0.0082744555168030101	-0.013904813376053739	2.7397830337735396e-005	-1	
0.007000000000000001	-0.014430636956521739	3.7960201604570497e-005	-1	
0.0073193231868907294	-0.014145955434782609	3.4998765901666131e-005	-1	
0.0064787564554527029	-0.014698718446026776	4.2817820301323531e-005	-1	
0.0090743665819282126	-0.013430161664101761	2.1558344731337459e-005	-1	
0.0084802462216205434	-0.013418622306453722	2.5078986519133564e-005	-1	
0.0062587017151634564	-0.016226177568965293	4.0772979028789186e-005	-1	
0.0058093547450358222	-0.015852546068713828	4.7167077012666702e-005	-1	
0.0056914585644661205	-0.014950042107604693	5.0847132912012318e-005	-1	
0.0098851157443881239	-0.013347984879042858	1.7138368930233359e-005	-1	
0.0096410843153847299	-0.013251435141467448	1.8106048708515834e-005	-1	
0.011483116448024194	-0.007261953419116186	-7.5238454207397595e-006	-1	
0.010380193835540574	-0.012504152430610109	1.299763660730568e-005	-1	
0.010258169259368965	-0.012348505669908432	1.294760828829251e-005	-1	
0.010011793224491163	-0.012140193150227494	1.3118936627445281e-005	-1	
0.0094849228047126245	-0.012013280638196901	1.461711621166454e-005	-1	
0.008843351566548285	-0.0095539741586632594	6.030654835397666e-007	-1	
0.0084926027285966987	-0.010414467137276357	7.9010211419542654e-006	-1	
0.0081610608832280093	-0.012065368181689285	2.1361901990691516e-005	-1	
0.007857981159785303	-0.010968016762058275	1.4816092848383962e-005	-1	
0.011065174232950338	-0.0075192039074078133	-7.6401877988747632e-006	-1	
0.010746520141806938	-0.0076675890443707959	-7.7962941037532491e-006	-1	
0.0098462934856559971	-0.0075828500068106045	-1.0457943126572729e-005	-1	
0.0092389391167719877	-0.0079346318183107258	-1.0374946687611382e-005	-1	
0.010258169259368993	-0.0076514943300915635	-9.0152298021115703e-006	-1	
0.010512643782162878	-0.0075687095649198599	-8.7246091984548584e-006	-1	
0.0083161997520127609	-0.008980904874273745	-4.7809441698059492e-006	-1	
0.010490436721694705	-0.012741047607743956	1.3248208492219719e-005	-1	
0.010496789247905597	-0.012679465167506586	1.3067423045607463e-005	-1	
0.010420534832493415	-0.012603210752094404	1.3136687505095533e-005	-1	
0.010472529335198665	-0.012825526952058632	1.3521802517416121e-005	-1	
0.0104	-0.012864888586956523	1.3887505594513492e-005	-1	
0.010311274542275085	-0.012936058967391301	1.440022648659079e-005	-1	
0.010025776013494879	-0.013126427033634182	1.6021776171772495e-005	-1	
0.010196171904813698	-0.012993525087955987	1.4993387969876959e-005	-1	
0.017294145417643871	0.0006198732392978031	9.3447565226957516e-008	-1	
0.020799999999999999	0.0044985907608695646	0	-1	
0.019944103458646542	0.0033739430706521733	3.5449593514736121e-007	-1	
0.018237473712930691	0.0019691562844698068	6.2056656033874612e-007	-1	
0.015784449319010959	-0.00098975861224971933	-1.4852646841449193e-006	-1	
0.014148078826500779	-0.002047253224552088	-3.9287019951367729e-006	-1	
0.012303293037935419	-0.0029312975367731908	-8.1449997369809936e-006	-1	
0.011713434615300399	-0.0035761081773585078	-1.0445872197657547e-005	-1	
0.01131393686828961	-0.0068012672149946043	-9.1501752908924382e-006	-1	
0.011225683405169169	-0.0057145619045180533	-1.1537874457410855e-005	-1	
0.011141298284836504	-0.0062261775689652779	-1.0927582740014486e-005	-1	
0.011222363974852455	-0.0042817360184911786	-1.2329373899058516e-005	-1	
0.010935727730723604	-0.0052846815217391322	-1.3033361535763846e-005	-1	
0.010921243544547297	-0.004698718446026779	-1.3441115913826701e-005	-1	
0.0050000000000000001	-0.016986124178089878	4.9866926791708461e-005	-1	
0.0050000000000000001	-0.016363942656350747	5.4049174115482534e-005	-1	
0.0055484657018808493	-0.016339854251115411	4.7752233959882554e-005	-1	
0.005966717146579789	-0.016415351783080127	4.2726907303072093e-005	-1	
0.0069690682390159252	-0.017241866983695651	2.7165155843948028e-005	-1	
0.007000000000000001	-0.017277452173913042	2.6627391371227372e-005	-1	
0.0044355095108695661	-0.019311529300115746	4.5700165951888964e-006	-1	
0.0048684063637911097	-0.019602309074439831	-4.1426370066713589e-006	-1	
0.0048286092176454782	-0.019583653125652235	-3.1317494621365316e-006	-1	
0.004919386888586957	-0.019534132235944617	-1.5581653606699964e-006	-1	
0.0048976953964461507	-0.019569536985207771	-3.0156245131339302e-006	-1	
0.0046442949999615244	-0.019366661946094786	4.0590849155719076e-006	-1	
0.0047451910326086963	-0.019497398091133357	2.1419019403074306e-007	-1	
0.0047840771294847756	-0.019543413647736523	-1.4547209108097062e-006	-1	
0.0047689422732507102	-0.01941255424531714	3.1791635378040928e-006	-1	
0.0041068360518420497	-0.018700548408471549	1.3349639355855506e-005	-1	
0.0037894584198825305	-0.018536455306197241	1.2403080332805537e-005	-1	
0.0049000317934782614	-0.019497398091133357	2.2015354689746902e-007	-1	
0.0048613216032608701	-0.019497398091133357	2.1053850540632171e-007	-1	
0.0048226114130434788	-0.019497398091133357	2.144430707705126e-007	-1	
0.0045011432162064052	-0.017141669558524662	3.684639891551849e-005	-1	
0.0038169477091436277	-0.016702806547376003	2.6818895173054074e-005	-1	
0.0033087148563107332	-0.018100897263493714	1.1917769543881958e-005	-1	
0.0027094401302706151	-0.017086544023825707	1.1360290834415629e-005	-1	
0.0012362961142956179	-0.016644082598779513	2.446134518965019e-006	-1	
3.077549094694375e-020	-0.018852668743307269	0	-1	
3.077549094694375e-020	-0.018230487221568139	0	-1	
3.077549094694375e-020	-0.016986124178089878	0	-1	
0.00013575885974849216	-0.019281634899166344	2.4784162860671723e-009	-1	
3.077549094694375e-020	-0.019163759504176835	0	-1	
3.077549094694375e-020	-0.019597718607437704	0	-1	
4.7431001000175366e-005	-0.019544829092133533	-4.8037668496103066e-011	-1	
9.9968206521739179e-005	-0.019497398091133357	9.4040142012806162e-011	-1	
0.00013867839673913047	-0.019401708478148805	1.1638676590947112e-009	-1	
0.0077917245345862189	-0.013691032251638797	3.0509046552684181e-005	-1	
0.007000000000000001	-0.013861273913043476	3.7410632648395744e-005	-1	
0.0066737322774095519	-0.014145955434782607	4.0826412973768381e-005	-1	
0.0073450688013020869	-0.013718933152173913	3.4133448527054609e-005	-1	
0.0061776360251475562	-0.014281736018491177	4.5859304599685118e-005	-1	
0.0086999999999999994	-0.012699999999999999	2.143879269113444e-005	-1	
0.009538726086956521	-0.012699999999999999	1.7089611237892764e-005	-1	
0.0077589156846153695	-0.013251435141467427	2.9560982315789696e-005	-1	
0.0078612739130434778	-0.012699999999999999	2.6692678731507041e-005	-1	
0.0050000000000000001	-0.015741761134611617	5.6832684791829112e-005	-1	
0.0050000000000000001	-0.014497398091133356	5.8961090233332803e-005	-1	
0.0055016194913108689	-0.013913414160978329	5.2775168219753057e-005	-1	
0.0098865547120292625	-0.012929940174181647	1.6157286942294901e-005	-1	
0.011000343965005124	-0.0071737250874606261	-8.9033712360263957e-006	-1	
0.010270107317515698	-0.012545922472826702	1.3521834543551243e-005	-1	
0.010357085908834945	-0.012608584086796356	1.3381522290082676e-005	-1	
0.01009903555956271	-0.012586335798213333	1.4299908323796296e-005	-1	
0.0098462934856559988	-0.012417149993189391	1.4747114547861539e-005	-1	
0.0080755339950636315	-0.0096834099234202019	1.9709529068248825e-006	-1	
0.0076585925921953627	-0.010297896064206473	8.8835814161317834e-006	-1	
0.0075537065143440078	-0.012417149993189398	2.7370000841249586e-005	-1	
0.0074328438297632778	-0.011872364429969426	2.4624478927544724e-005	-1	
0.0069941969040376636	-0.011470473937703219	2.4279671822626606e-005	-1	
0.0067544168493338464	-0.010799016069059506	1.8759299564446014e-005	-1	
0.01075685601724603	-0.0073503890486457338	-8.9307801768862525e-006	-1	
0.010610288245538016	-0.0074533084491321712	-8.923978691907475e-006	-1	
0.0099580891304347809	-0.0073000000000000001	-1.1394872626551042e-005	-1	
0.010099035559562708	-0.0074136642017866676	-1.0481042922320973e-005	-1	
0.009538726086956521	-0.0073000000000000001	-1.2837560023663949e-005	-1	
0.0086999999999999994	-0.0073000000000000001	-1.6317538778288781e-005	-1	
0.0079150771952874715	-0.0079867193618031584	-1.4706991528848897e-005	-1	
0.0102701073175157	-0.0074540775271733041	-9.8213338843516626e-006	-1	
0.010380193835540574	-0.0074958475693898807	-9.3530291134116581e-006	-1	
0.010517623287312228	-0.0074176232873122304	-9.2981285027268866e-006	-1	
0.0074329744456619025	-0.0083998948802423336	-1.2641613768647754e-005	-1	
0.0072592765526799507	-0.0090048403219412983	-6.1952829396994356e-006	-1	
0.010430931760984072	-0.012758133016304346	1.3508399945063865e-005	-1	
0.010436157087956697	-0.012711273913043476	1.3369131430886638e-005	-1	
0.010428823414412005	-0.012671176585587994	1.3290381533020912e-005	-1	
0.010388726086956521	-0.012663842912043302	1.3417368933752071e-005	-1	
0.0104	-0.01279371820652174	1.3712987976333464e-005	-1	
0.010324981742175873	-0.012823145095034506	1.4071582495600426e-005	-1	
0.010226320975459634	-0.0128684570836443	1.4570085514861686e-005	-1	
0.010097667424188581	-0.012814090791429566	1.4953815779226432e-005	-1	
0.015822315991786323	0.00095820682863968938	5.1800755037630553e-007	-1	
0.017009884364693126	0.0030661783447635108	1.6423152366934715e-006	-1	
0.020799999999999999	0.0067478861413043465	0	-1	
0.0191948555683202	0.0050736784471375777	8.0491979311365639e-007	-1	
0.018546837599186902	0.0035861680328989369	9.7207981150946269e-007	-1	
0.014419023057070093	0.00040006668864559143	-1.5169442430725528e-007	-1	
0.012791390506950046	-0.0005863538556613783	-2.7275985645220072e-006	-1	
0.012127767200591187	-0.0017261459436042157	-6.2868370168240412e-006	-1	
0.011565826832327996	-0.002462408086526641	-9.132479042976946e-006	-1	
0.011431881791700262	-0.0029972987557044363	-1.0496747608624278e-005	-1	
0.011130317713141382	-0.0034136102230331727	-1.2054642993043128e-005	-1	
0.011141298284836494	-0.0037738224310347283	-1.2384848415333314e-005	-1	
0.010844230091845333	-0.0069294893656341684	-1.0060820471055547e-005	-1	
0.010771989348802054	-0.0065479945811995743	-1.1334270467403741e-005	-1	
0.01072626772259045	-0.0058540445652173921	-1.3027934622219675e-005	-1	
0.010654530941371016	-0.0062810668478260881	-1.2399439948989094e-005	-1	
0.01072626772259045	-0.004145955434782609	-1.41699780455391e-005	-1	
0.0104	-0.0055693630434782617	-1.4763705233712461e-005	-1	
0.0104	-0.005000000000000001	-1.5410920813911106e-005	-1	
0.0104	-0.0044306369565217402	-1.5604977518432493e-005	-1	
0.0046293225534616393	-0.016675033417220313	4.2914570569778798e-005	-1	
0.0044230372553524799	-0.016052851895481182	4.1367884471385589e-005	-1	
0.0048552639823303302	-0.019560367030187775	-2.3626875790507307e-006	-1	
0.0048419665081521745	-0.019527566178021007	-1.0027366680589082e-006	-1	
0.0048774294274146271	-0.019532773339485009	-1.3161985791588395e-006	-1	
0.0034131050298108426	-0.015718649240149325	2.348484677979795e-005	-1	
0.0020409230773712375	-0.015513863095316507	7.943821808125064e-006	-1	
3.077549094694375e-020	-0.015741761134611617	0	-1	
3.077549094694375e-020	-0.019319304884611616	0	-1	
6.991703113245435e-005	-0.019382089076134718	3.7781932569707672e-010	-1	
3.077549094694375e-020	-0.019519945917220314	0	-1	
2.254782608695655e-005	-0.019497398091133357	4.5174986532085824e-012	-1	
4.7431001000175366e-005	-0.019449967090133181	8.6464870423128085e-011	-1	
0.0075148842556119477	-0.013347984879043005	3.1773481491022043e-005	-1	
0.0067454690586289832	-0.013718933152173913	3.9447671570927731e-005	-1	
0.007000000000000001	-0.01357659239130435	3.6765592391840285e-005	-1	
0.0062587017151634946	-0.01377382243103473	4.4322767659241011e-005	-1	
0.007252612279895921	-0.0133572908406471	3.3943694422187359e-005	-1	
0.0099580891304347809	-0.012699999999999999	1.5205356746148218e-005	-1	
0.0075134452879707433	-0.01292994017418166	3.0227367594683676e-005	-1	
0.0073742239865051641	-0.013126427033634242	3.2119365787776569e-005	-1	
0.0074419108695652171	-0.012699999999999999	2.9726310369312438e-005	-1	
0.0042921784605848244	-0.015119579612872486	4.0794582635046223e-005	-1	
0.0042815679415264237	-0.013875216569394227	4.0611457488849471e-005	-1	
0.0050000000000000001	-0.013253035047655095	5.6830507702790307e-005	-1	
0.0060860631317104265	-0.013198732785005416	4.4361410870736703e-005	-1	
0.010699598298155023	-0.0071806950054254855	-9.6609474361305081e-006	-1	
0.010220191032608694	-0.012640791423038271	1.3987712284162484e-005	-1	
0.010298821603260868	-0.012649204818885006	1.3711823761661136e-005	-1	
0.010351241983695652	-0.012671991398505684	1.3578184965521008e-005	-1	
0.010167770652173912	-0.012699999999999999	1.4357290791732936e-005	-1	
0.0073329603273667131	-0.0096792029426368865	2.2027758457894506e-006	-1	
0.0069613133752980724	-0.010246717511490939	1.0694979108442187e-005	-1	
0.0073009644404372935	-0.012586335798213328	3.0247074472693349e-005	-1	
0.007141830740631008	-0.012348505669908433	3.0096383505726549e-005	-1	
0.0069069328223192753	-0.012058956794942368	2.9995343337597085e-005	-1	
0.0064273733000422516	-0.011289813772818543	2.6918554152581175e-005	-1	
0.0062562063947296511	-0.01189561838714887	3.4437029658567468e-005	-1	
0.0061706496207782	-0.010715017902336386	2.1493151489473935e-005	-1	
0.010592364930981715	-0.007279556872062447	-9.6090492064109412e-006	-1	
0.010097667424188585	-0.0071859092085704394	-1.1422117509065112e-005	-1	
0.0098865547120292677	-0.0070700598258183469	-1.2598613123020072e-005	-1	
0.010167770652173912	-0.0073000000000000001	-1.0744352819848289e-005	-1	
0.010220191032608694	-0.0073592085769617292	-1.0350773430394517e-005	-1	
0.0096410843153846796	-0.0067485648585325735	-1.4842193990875719e-005	-1	
0.0089197537783796479	-0.0065813776935461513	-1.8869751984475894e-005	-1	
0.0083256334180720256	-0.0065698383358986732	-2.2262721137781124e-005	-1	
0.0078612739130434778	-0.0073000000000000001	-2.0487138687884225e-005	-1	
0.0073882067755088199	-0.0078598068497725652	-1.8450061358957962e-005	-1	
0.0075537065143440043	-0.0075828500068106045	-2.0005754733734279e-005	-1	
0.010298821603260868	-0.0073507951811149939	-1.0156507659026399e-005	-1	
0.010357085908834947	-0.0073914159132036404	-9.8316145428004788e-006	-1	
0.010420534832493413	-0.0073967892479055919	-9.6365273069781491e-006	-1	
0.010496789247905591	-0.0073205348324934146	-9.7179995386611598e-006	-1	
0.0068876328028155956	-0.0084968926192735082	-1.3946808870370274e-005	-1	
0.0070891804655978229	-0.007980961801792627	-1.8938533063592627e-005	-1	
0.0064910634163135479	-0.0089315804882184498	-9.4861999396059113e-006	-1	
0.0067367187975711628	-0.0093556441674652446	-2.2349212663794253e-006	-1	
0.0104	-0.012722547826086957	1.3531460790885313e-005	-1	
0.0104	-0.012699999999999999	1.3472350932122719e-005	-1	
0.010377452173913043	-0.012699999999999999	1.3555787941313567e-005	-1	
0.010352568998999823	-0.012747431001000176	1.3773344530024031e-005	-1	
0.01029882160326087	-0.012746926147872676	1.3976141302913834e-005	-1	
0.010220191032608694	-0.012760061756247521	1.4315424775264436e-005	-1	
0.015686026646848074	0.0030600006072216803	2.4505354632101756e-006	-1	
0.014803607772438743	0.0020730992182140394	2.1666555435265984e-006	-1	
0.016342792326579748	0.0041695325021238582	2.5223889739903237e-006	-1	
0.017562365675218673	0.0048759081430398716	1.7607935198113136e-006	-1	
0.020799999999999999	0.0089971815217391293	0	-1	
0.019350660909197542	0.0064763827546331955	6.8990640103786416e-007	-1	
0.019430915540961921	0.0085767342971648525	3.9522497357292811e-007	-1	
0.017972239734319651	0.0061733815282975224	1.4821677019877777e-006	-1	
0.012632101375026555	0.0007229012260285189	6.086224109287754e-007	-1	
0.01313225244803218	0.0016812897902171928	2.6687474128242291e-006	-1	
0.011568305159500827	0.00053055428004432261	3.7732130014580638e-008	-1	
0.011476848989503246	-0.00047910416853632969	-3.5010079887898826e-006	-1	
0.011246954964371354	-0.0020125525166955266	-8.8945691416342982e-006	-1	
0.011048916470592064	-0.0026543793859759705	-1.1009736005893736e-005	-1	
0.010931085080867065	-0.003113310762518915	-1.2281595898426753e-005	-1	
0.010771989348802049	-0.0034520054188004311	-1.3385878880876496e-005	-1	
0.010654530941371011	-0.0037189331521739134	-1.4154350186978264e-005	-1	
0.010556911693641015	-0.0068911387820356522	-1.10263364593513e-005	-1	
0.0104	-0.0064234076086956528	-1.2932566993224936e-005	-1	
0.0104	-0.0067080891304347832	-1.2104903376400818e-005	-1	
0.0104	-0.0061387260869565233	-1.3668229323679168e-005	-1	
0.0104	-0.0038612739130434786	-1.5341207448802346e-005	-1	
0.010080676813109268	-0.0058540445652173921	-1.5603552334855275e-005	-1	
0.0098596414881339904	-0.0052846815217391322	-1.7570819051532776e-005	-1	
0.0098759451988440754	-0.0046970308393924085	-1.798426167748076e-005	-1	
0.010080676813109268	-0.004145955434782609	-1.6970825270689797e-005	-1	
0.0031845048945367267	-0.014231771644475623	2.1056511110962337e-005	-1	
0.0015789946663456469	-0.014205641853016936	4.8364716385445575e-006	-1	
3.077549094694375e-020	-0.014497398091133356	0	-1	
3.077549094694375e-020	-0.019397077574829009	0	-1	
3.077549094694375e-020	-0.019497398091133357	0	-1	
3.077549094694375e-020	-0.0194748502650464	0	-1	
0.0066280106511979429	-0.013452005418800428	3.9830983481638708e-005	-1	
0.007000000000000001	-0.013291910869565217	3.5896619455296198e-005	-1	
0.0071584896382757227	-0.013113921917184555	3.3863406265288159e-005	-1	
0.0073023325758114158	-0.012814090791429564	3.1389096103394218e-005	-1	
0.0072038280951863386	-0.012993525087955989	3.2985680447781694e-005	-1	
0.0072322293478260871	-0.012699999999999999	3.139012501732439e-005	-1	
0.0038845043953264812	-0.013314885855769792	3.152379971324978e-005	-1	
0.0044611711573956129	-0.01294194428678553	4.2312003076781923e-005	-1	
0.0050000000000000001	-0.012630853525915964	5.4101355884645452e-005	-1	
0.005449520683542629	-0.012760757263145663	4.9540002657504442e-005	-1	
0.0065557699081546768	-0.013070510634365824	3.9155123560837411e-005	-1	
0.0059168835519757953	-0.012738046580883846	4.4125685525299885e-005	-1	
0.0063996560349948751	-0.012826274912539386	3.9552709437907492e-005	-1	
0.010555179912981856	-0.00720109092987731	-9.9923175057965704e-006	-1	
0.010485569568455517	-0.0070639410326086959	-1.0668232247495346e-005	-1	
0.010272611413043477	-0.012699999999999999	1.3950747803267738e-005	-1	
0.010325031793478261	-0.012699999999999999	1.3751890943390059e-005	-1	
0.006048506771886725	-0.010140705561475396	1.2751716507830959e-005	-1	
0.0071798089673913044	-0.01264079142303827	3.1509542553717569e-005	-1	
0.0071298926824842988	-0.012545922472826694	3.1388717796770005e-005	-1	
0.0070198061644594252	-0.012504152430610116	3.2068152740187819e-005	-1	
0.0068873562178371215	-0.012431290435080147	3.2754765072826596e-005	-1	
0.0066534798581930742	-0.012332410955629204	3.4190534058064377e-005	-1	
0.0060663818977088457	-0.011524929968836483	3.278331116739832e-005	-1	
0.0058448288154927834	-0.011051194277095323	2.9203992478901869e-005	-1	
0.0063348257670496275	-0.012480796092592167	3.8205808761854841e-005	-1	
0.0056717284343194519	-0.011657940821682769	3.8335148415192555e-005	-1	
0.0057851673337654978	-0.012216470688924747	4.2071908129022154e-005	-1	
0.0058926243056923785	-0.010517385678485723	2.0615353113122321e-005	-1	
0.0057115025371153308	-0.01080643840149703	2.7007165558139966e-005	-1	
0.010490436721694701	-0.007258952392256047	-9.963283148573328e-006	-1	
0.010226320975459635	-0.0071315429163557069	-1.1220195879022073e-005	-1	
0.010196171904813679	-0.007006474912044011	-1.178284151090546e-005	-1	
0.010220191032608694	-0.0072399382437524813	-1.0823930877660441e-005	-1	
0.010025776013494858	-0.0068735729663657839	-1.2860696986993332e-005	-1	
0.010272611413043477	-0.0073000000000000001	-1.0432246407651449e-005	-1	
0.0098851157443880858	-0.006652015120957061	-1.4204585985233928e-005	-1	
0.0096082754654139273	-0.0063089677483612605	-1.6544007320661654e-005	-1	
0.0091256165665079391	-0.0060953688159827686	-1.9572417794369737e-005	-1	
0.0086305275879046805	-0.0061722638327645508	-2.2094513778889433e-005	-1	
0.0077589156846154424	-0.0067485648585325821	-2.4746724887578782e-005	-1	
0.0077917245345864757	-0.0063089677483611165	-2.6897310458966935e-005	-1	
0.0074419108695652171	-0.0073000000000000001	-2.303956650451742e-005	-1	
0.0075134452879707493	-0.007070059825818327	-2.4290704326004179e-005	-1	
0.0071418307406309819	-0.0076514943300915695	-2.1943927295394235e-005	-1	
0.0073009644404372909	-0.0074136642017866693	-2.3048407999633322e-005	-1	
0.010351241983695652	-0.0073280086014943149	-1.0095839271598439e-005	-1	
0.010325031793478261	-0.0073000000000000001	-1.0279485886405557e-005	-1	
0.010388726086956521	-0.0073361570879566969	-9.9582437898049821e-006	-1	
0.010428823414412003	-0.0073288234144120055	-9.8740680193068387e-006	-1	
0.010436157087956694	-0.0072887260869565233	-1.0004989667453311e-005	-1	
0.006319728766669197	-0.0084724279991384068	-1.7450196999434104e-005	-1	
0.0067399378548885884	-0.007963045945446362	-2.1396127233993293e-005	-1	
0.0069452470847131487	-0.0076799567383181696	-2.2993835045217711e-005	-1	
0.0060024536272242027	-0.0088936721197067636	-1.2160072989942851e-005	-1	
0.0058700132850984773	-0.0093928606684329057	-2.0531297121826572e-006	-1	
0.01479443571879528	0.0040386236391154722	4.0847323437826467e-006	-1	
0.013319812659288383	0.00293640409511472	4.8500967902449703e-006	-1	
0.0157176786237831	0.0052972004685281938	3.3289337357788668e-006	-1	
0.016661915885940771	0.006540103960315834	2.315483686566322e-006	-1	
0.020799999999999999	0.01124647690217391	0	-1	
0.019403937844437318	0.010076268483518938	7.8229153300204932e-008	-1	
0.01843343376323171	0.0075490192453494306	9.6328864372089761e-007	-1	
0.018047593647270696	0.0089476637555074325	6.5854409540947754e-007	-1	
0.017033177505266176	0.0079289685484258913	1.5660246100574289e-006	-1	
0.011876759339288744	0.0014962822090141138	3.2801999835767096e-006	-1	
0.012174465591888197	0.0025138371398632665	5.7268570382235129e-006	-1	
0.010696423914206433	1.3256002524656817e-005	-2.2498730120435144e-006	-1	
0.010529326175895077	0.0011223238543925757	2.9856811136185522e-006	-1	
0.01051236719718413	-0.0015031073807262598	-8.9838825972283719e-006	-1	
0.010084153408193219	-0.00067711104743178722	-6.2808718984042403e-006	-1	
0.010660062145111424	-0.0020369540545534266	-1.0492476790225374e-005	-1	
0.010777936444053641	-0.0023661910948338315	-1.1121399373830897e-005	-1	
0.010667766690185744	-0.0025915423995539603	-1.2073368767387084e-005	-1	
0.010699598298154986	-0.0028193049945745285	-1.2508369853012651e-005	-1	
0.010556911693641015	-0.0031088612179643528	-1.362938486836434e-005	-1	
0.0104	-0.0035765923913043483	-1.5015918840533778e-005	-1	
0.0104	-0.0032919108695652179	-1.4579554276295704e-005	-1	
0.0104	-0.0069927706521739127	-1.1178280400837198e-005	-1	
0.01005493119869791	-0.0062810668478260863	-1.4665170909579613e-005	-1	
0.010147387720104073	-0.0066427091593529042	-1.3214706191130198e-005	-1	
0.010241510361724281	-0.0068860780828154519	-1.2059969083943128e-005	-1	
0.010054931198697915	-0.0037189331521739134	-1.6722627335198336e-005	-1	
0.0095196901699382847	-0.0057442418992050956	-1.8492775874335474e-005	-1	
0.0089848518505012062	-0.0055406869961918655	-2.1795739346777686e-005	-1	
0.0089527271580809951	-0.0049693249125567062	-2.2886318957130748e-005	-1	
0.0095229871454602048	-0.0042523344553586405	-1.9857840484411404e-005	-1	
0.0096082754654137886	-0.0036910322516388134	-1.8875447571173453e-005	-1	
0.0028942431070925452	-0.013284518952454423	1.6244423379201217e-005	-1	
3.077549094694375e-020	-0.013253035047655095	0	-1	
0.0011425723374545137	-0.012402135421442034	2.0798976969331159e-006	-1	
0.0068430883063589831	-0.013108861217964347	3.6631584641541887e-005	-1	
0.007000000000000001	-0.013007229347826086	3.4803445222309065e-005	-1	
0.0070887254577249271	-0.012936058967391301	3.3720610673209221e-005	-1	
0.0071736790245403555	-0.012868457083644287	3.2691224343329771e-005	-1	
0.0071798089673913044	-0.012760061756247519	3.2122767162083447e-005	-1	
0.0071273885869565208	-0.012699999999999999	3.2253696720557289e-005	-1	
0.0039616823786073835	-0.012632483095481975	3.0803501794246918e-005	-1	
0.0033740428761065821	-0.012417725003787397	2.0487901329217759e-005	-1	
0.004459137164483081	-0.012319762765046401	3.9164711154484747e-005	-1	
0.0053415307107001538	-0.012305474942333229	4.7829335891317932e-005	-1	
0.0050000000000000001	-0.012008672004176834	4.9857680848474408e-005	-1	
0.0067004017018449805	-0.012819304994574515	3.6634637982198837e-005	-1	
0.0066431439827539665	-0.012649610951354267	3.6263541849604859e-005	-1	
0.010472529335198663	-0.0071744730479413685	-1.0320570160470995e-005	-1	
0.0104	-0.0071351114130434792	-1.0675166684010582e-005	-1	
0.005636223976174917	-0.0098196745782718562	8.1159650073693145e-006	-1	
0.0055268278809993557	-0.010110887268112091	1.584044881729219e-005	-1	
0.0071011783967391299	-0.012649204818885006	3.2204215496038344e-005	-1	
0.0070429140911650537	-0.012608584086796359	3.2471288261438436e-005	-1	
0.0068823767126877699	-0.012582376712687771	3.3705403443294123e-005	-1	
0.0069794651675065848	-0.012603210752094408	3.298318083840786e-005	-1	
0.006789711754461982	-0.012546691550867827	3.4318524778722063e-005	-1	
0.0056949783786077691	-0.011336508448994729	3.4432249556009645e-005	-1	
0.0055874549122198773	-0.011032702533487468	3.1731486400311458e-005	-1	
0.0053461582884832956	-0.011853021855291619	4.4046871664266636e-005	-1	
0.0053573573317592686	-0.011473644587966103	4.0098711421664453e-005	-1	
0.0055563926706612352	-0.01057487358449224	2.4856798743897799e-005	-1	
0.0054334524410741226	-0.010825660244211603	3.0457254887367296e-005	-1	
0.010430931760984072	-0.0072418669836956532	-1.0194363077684929e-005	-1	
0.010311274542275078	-0.0070639410326086959	-1.1205036281576597e-005	-1	
0.010324981742175877	-0.0071768549049654982	-1.0747440273091231e-005	-1	
0.010298821603260868	-0.0072530738521273223	-1.0536928904000249e-005	-1	
0.0078803098300615337	-0.0057442418992050262	-2.8493504476742064e-005	-1	
0.008283723852855791	-0.0052935236018877389	-2.6814970557555746e-005	-1	
0.007514884255611998	-0.0066520151209568832	-2.7051120747831685e-005	-1	
0.0073742239865051936	-0.0068735729663657093	-2.6641549071086725e-005	-1	
0.0073450688013020895	-0.0062810668478260863	-3.0399248353108232e-005	-1	
0.0073193231868907294	-0.0058540445652173921	-3.2477539009152566e-005	-1	
0.0073023325758114124	-0.0071859092085704368	-2.4895531887263381e-005	-1	
0.0072322293478260871	-0.0073000000000000001	-2.4464599816898104e-005	-1	
0.0072038280951863664	-0.0070064749120440084	-2.6956969127574768e-005	-1	
0.0071298926824843005	-0.0074540775271733153	-2.3847372485483501e-005	-1	
0.0070198061644594243	-0.0074958475693898763	-2.4245812436288325e-005	-1	
0.0071798089673913044	-0.0073592085769617292	-2.4335196333319035e-005	-1	
0.010377452173913043	-0.0073000000000000001	-1.0128714617232192e-005	-1	
0.010352568998999825	-0.0072525689989998247	-1.0380866110742132e-005	-1	
0.0104	-0.0073000000000000001	-1.0064582867359997e-005	-1	
0.0104	-0.0072774521739130439	-1.0149887210327094e-005	-1	
0.0062628178809858793	-0.0079481463245454544	-2.526735550343234e-005	-1	
0.0058629530710415882	-0.0082088637999246997	-2.5217511459544153e-005	-1	
0.0066220635559463958	-0.0076338089051660963	-2.5875903345017098e-005	-1	
0.0068407884037707959	-0.0075110081472264945	-2.5427715583596432e-005	-1	
0.005498856783793595	-0.0090082141237420484	-1.3058305988126109e-005	-1	
0.005523885914318699	-0.0086995005575095999	-1.9798928132780767e-005	-1	
0.0054517597574394294	-0.0093005279523375502	-5.6429127907690651e-006	-1	
0.0054734027323599414	-0.0095546055704150562	1.7037656744864414e-006	-1	
0.012954688595714484	0.0039698369113067289	6.8510275788867334e-006	-1	
0.013042364841046403	0.0058004160284097252	7.481407788279431e-006	-1	
0.014583041093436791	0.0063691103396808753	4.6358520179064166e-006	-1	
0.012137270674480919	0.0032396815104299968	7.3791981728377954e-006	-1	
0.015625230969590825	0.007638337189536288	2.7274689671172509e-006	-1	
0.020799999999999999	0.013495772282608693	0	-1	
0.019441388597329655	0.012282328785160423	-4.430249963257284e-007	-1	
0.017742516844415503	0.010670489380125582	-1.5644818853890035e-007	-1	
0.016735864128065138	0.0092394581795063584	8.5074725065879125e-007	-1	
0.011500648691554293	0.0022414324831689326	6.0855527169142863e-006	-1	
0.011143793605270591	0.0018956183871491053	5.5013569422538577e-006	-1	
0.011483116448024178	0.0027380465808840089	7.5945893712675707e-006	-1	
0.0097965806747591644	0.00021761837827001475	-1.5182914421249427e-006	-1	
0.0099671561702367531	0.0018723644299696101	7.5178670375123408e-006	-1	
0.010493067177680759	0.0020589567949420226	7.3070866982309627e-006	-1	
0.0093593953176828743	0.0010495485350677401	3.6341582178304661e-006	-1	
0.010310819534402042	-0.0020190381982073003	-1.1510745494951405e-005	-1	
0.0099670255543378005	-0.001600105119757871	-1.0948460375687212e-005	-1	
0.0090634170219465043	-0.0010336058658375247	-1.082437180269165e-005	-1	
0.010454752915286841	-0.0023200432616817738	-1.2027193440557313e-005	-1	
0.010559211596229206	-0.002488991852773491	-1.2168356673832395e-005	-1	
0.01059236493098171	-0.0027204431279375637	-1.2653521438015629e-005	-1	
0.010518789962603432	-0.0025812100373965698	-1.2559159758247414e-005	-1	
0.010555179912981843	-0.0027989090701226837	-1.297664721749826e-005	-1	
0.010485569568455519	-0.0029360589673913047	-1.3540792816721793e-005	-1	
0.0104	-0.0030072293478260875	-1.4028531546411919e-005	-1	
0.010147387720104081	-0.003357290840647102	-1.5767179475952553e-005	-1	
0.010241510361724278	-0.0031139219171845574	-1.4889785398811482e-005	-1	
0.0098851157443880528	-0.0033479848790430094	-1.6951492516838091e-005	-1	
0.0080776406907270056	-0.0047739945127704426	-2.8926391797817348e-005	-1	
0.0086110240930570604	-0.0044378986310355901	-2.5304279018598557e-005	-1	
0.0087694732702761572	-0.0038276919825640204	-2.387563585713074e-005	-1	
0.0096410843153846258	-0.0032514351414674393	-1.7932928508553759e-005	-1	
0.0090743665819282351	-0.0034301616641015469	-2.139896965670122e-005	-1	
0.0023392706239636005	-0.012234212170793131	9.0732237787334952e-006	-1	
3.077549094694375e-020	-0.012008672004176834	0	-1	
0.00094310287637580311	-0.011210289399030057	9.4576937392255068e-007	-1	
0.0019266776540539318	-0.011134814352655269	4.0421143267034434e-006	-1	
0.0069144304315444834	-0.012936058967391301	3.5234665341367526e-005	-1	
0.007000000000000001	-0.012864888586956523	3.4156898167052671e-005	-1	
0.0070750182578241238	-0.012823145095034499	3.3311278313047399e-005	-1	
0.0071011783967391299	-0.012746926147872676	3.2714337391585887e-005	-1	
0.007074968206521739	-0.012699999999999999	3.2694032507770966e-005	-1	
0.0038806014960636472	-0.012050519901160977	2.6517191314402333e-005	-1	
0.0032949664670593685	-0.011797089728944044	1.6783655770819206e-005	-1	
0.0044122306367050997	-0.011697581243307269	3.3752246627636402e-005	-1	
0.0050000000000000001	-0.011386490482437703	4.3885374276310835e-005	-1	
0.0068448200870181433	-0.01279890907012269	3.5212815835521617e-005	-1	
0.0068076350690182827	-0.012720443127937554	3.5140285297794157e-005	-1	
0.0104	-0.0072062817934782615	-1.0415348403809179e-005	-1	
0.005327986080072347	-0.0097777015420473287	9.0388394353957234e-006	-1	
0.0052683599202746371	-0.010209915349511161	2.0946001158020663e-005	-1	
0.0051738570777385808	-0.0099497587421005819	1.5605474117466821e-005	-1	
0.0070487580163043472	-0.012671991398505687	3.2768118170496041e-005	-1	
0.0070112739130434778	-0.012663842912043304	3.3043622521717384e-005	-1	
0.0069032107520944084	-0.012679465167506586	3.4065190692887567e-005	-1	
0.0069711765855879947	-0.012671176585587996	3.342834566190406e-005	-1	
0.0052441455096211217	-0.011127267084055681	3.7222556774566322e-005	-1	
0.0052574862911689861	-0.010608763580263792	2.9164527240598478e-005	-1	
0.0050000000000000001	-0.010764308960698571	3.5449468652746187e-005	-1	
0.0075403585118660101	-0.0052846815217391305	-3.2351978662231173e-005	-1	
0.007252612279895901	-0.006642709159352899	-2.9083940681612248e-005	-1	
0.0071584896382757245	-0.0068860780828154337	-2.8180884517808923e-005	-1	
0.007000000000000001	-0.0061387260869565233	-3.3983957905737054e-005	-1	
0.007000000000000001	-0.0064234076086956528	-3.2464423041033817e-005	-1	
0.007000000000000001	-0.0055693630434782617	-3.6227416812865253e-005	-1	
0.0071736790245403477	-0.0071315429163557207	-2.6240234097437591e-005	-1	
0.0071798089673913044	-0.0072399382437524813	-2.5330888462974703e-005	-1	
0.0071273885869565208	-0.0073000000000000001	-2.5211289117765535e-005	-1	
0.0070887254577249341	-0.0070639410326086959	-2.7409648831859938e-005	-1	
0.0071011783967391308	-0.0073507951811149948	-2.4966157718686433e-005	-1	
0.0070429140911650511	-0.0073914159132036387	-2.5030836891859953e-005	-1	
0.0068812100373965741	-0.0074187899626034261	-2.5988768365004901e-005	-1	
0.0069794651675065857	-0.0073967892479055893	-2.5451070214846711e-005	-1	
0.0058478729783047459	-0.0077487384004223643	-3.1781987753303967e-005	-1	
0.0063510835294079797	-0.0073456206140241447	-3.1162145546188983e-005	-1	
0.005352839390173266	-0.00791939646069857	-3.5145915893233464e-005	-1	
0.0052934777157963072	-0.0083860326020029179	-2.8543733637490389e-005	-1	
0.0067322333098142947	-0.0074084576004460343	-2.7249258058583677e-005	-1	
0.005327834520215494	-0.0089392804028281519	-1.6500100989612555e-005	-1	
0.0052089104763258058	-0.009080197202051438	-1.4016290002574749e-005	-1	
0.0051770901153174982	-0.0086971233628724831	-2.4001722534721892e-005	-1	
0.005220061764338044	-0.0092935917626287799	-7.3285063529592415e-006	-1	
0.005257179710445827	-0.0094265068237678554	-2.4448678053576326e-006	-1	
0.0052226923695341439	-0.0095720983709344683	2.8445718439825157e-006	-1	
0.011859873993327273	0.0039180686412661385	9.2514034483934763e-006	-1	
0.011738501506737139	0.0050283224734016954	1.064899519516741e-005	-1	
0.01230329303793605	0.0070687024632269816	8.1055198691777928e-006	-1	
0.011713434615300399	0.0064238918226414933	1.0415399653939757e-005	-1	
0.014148078826500099	0.0079527467754492466	3.9035329440874206e-006	-1	
0.011313936868289324	0.0031987327850054952	9.1938995847993555e-006	-1	
0.0153964435386462	0.0091311493521988394	1.4930356101063816e-006	-1	
0.020799999999999999	0.015745067663043476	0	-1	
0.019397362653878342	0.015307656685984954	-8.2284217527011063e-007	-1	
0.018933499285240653	0.013913543827274227	-9.7242618741506035e-007	-1	
0.017738500023463742	0.012420113297894971	-1.086963295506184e-006	-1	
0.015970548867726832	0.010605417912921147	-2.75239557276674e-007	-1	
0.011065174232950371	0.0024807960925922949	7.715771842529089e-006	-1	
0.01074652014180703	0.0023324109556292112	7.8759388611706446e-006	-1	
0.011000343965005084	0.0028262749125394569	8.9659045642743599e-006	-1	
0.0088596807833603193	0.00029149270214674783	-1.5260266999761594e-006	-1	
0.0098462934856559971	0.0024171499931893957	1.0532105330755765e-005	-1	
0.0092389391167719877	0.0020653681816892749	1.0455839897634571e-005	-1	
0.010258169259368975	0.002348505669908442	9.0938889262709058e-006	-1	
0.010512643782162899	0.0024312904350801091	8.8005295349456696e-006	-1	
0.0083365829780535673	0.0010336058658367662	4.939088357912151e-006	-1	
0.010011793224491174	-0.0021401931502275039	-1.2986437827713629e-005	-1	
0.010258169259368975	-0.002348505669908442	-1.2796022021450785e-005	-1	
0.0094849228047126383	-0.0020132806381968878	-1.4511778766181727e-005	-1	
0.0081610608832280076	-0.0020653681816892823	-2.1220137571308993e-005	-1	
0.0080406046823172268	-0.0010495485350677743	-1.4562126901719134e-005	-1	
0.01038019383554057	-0.0025041524306101148	-1.2834518761828073e-005	-1	
0.010496789247905593	-0.0026794651675065878	-1.2892221723364845e-005	-1	
0.010490436721694698	-0.0027410476077439532	-1.3070304529991239e-005	-1	
0.010420534832493413	-0.0026032107520944053	-1.2967597498873125e-005	-1	
0.010472529335198665	-0.0028255269520586317	-1.3340424689786929e-005	-1	
0.0104	-0.0028648885869565223	-1.3706589617308434e-005	-1	
0.010311274542275073	-0.0029360589673913047	-1.4218761760031234e-005	-1	
0.010025776013494836	-0.0031264270336342466	-1.5840609021522931e-005	-1	
0.01019617190481366	-0.0029935250879559909	-1.4812927260046534e-005	-1	
0.007877012854539742	-0.0042523344553586605	-3.0453604228524194e-005	-1	
0.0075240548011559242	-0.0046970308393924085	-3.3289566863493888e-005	-1	
0.00827445551680339	-0.003904813376053902	-2.7270053032852505e-005	-1	
0.0084802462216207446	-0.0034186223064535488	-2.4942701148233429e-005	-1	
0.0098865547120292503	-0.0029299401741816624	-1.5990288314925619e-005	-1	
0.009538726086956521	-0.0027000000000000001	-1.6943573822559266e-005	-1	
0.0086999999999999994	-0.0027000000000000001	-2.1304548521963854e-005	-1	
3.077549094694375e-020	-0.010764308960698571	0	-1	
0.0010648002356729307	-0.010537217193740549	7.9186468494434443e-007	-1	
0.00042060466867514139	-0.01030732915087278	9.8914349383895624e-008	-1	
0.0016921656330270802	-0.010176628599315261	1.4011917553133146e-006	-1	
0.0023620476183666235	-0.010249620125333252	3.2144949148009313e-006	-1	
0.0028569399623847038	-0.010706950645838032	7.556002737202137e-006	-1	
0.0069274706648013336	-0.012825526952058632	3.4602949347676709e-005	-1	
0.007000000000000001	-0.01279371820652174	3.3811967347993936e-005	-1	
0.0070474310010001755	-0.012747431001000174	3.3172395631896324e-005	-1	
0.0070225478260869563	-0.012699999999999999	3.3139949478788936e-005	-1	
0.003894944488094184	-0.011321960548398043	2.1791826670238548e-005	-1	
0.0035185796361516582	-0.011065161785400644	1.5121719067039193e-005	-1	
0.0046470506527447842	-0.011075399721568138	3.2096658996848409e-005	-1	
0.0069095632783052986	-0.012741047607743954	3.433689252373085e-005	-1	
0.0050982857635803605	-0.0097532639878724851	1.0550614617572522e-005	-1	
0.0050000000000000001	-0.010142127438959442	2.3266919635229283e-005	-1	
0.0050000000000000001	-0.010453218199829008	2.9930629153275254e-005	-1	
0.0050000000000000001	-0.0099865820585246599	1.9277702265440907e-005	-1	
0.0050000000000000001	-0.0098310366780898772	1.4713207002166742e-005	-1	
0.007000000000000001	-0.012699999999999999	3.3333371939636981e-005	-1	
0.0069638429120433033	-0.012711273913043476	3.3705448669560208e-005	-1	
0.0047070624420438596	-0.010608763580263792	2.6558188921629634e-005	-1	
0.007000000000000001	-0.0050000000000000001	-3.7530001125955199e-005	-1	
0.007000000000000001	-0.0067080891304347832	-3.0684569848942122e-005	-1	
0.007000000000000001	-0.0069927706521739127	-2.8653953476016428e-005	-1	
0.0067454690586289858	-0.0062810668478260863	-3.5520544113011075e-005	-1	
0.006673732277409551	-0.0058540445652173921	-3.8222307448273201e-005	-1	
0.006628010651197949	-0.0065479945811995725	-3.5019647643339089e-005	-1	
0.0064642722692763964	-0.0052846815217391305	-4.2096606605356242e-005	-1	
0.0070750182578241203	-0.0071768549049655061	-2.6617324841960977e-005	-1	
0.0071011783967391308	-0.0072530738521273223	-2.5797132255535259e-005	-1	
0.007074968206521739	-0.0073000000000000001	-2.5594095536242738e-005	-1	
0.007000000000000001	-0.0071351114130434792	-2.7530708905618841e-005	-1	
0.0070487580163043472	-0.0073280086014943149	-2.5546380825648589e-005	-1	
0.0070112739130434778	-0.007336157087956696	-2.5753068475734207e-005	-1	
0.0068076350690182887	-0.0072795568720624478	-2.7827838550395255e-005	-1	
0.006903210752094411	-0.0073205348324934146	-2.671052340602831e-005	-1	
0.0069711765855879956	-0.0073288234144120038	-2.6118757321261278e-005	-1	
0.0054637875597593269	-0.0074379182179599157	-3.973291651087064e-005	-1	
0.0059681182082996272	-0.0070027012442956541	-3.811713549573719e-005	-1	
0.0064689149191329409	-0.0068866892374810865	-3.4077122196496397e-005	-1	
0.0067004017018449866	-0.0071806950054254907	-2.9591262818991713e-005	-1	
0.0050000000000000001	-0.0076083056998290047	-4.3856296935789963e-005	-1	
0.0050000000000000001	-0.0082304872215681352	-3.5392806683252189e-005	-1	
0.0050000000000000001	-0.0085415779824377005	-2.9855149396565263e-005	-1	
0.0051436543227455587	-0.0089304414335246562	-1.9048675451985398e-005	-1	
0.0050000000000000001	-0.009163759504176831	-1.4585906246359707e-005	-1	
0.0050845146195021241	-0.0092676856450559942	-9.7694531815950344e-006	-1	
0.0050000000000000001	-0.0090082141237420484	-1.9202982711535746e-005	-1	
0.0050000000000000001	-0.0088526687433072657	-2.3199219872043335e-005	-1	
0.0051335600535215029	-0.0094011166873052294	-4.0265170271916483e-006	-1	
0.0051410366744521537	-0.0094758755770218191	-8.173803372835638e-007	-1	
0.0051008188542600282	-0.0095393367335759819	2.0494786231990897e-006	-1	
0.0050783376345861133	-0.0096295273529745946	6.172572432285157e-006	-1	
0.011225683405169168	0.0042854380954819504	1.1562607172933503e-005	-1	
0.011141298284836494	0.0037738224310347283	1.0962690510097647e-005	-1	
0.011222363974852455	0.0057182639815088225	1.2317895205004305e-005	-1	
0.010935727730723604	0.0047153184782608697	1.3045841848867072e-005	-1	
0.010921243544547295	0.005301281553973222	1.3438669485878962e-005	-1	
0.011565826832327833	0.007537591913473308	9.0959906027597769e-006	-1	
0.011431881791700347	0.0070027012442956393	1.0459864942531803e-005	-1	
0.012127767200590923	0.0082738540563954167	6.2751276050305596e-006	-1	
0.011130317713141382	0.0065863897769668275	1.2021736248165814e-005	-1	
0.011141298284836494	0.0062261775689652736	1.2359645581298446e-005	-1	
0.01368734387547327	0.0092924733391439706	2.2245600146781522e-006	-1	
0.010844230091845241	0.0030705106343657793	1.011441296111863e-005	-1	
0.010771989348802049	0.0034520054188004311	1.1376823153082081e-005	-1	
0.01439062462055999	0.010522327051646897	-1.7477259354458197e-007	-1	
0.020799999999999999	0.017994363043478259	0	-1	
0.018964887367042261	0.017143486861335964	-1.022295531772329e-006	-1	
0.017947891031080142	0.015067340431251209	-1.7510205310255127e-006	-1	
0.01702141825989394	0.013865542428977655	-2.18822102621097e-006	-1	
0.015238700122711158	0.012008080428436547	-1.9716834061710814e-006	-1	
0.015448791068182779	0.013504550262140903	-3.2018921506672814e-006	-1	
0.01075685601724603	0.002649610951354295	8.9993834663215978e-006	-1	
0.010610288245538026	0.0025466915508678464	8.995945685356734e-006	-1	
0.010699598298154986	0.0028193049945745285	9.7234368864385658e-006	-1	
0.0079544259484412121	0.00022165757134334167	-2.8850785393145485e-006	-1	
0.010099035559562708	0.0025863357982133326	1.0550161988342239e-005	-1	
0.0099580891304347809	0.0027000000000000001	1.1459153821747928e-005	-1	
0.009538726086956521	0.0027000000000000001	1.2898066080354619e-005	-1	
0.0086999999999999994	0.0027000000000000001	1.6365589959658437e-005	-1	
0.0079150771952874403	0.0020132806381968384	1.4751854272257244e-005	-1	
0.0102701073175157	0.0025459224728267005	9.8926184415491647e-006	-1	
0.01038019383554057	0.0025041524306101148	9.4261168075417893e-006	-1	
0.01051762328731223	0.0025823767126877712	9.3686762048620181e-006	-1	
0.0074329744456618739	0.0016001051197577	1.2660925201521829e-005	-1	
0.0072896393892205556	0.00082445343968724457	3.9835200526255918e-006	-1	
0.0098462934856559971	-0.0024171499931893957	-1.4606677911284571e-005	-1	
0.010099035559562708	-0.0025863357982133326	-1.4142510289796649e-005	-1	
0.0102701073175157	-0.0025459224728267005	-1.3360523719372852e-005	-1	
0.0075537065143440052	-0.0024171499931893992	-2.7282360794940742e-005	-1	
0.0074328438297632405	-0.0018723644299695171	-2.4548416011361491e-005	-1	
0.0078612739130434778	-0.0027000000000000001	-2.6584715054935505e-005	-1	
0.0070869690233335229	-8.1739132179165343e-006	-6.8940766059709144e-006	-1	
0.0068706738241043567	-0.001122323854392703	-2.1431292472994315e-005	-1	
0.010357085908834945	-0.0026085840867963589	-1.3214308015079089e-005	-1	
0.010428823414412005	-0.0026711765855879947	-1.3117818209097141e-005	-1	
0.010436157087956694	-0.0027112739130434787	-1.3194424502765385e-005	-1	
0.010430931760984072	-0.0027581330163043479	-1.3331627035673482e-005	-1	
0.010388726086956521	-0.0026638429120433029	-1.3246485354880499e-005	-1	
0.0104	-0.0027937182065217395	-1.3535522302369081e-005	-1	
0.010324981742175877	-0.0028231450950344998	-1.3895173564802995e-005	-1	
0.010226320975459644	-0.002868457083644289	-1.4394749501212453e-005	-1	
0.010097667424188583	-0.0028140907914295664	-1.4785418885666571e-005	-1	
0.0073193231868907294	-0.004145955434782609	-3.4892215297919918e-005	-1	
0.0077917245345863854	-0.0036910322516388468	-3.0382974141990744e-005	-1	
0.007000000000000001	-0.0044306369565217394	-3.7885853359432692e-005	-1	
0.0077589156846154146	-0.0032514351414674163	-2.94509548992056e-005	-1	
0.0099580891304347809	-0.0027000000000000001	-1.5047091836685285e-005	-1	
3.077549094694375e-020	-0.010142127438959442	0	-1	
0.0009515923913043481	-0.0098626651759045666	2.4503747707301629e-007	-1	
0.00016842967409929073	-0.0099323522648636659	8.3956576265921523e-009	-1	
0.00048707010869565234	-0.0097462962063124478	4.2342174993864678e-008	-1	
0.0012612739130434785	-0.0094973980911333532	1.798838974070825e-008	-1	
0.0018806369565217396	-0.0094973980911333532	-5.3048294963551336e-008	-1	
0.0025000000000000005	-0.0094973980911333532	8.6078215851606155e-008	-1	
0.003033167635897286	-0.01018905974866231	5.0819580874540223e-006	-1	
0.0033184258247759128	-0.010655851929366762	1.0320727480747334e-005	-1	
0.0069690682390159278	-0.012758133016304346	3.3901816067181298e-005	-1	
0.007000000000000001	-0.012722547826086957	3.3451467552273735e-005	-1	
0.0042439974230676879	-0.010786388037364113	2.1595545021991865e-005	-1	
0.0037812537294752342	-0.010692873688422843	1.4641880669663728e-005	-1	
0.0050000000000000001	-0.0096754912976550929	9.267312925225384e-006	-1	
0.0048220812089364989	-0.010297672819394225	2.3037217520120625e-005	-1	
0.0047845027643805228	-0.010064354748742052	1.7309152010208904e-005	-1	
0.004846446731706271	-0.0098285532702875687	1.1961978567955798e-005	-1	
0.0049041775555207206	-0.0096862440102244811	8.0517819992815658e-006	-1	
0.0040722389364250995	-0.010321115341167747	1.2998590497164767e-005	-1	
0.0044538834213129755	-0.010106726936497203	1.3746389726307063e-005	-1	
0.0064787564554527046	-0.004698718446026779	-4.2803909045173612e-005	-1	
0.006843088306358984	-0.0068911387820356496	-3.0716393925942147e-005	-1	
0.0069144304315444816	-0.0070639410326086959	-2.8775079231920038e-005	-1	
0.0062587017151634998	-0.0062261775689652753	-4.050037251524285e-005	-1	
0.0061743165948308339	-0.0057145619045180516	-4.371352633991514e-005	-1	
0.0062696822868586154	-0.0065863897769668327	-3.8199663194458366e-005	-1	
0.0060018701870144919	-0.0047258809075610766	-4.7668951163206383e-005	-1	
0.0059426687121565732	-0.0052455864768139035	-4.7580703091533333e-005	-1	
0.007000000000000001	-0.0072062817934782615	-2.6946649150824839e-005	-1	
0.0070474310010001737	-0.0072525689989998265	-2.6200460746492483e-005	-1	
0.0070225478260869563	-0.0073000000000000001	-2.5983322302468106e-005	-1	
0.0069274706648013336	-0.0071744730479413703	-2.7775758928440275e-005	-1	
0.007000000000000001	-0.0073000000000000001	-2.6152524570429876e-005	-1	
0.0068448200870181468	-0.0072010909298773126	-2.8216798102655787e-005	-1	
0.0069095632783053003	-0.0072589523922560488	-2.7202014951705291e-005	-1	
0.0069638429120433042	-0.0072887260869565233	-2.6524470797634197e-005	-1	
0.0050000000000000001	-0.0069861241780898743	-4.9607330065420533e-005	-1	
0.0056865653846995936	-0.0064238918226415019	-4.554454668839463e-005	-1	
0.0046669945603561441	-0.0079524483511716603	-3.199104084502563e-005	-1	
0.0044993020481666167	-0.0074569970848604051	-3.4094408097134254e-005	-1	
0.0046812400408619923	-0.0083860326020029179	-2.6080055734795757e-005	-1	
0.0048516067495402446	-0.0086971233628724831	-2.3508418462933365e-005	-1	
0.0050000000000000001	-0.0092415321943942232	-1.2008285987268351e-005	-1	
0.0049274390577965579	-0.0091158560458837832	-1.4655722509817182e-005	-1	
0.0049222082189181492	-0.0092026458492855262	-1.1859805474403406e-005	-1	
0.0050443150430558503	-0.0093581912297203088	-6.7720218358194885e-006	-1	
0.0050000000000000001	-0.0093193048846116136	-9.1123870521644432e-006	-1	
0.0048616912990752563	-0.0090496411746052718	-1.5393562014939907e-005	-1	
0.0048606506287859584	-0.0089119096063910146	-1.8920593127346434e-005	-1	
0.005035733770064557	-0.0094165207473833525	-4.2522759728527551e-006	-1	
0.0050659113395961995	-0.0094768632586399396	-9.8451596214664358e-007	-1	
0.0050319610732238243	-0.0095588322623290055	3.509146441469262e-006	-1	
0.0050361570879566961	-0.0095086720041768318	7.5722926025330592e-007	-1	
0.0050000000000000001	-0.0095977186074377024	5.9598259545089906e-006	-1	
0.01072626772259045	0.004145955434782609	1.305300965384512e-005	-1	
0.010654530941371011	0.0037189331521739134	1.2434843628175361e-005	-1	
0.01072626772259045	0.0058540445652173921	1.415194212932809e-005	-1	
0.0104	0.0044306369565217394	1.4779845297962018e-005	-1	
0.0104	0.0050000000000000001	1.5412673366471314e-005	-1	
0.0104	0.0055693630434782617	1.5592209790719809e-005	-1	
0.011048916470592036	0.0073456206140241447	1.0964617433612483e-005	-1	
0.011246954964371352	0.0079874474833043115	8.8526073010504373e-006	-1	
0.010931085080867053	0.0068866892374810796	1.224153908375519e-005	-1	
0.012694028164918271	0.010302655431507313	4.0514975023171591e-007	-1	
0.011476848989503347	0.0095208958314630717	3.5388654105322922e-006	-1	
0.010771989348802049	0.0065479945811995699	1.3351255663747788e-005	-1	
0.010654530941371011	0.0062810668478260863	1.4125138087742353e-005	-1	
0.010556911693641015	0.0031088612179643528	1.1078999033878552e-005	-1	
0.0104	0.0032919108695652179	1.2151690171533528e-005	-1	
0.0104	0.0035765923913043483	1.2971111372685429e-005	-1	
0.013132252448030665	0.011681289790217306	-2.9108016441634962e-006	-1	
0.020799999999999999	0.020243658423913041	0	-1	
0.019211280369672967	0.019016444934597154	-5.8209362995589222e-007	-1	
0.01723854359648384	0.018197700235768423	-1.7680349193424433e-006	-1	
0.017111399572266449	0.016333417945998976	-2.3621889968991186e-006	-1	
0.015839755931850167	0.014964244286220554	-3.5246199248131656e-006	-1	
0.0133198126592881	0.012936404095113435	-5.0624152554114691e-006	-1	
0.014291235689060752	0.014475954252673144	-5.3054878300819068e-006	-1	
0.01059236493098171	0.0027204431279375637	9.674873119607824e-006	-1	
0.010555179912981843	0.0027989090701226837	1.0055351001967737e-005	-1	
0.010485569568455519	0.0029360589673913047	1.0726506158603947e-005	-1	
0.010220191032608694	0.0026407914230382711	1.0418445334044288e-005	-1	
0.010167770652173912	0.0027000000000000001	1.0809716043964171e-005	-1	
0.010097667424188585	0.0028140907914295621	1.1483160194995186e-005	-1	
0.0098865547120292625	0.0029299401741816589	1.2654504683162939e-005	-1	
0.0096410843153846466	0.0032514351414674263	1.4886063181421916e-005	-1	
0.0089197537783795161	0.0034186223064537578	1.8901512212344365e-005	-1	
0.0083256334180719371	0.003430161664101386	2.2287690848183424e-005	-1	
0.0078612739130434778	0.0027000000000000001	2.0520536545073667e-005	-1	
0.007388206775508813	0.0021401931502274501	1.8478716509914915e-005	-1	
0.0075537065143440026	0.0024171499931893953	2.0037775013866412e-005	-1	
0.010298821603260868	0.0026492048188850063	1.0224156196162181e-005	-1	
0.010357085908834945	0.0026085840867963589	9.9008835224876001e-006	-1	
0.010420534832493413	0.0026032107520944053	9.7061429069313175e-006	-1	
0.010496789247905593	0.0026794651675065878	9.7850857159123939e-006	-1	
0.0070891804655978221	0.0020190381982074035	1.8959200712255622e-005	-1	
0.0068876328028155808	0.0015031073807265458	1.3826444300113188e-005	-1	
0.0065233680698340369	0.00063734723378588997	2.096939701613653e-006	-1	
0.010220191032608694	-0.0026407914230382711	-1.3823586398254969e-005	-1	
0.010167770652173912	-0.0027000000000000001	-1.4192080226785829e-005	-1	
0.010298821603260868	-0.0026492048188850063	-1.3544646242056939e-005	-1	
0.0074419108695652171	-0.0027000000000000001	-2.9642759985199838e-005	-1	
0.0073009644404372935	-0.0025863357982133304	-3.0175066401892087e-005	-1	
0.0071418307406309863	-0.0023485056699084411	-3.0044144693611536e-005	-1	
0.0069069328223192606	-0.0020589567949422867	-2.9984613054832796e-005	-1	
0.007513445287970745	-0.0029299401741816672	-3.0135670679784542e-005	-1	
0.0062301536630394519	6.3527649564385749e-006	-9.4893894220709857e-006	-1	
0.0058011355234730685	-0.00079927806448231321	-2.5958375785802694e-005	-1	
0.0062562063947295765	-0.001895618387148932	-3.4513956290721109e-005	-1	
0.010351241983695652	-0.0026719913985056853	-1.3408166191261136e-005	-1	
0.0104	-0.0027000000000000001	-1.329937648746785e-005	-1	
0.0104	-0.0027225478260869567	-1.3357411939388851e-005	-1	
0.010377452173913043	-0.0027000000000000001	-1.338356256038253e-005	-1	
0.010352568998999825	-0.0027474310010001755	-1.3599676388657094e-005	-1	
0.01029882160326087	-0.0027469261478726779	-1.3804285922451062e-005	-1	
0.010220191032608694	-0.0027600617562475211	-1.4145558345584246e-005	-1	
0.007000000000000001	-0.0038612739130434786	-3.7329111384297938e-005	-1	
0.0073450688013020834	-0.0037189331521739134	-3.4034230427259047e-005	-1	
0.0075148842556119798	-0.0033479848790430723	-3.1673309459830001e-005	-1	
0.0066737322774095484	-0.004145955434782609	-4.076443675705338e-005	-1	
0.0073742239865051832	-0.0031264270336342718	-3.2031170255797117e-005	-1	
3.077549094694375e-020	-0.0098310366780898772	0	-1	
0.00064191086956521756	-0.0094973980911333532	1.0374548202093536e-008	-1	
8.7430956301781342e-005	-0.0097532639878724851	1.2604450233305376e-009	-1	
0.00021697491771530169	-0.0096323904523943089	4.7554496311580842e-009	-1	
0.00033222934782608702	-0.0094973980911333532	2.1241626878274825e-009	-1	
0.00080629907514182951	-0.0090786044522860026	-1.7621541389133656e-007	-1	
0.0017053527185752931	-0.0085584158487668465	-1.7624326618919783e-006	-1	
0.0021866453047866513	-0.0089568452488075195	-1.8124287355666851e-006	-1	
0.0031193630434782614	-0.0094973980911333532	1.290409890150245e-007	-1	
0.0028096815217391307	-0.0089097877018641074	-3.4345378832309738e-006	-1	
0.0034471979618959079	-0.0098383329125093025	3.5440671497632244e-006	-1	
0.0035744229282337809	-0.010268494519429693	8.5286435670752573e-006	-1	
0.0049102282215531829	-0.0095900101745212945	4.2898814371451108e-006	-1	
0.004659458445557086	-0.0098723871258644697	1.0792972096250468e-005	-1	
0.0047490181980274311	-0.0097098416266160666	7.105439750268408e-006	-1	
0.0048379329051806827	-0.0096161782697023798	4.7125403577572398e-006	-1	
0.0042644027150283296	-0.0099278114089531785	8.4814017271304149e-006	-1	
0.0038935668478260878	-0.0098828303034604326	5.6178565651063618e-006	-1	
0.0044898403120860993	-0.0097970765861885335	7.3744678869432492e-006	-1	
0.006177636025147544	-0.0042817360184911795	-4.5814069087239624e-005	-1	
0.0055318081594528277	-0.0058930753618411606	-4.9973406642410531e-005	-1	
0.0057019181812938569	-0.0043503267225174433	-5.0893142761980943e-005	-1	
0.0054697343374672872	-0.0048433317078034003	-5.338480305174928e-005	-1	
0.0054494464837442809	-0.0053463281915721609	-5.2724639731926909e-005	-1	
0.0069690682390159278	-0.0072418669836956532	-2.6885389533712555e-005	-1	
0.007000000000000001	-0.0072774521739130439	-2.634668778467673e-005	-1	
0.0050000000000000001	-0.0063639426563507438	-5.3827999594278279e-005	-1	
0.0040585506551179228	-0.0066969539607529627	-3.0979937515592417e-005	-1	
0.0042788522514199626	-0.0081462105360722119	-2.2657610921671727e-005	-1	
0.0039892231623045119	-0.0075728084233879214	-2.3980795967317967e-005	-1	
0.0043818617408104754	-0.0086031783702737244	-1.7702506194083832e-005	-1	
0.0045854429085952523	-0.0089119409964820151	-1.461530246194104e-005	-1	
0.0049346054524813275	-0.0092887273086120232	-9.0914712265066542e-006	-1	
0.0048443038593391045	-0.0091413191648468013	-1.2512137858385867e-005	-1	
0.0048413303890687586	-0.0092404211826881116	-9.394180488838905e-006	-1	
0.0050000000000000001	-0.009397077574829004	-5.7812081803530919e-006	-1	
0.0049542573903868991	-0.0093581912297203088	-6.6951823041070066e-006	-1	
0.0047698587437431271	-0.0090330894757052922	-1.4403221605350704e-005	-1	
0.0050237842325801087	-0.0094554070924920477	-2.4068401324454841e-006	-1	
0.0050000000000000001	-0.009435963919937701	-3.849337429094677e-006	-1	
0.0050233514153223083	-0.0094861241780898747	-6.1264590796147753e-007	-1	
0.0050000000000000001	-0.0095199459172203103	1.8208505153002479e-006	-1	
0.0050000000000000001	-0.0094973980911333532	1.3793385429727346e-007	-1	
0.0049525689989998248	-0.0095448290921335277	2.6270927204930753e-006	-1	
0.0104	0.0038612739130434786	1.369900853451526e-005	-1	
0.0104	0.0061387260869565233	1.5313823561651757e-005	-1	
0.010080676813109268	0.004145955434782609	1.5625171126006066e-005	-1	
0.0098596414881339904	0.0047153184782608697	1.7576450933798886e-005	-1	
0.0098759451988440754	0.0053029691606075926	1.7975179825475829e-005	-1	
0.010080676813109268	0.0058540445652173921	1.6948807559691543e-005	-1	
0.010667766690185709	0.0074084576004460369	1.20195436932081e-005	-1	
0.01077793644405361	0.0076338089051661041	1.1066659416626257e-005	-1	
0.010699598298155017	0.0071806950054254855	1.2459525147440708e-005	-1	
0.010660062145111456	0.0079630459454465077	1.0429131064145657e-005	-1	
0.010512367197184234	0.0084968926192736521	8.9099217457130768e-006	-1	
0.010556911693641015	0.006891138782035647	1.3584688565177153e-005	-1	
0.011876759339288601	0.011496282209013156	-3.5496236924417881e-006	-1	
0.01052932617589567	0.011122323854392687	-3.1183731857186373e-006	-1	
0.010084153408193616	0.0093228889525681976	6.1686967217413836e-006	-1	
0.0104	0.0064234076086956528	1.4981197263242487e-005	-1	
0.0104	0.0067080891304347832	1.453758135649193e-005	-1	
0.0104	0.0030072293478260875	1.1233987270409711e-005	-1	
0.01024151036172428	0.003113921917184554	1.211177127053196e-005	-1	
0.010147387720104078	0.0033572908406470986	1.3258569530306043e-005	-1	
0.010054931198697912	0.0037189331521739134	1.4698135042677191e-005	-1	
0.012174465591887999	0.012513837139863062	-5.9531676001541052e-006	-1	
0.019301895330319573	0.020578269016418162	-2.4430539802498544e-007	-1	
0.020799999999999999	0.022492953804347821	0	-1	
0.017798126623089307	0.020270110737136332	-5.7208560622585951e-007	-1	
0.015731499906537653	0.017593414363201724	-3.1930286221820342e-006	-1	
0.015685514525590968	0.019889468417696413	-1.2958007759298362e-006	-1	
0.014834972228823275	0.016239686095681841	-4.7058374757685109e-006	-1	
0.012137270674481322	0.013239681510429551	-7.606591762491959e-006	-1	
0.012471772893692126	0.014417366483606578	-8.6153941315844177e-006	-1	
0.013042364841045323	0.015800416028411514	-7.8760138415173306e-006	-1	
0.010490436721694698	0.0027410476077439532	1.0028205879233627e-005	-1	
0.010472529335198665	0.0028255269520586317	1.0382546848335693e-005	-1	
0.0104	0.0028648885869565223	1.0735632306985222e-005	-1	
0.010272611413043477	0.0027000000000000001	1.0498012462310609e-005	-1	
0.010220191032608694	0.0027600617562475185	1.0887404766925255e-005	-1	
0.010226320975459639	0.0028684570836442912	1.1279984428667322e-005	-1	
0.010196171904813667	0.0029935250879559909	1.1838360888095093e-005	-1	
0.010025776013494844	0.0031264270336342367	1.2911087786723924e-005	-1	
0.0098851157443880632	0.0033479848790429843	1.424724999862351e-005	-1	
0.009608275465413825	0.0036910322516387783	1.6574847674287243e-005	-1	
0.0091256165665077084	0.0039046311840173413	1.9593524182613951e-005	-1	
0.0086305275879046701	0.0038277361672352378	2.2113230401823122e-005	-1	
0.0077589156846154146	0.0032514351414674163	2.4769354794759875e-005	-1	
0.0077917245345863854	0.0036910322516388468	2.6911626276134878e-005	-1	
0.0074419108695652171	0.0027000000000000001	2.3068341090935556e-005	-1	
0.007513445287970745	0.0029299401741816672	2.4316882792680075e-005	-1	
0.0071418307406309819	0.0023485056699084367	2.1974245602760809e-005	-1	
0.00730096444043729	0.0025863357982133313	2.3077766783022574e-005	-1	
0.010351241983695652	0.0026719913985056853	1.0162838807653856e-005	-1	
0.010325031793478261	0.0027000000000000001	1.0345422078967616e-005	-1	
0.010388726086956521	0.0026638429120433029	1.0025633522533237e-005	-1	
0.010428823414412005	0.0026711765855879947	9.9412983959372964e-006	-1	
0.010436157087956694	0.0027112739130434787	1.0070831353349084e-005	-1	
0.0067399378548886786	0.0020369540545537041	2.1463607477605526e-005	-1	
0.0069452470847131617	0.0023200432616818406	2.3029761409015308e-005	-1	
0.0060485067718867623	0.0011459093792087396	1.2779725152534704e-005	-1	
0.0061530450356291492	0.0020125525166955487	2.5692508388945729e-005	-1	
0.0058700132850984773	0.00039806448616623092	-2.4524699634710522e-006	-1	
0.010272611413043477	-0.0027000000000000001	-1.3782021752152757e-005	-1	
0.010325031793478261	-0.0027000000000000001	-1.3581411930171115e-005	-1	
0.0073023325758114124	-0.0028140907914295638	-3.131142204629754e-005	-1	
0.0072322293478260871	-0.0027000000000000001	-3.1319348678359043e-005	-1	
0.0071798089673913044	-0.0026407914230382702	-3.1443598382587672e-005	-1	
0.0071298926824842979	-0.0025459224728266866	-3.1329165299336696e-005	-1	
0.0070198061644594287	-0.0025041524306101239	-3.201673044759799e-005	-1	
0.0068873562178371197	-0.0024312904350801312	-3.2714669977430595e-005	-1	
0.0066534798581930421	-0.002332410955629196	-3.4167687897492156e-005	-1	
0.0072038280951863551	-0.0029935250879559918	-3.2909227308943579e-005	-1	
0.0057112053270577876	0.00012396139107913131	-9.4598135309382637e-006	-1	
0.0054928486941807231	-0.00035447145180303002	-2.123719886734653e-005	-1	
0.0053526192161080207	-0.0010753997215681341	-3.4923103391315438e-005	-1	
0.0052945805678154476	-0.00060876358026378625	-2.8444809131951155e-005	-1	
0.0055879893623506042	-0.0016975812433072646	-3.9510489697169438e-005	-1	
0.0058993513084456698	-0.0022414324831686928	-4.0887940993033131e-005	-1	
0.0063348257670496292	-0.0024807960925921973	-3.8159239614334124e-005	-1	
0.0067454690586289919	-0.0037189331521739134	-3.9378477878764956e-005	-1	
0.007000000000000001	-0.0035765923913043483	-3.6687584727512452e-005	-1	
0.0072526122798959106	-0.0033572908406471046	-3.3857030623887559e-005	-1	
0.0062587017151635163	-0.0037738224310347301	-4.4254073807518819e-005	-1	
0.0071584896382757236	-0.0031139219171845639	-3.3786591818876062e-005	-1	
3.077549094694375e-020	-0.0096754912976550929	0	-1	
0.00043302083199596268	-0.0093297517143965791	-1.7080500618870116e-008	-1	
9.6565119661451166e-005	-0.0096366049525463977	8.8370920096103787e-010	-1	
0.00011550811033600659	-0.0095674230107088455	7.8672540817890259e-010	-1	
0.0001773885869565218	-0.0094973980911333532	4.207735661759198e-010	-1	
0.00025480896739130441	-0.0094104038205579544	-2.2600329494627836e-009	-1	
0.0010366059336779792	-0.0084396273659411714	-7.5612205752324795e-007	-1	
0.00025410873068266657	-0.0090082141237420484	-1.9033639813401631e-008	-1	
0.00036508598776535222	-0.0085415779824377005	-8.6696290400317701e-008	-1	
0.0024588597338038825	-0.0084129405239097756	-4.7672576372351266e-006	-1	
0.0015017456484170057	-0.0077628428505896428	-2.4841389633005439e-006	-1	
0.0034290445652173916	-0.009149741936786443	-3.5447797166292778e-006	-1	
0.0037387260869565218	-0.0094973980911333532	-1.874677089616393e-009	-1	
0.0036780708836401527	-0.0086383632421275242	-1.0100089859486539e-005	-1	
0.0030277188095648101	-0.0081976909082174549	-9.0976132312472178e-006	-1	
0.004919386888586957	-0.0095287713758828441	1.60664282320302e-006	-1	
0.0048613216032608701	-0.0095429365413167103	1.9749488519795061e-006	-1	
0.0046404505853552226	-0.0096877775653346626	5.6351996365470806e-006	-1	
0.0047689422732507102	-0.00958224193694957	3.060154595711634e-006	-1	
0.0042488703892966323	-0.0096676721175959351	3.4260482674962916e-006	-1	
0.0040484076086956533	-0.0094973980911333532	4.6263589564002097e-008	-1	
0.0044355095108695661	-0.0095896476611603658	2.2537858499909122e-006	-1	
0.0045516400815217399	-0.009621547332582428	3.3810752951087717e-006	-1	
0.0055016194913108541	-0.0039134141609782798	-5.2531406659964684e-005	-1	
0.0050000000000000001	-0.0057417611346116141	-5.672692212325251e-005	-1	
0.0050000000000000001	-0.0044973980911333523	-5.8907653287560777e-005	-1	
0.0050000000000000001	-0.0051195796128724828	-5.8356115851084939e-005	-1	
0.0044567445662908184	-0.0060528518954811785	-4.2032401097054279e-005	-1	
0.0035351836263758183	-0.0070961983118210566	-2.0466270223703616e-005	-1	
0.0031566496287742259	-0.0060573188341025708	-1.8956035667123951e-005	-1	
0.004029203064472609	-0.0086055038246313411	-1.3471893845089335e-005	-1	
0.0038132760836773866	-0.008190641424784928	-1.5894319131990376e-005	-1	
0.0034164547068779609	-0.0077436645598286218	-1.5321784658967634e-005	-1	
0.0041900203280294803	-0.0089193690146037643	-1.0351343163729698e-005	-1	
0.0046683227636319042	-0.0091164332552609341	-1.0909837400905493e-005	-1	
0.0044920455516320743	-0.0091747020461181265	-7.829103119799091e-006	-1	
0.0048780788469917104	-0.0093336291779606787	-6.6372772473296171e-006	-1	
0.0047633731105839868	-0.0091884865248993367	-1.0037563356700649e-005	-1	
0.0048185916126074809	-0.0093379974481807501	-5.8621872749252935e-006	-1	
0.0047185932002871437	-0.0092707623146688432	-7.1623682175974323e-006	-1	
0.0049684771491515824	-0.0094165207473833525	-4.3042210286158707e-006	-1	
0.004913763083952259	-0.0093814250781189892	-5.1858626364235471e-006	-1	
0.0050000000000000001	-0.0094748502650463962	-1.5811257474194394e-006	-1	
0.0049609001381219937	-0.0094582982292553477	-2.094521150642399e-006	-1	
0.004977452173913044	-0.0094973980911333532	1.2567817054620404e-007	-1	
0.0049387419836956527	-0.0094973980911333532	8.7740676456615101e-008	-1	
0.010054931198697903	0.0062810668478260863	1.6689202280914823e-005	-1	
0.0095196901699383316	0.0042557581007949229	1.8507892979685701e-005	-1	
0.0089848518505014248	0.0044593130038082162	2.1802222147211107e-005	-1	
0.0089527271580810471	0.005030675087443229	2.2878908183290331e-005	-1	
0.0095229871454601701	0.0057476655446413736	1.9835674427003203e-005	-1	
0.0096082754654138857	0.0063089677483612128	1.8838945853460704e-005	-1	
0.010559211596229206	0.0075110081472264997	1.2109744666258843e-005	-1	
0.010592364930981715	0.007279556872062447	1.2600680280574402e-005	-1	
0.010518789962603425	0.0074187899626034295	1.250163120859873e-005	-1	
0.010454752915286847	0.0076799567383182051	1.1961799748297593e-005	-1	
0.010555179912981853	0.0072010909298773117	1.2924840497693735e-005	-1	
0.010485569568455519	0.0070639410326086959	1.3491026147010311e-005	-1	
0.010310819534402098	0.0079809618017926756	1.1432462190097182e-005	-1	
0.0099670255543379167	0.0083998948802422192	1.0835716078066606e-005	-1	
0.0104	0.0069927706521739127	1.3979245901843155e-005	-1	
0.011500648691554462	0.01224143248316855	-6.2961041900846464e-006	-1	
0.011143793605270378	0.011895618387148799	-5.6921291565276172e-006	-1	
0.0099671561702367219	0.011872364429969483	-7.6036134480395742e-006	-1	
0.010493067177680705	0.012058956794942293	-7.4468474775962152e-006	-1	
0.0093593953176827581	0.011049548535067908	-3.5475337496853943e-006	-1	
0.0090634170219464228	0.0089663941341627945	1.0554802126437482e-005	-1	
0.0088643321493095117	0.0100136516628558	3.648751564853385e-006	-1	
0.01014738772010408	0.0066427091593529077	1.5724515911005086e-005	-1	
0.010241510361724281	0.0068860780828154493	1.484128119780968e-005	-1	
0.010311274542275074	0.0029360589673913047	1.1262849081606247e-005	-1	
0.011483116448024279	0.012738046580883846	-7.8003586000904382e-006	-1	
0.019192479186941658	0.02210938297609041	3.6193422384991212e-008	-1	
0.020799999999999999	0.024742249184782607	0	-1	
0.019991501268872659	0.023617601494565214	1.0163653626363526e-007	-1	
0.017545776038769407	0.022249448983763274	2.6473214323488134e-007	-1	
0.01598922918222587	0.021425925816758781	5.023029456452743e-008	-1	
0.014148078826502758	0.017952746775448999	-4.4824256626502924e-006	-1	
0.013394646370643611	0.019728527518387391	-2.420278522164405e-006	-1	
0.014444736512631806	0.021166144513816196	1.2813791061419359e-007	-1	
0.01186061074894311	0.013919442414033888	-9.4325957636151112e-006	-1	
0.011313936868289642	0.013198732785005451	-9.3970149578982572e-006	-1	
0.011685921440761486	0.014355036393274141	-1.0545467889415036e-005	-1	
0.011770050197049568	0.015034656585934504	-1.0890525606504713e-005	-1	
0.012303293037934884	0.017068702463226722	-8.5964101770316447e-006	-1	
0.011713434615300413	0.016423891822641548	-1.0831778756916868e-005	-1	
0.010430931760984072	0.0027581330163043479	1.0258564048878733e-005	-1	
0.0104	0.0027937182065217395	1.0478244217529156e-005	-1	
0.010324981742175877	0.0028231450950345007	1.0809111956121185e-005	-1	
0.010298821603260868	0.0027469261478726779	1.0601141566226407e-005	-1	
0.0078803098300615788	0.0042557581007949567	2.8496537476882702e-005	-1	
0.0082837238528558465	0.0047064763981120557	2.6811043399080788e-005	-1	
0.0075148842556119798	0.0033479848790430723	2.7070101439900784e-005	-1	
0.0073742239865051832	0.0031264270336342718	2.6663606225908782e-005	-1	
0.0073193231868907294	0.004145955434782609	3.2478757915409967e-005	-1	
0.0073450688013020834	0.0037189331521739134	3.0409709890137555e-005	-1	
0.0073023325758114124	0.0028140907914295638	2.4922162140720724e-005	-1	
0.0072322293478260871	0.0027000000000000001	2.4492479879636891e-005	-1	
0.0072038280951863551	0.0029935250879559918	2.6980426972493676e-005	-1	
0.0071298926824843005	0.002545922472826684	2.3876981778808204e-005	-1	
0.0070198061644594287	0.0025041524306101239	2.4276728266459551e-005	-1	
0.0071798089673913044	0.0026407914230382719	2.4363745067815133e-005	-1	
0.010377452173913043	0.0027000000000000001	1.0194802295640191e-005	-1	
0.010352568998999825	0.0027474310010001755	1.0445228887224674e-005	-1	
0.0104	0.0027000000000000001	1.0130730165447293e-005	-1	
0.0104	0.0027225478260869567	1.021524630180951e-005	-1	
0.006622063555946388	0.0023661910948338375	2.5915620335783553e-005	-1	
0.0068407884037708037	0.0024889918527734971	2.5460535190863517e-005	-1	
0.0056362239761749457	0.00082487839600515556	7.9920187369286252e-006	-1	
0.0055268278809993609	0.0011160910858454011	1.5814246156821372e-005	-1	
0.0055563926706612117	0.0015800774022255543	2.4808929502540448e-005	-1	
0.0053636524029352399	0.0020806035393014328	3.487362883097054e-005	-1	
0.0055220166473155079	0.0026338176667680974	3.9765680076615211e-005	-1	
0.0063510835294079302	0.0026543793859758946	3.1178652103712939e-005	-1	
0.0054734027323599345	0.00055980938814835361	1.5421891855409083e-006	-1	
0.0054517597574394406	0.00030573177007084938	-5.7919836837374015e-006	-1	
0.0071736790245403529	-0.0028684570836442834	-3.2619217836529807e-005	-1	
0.0071798089673913044	-0.0027600617562475185	-3.2053278310706362e-005	-1	
0.0071273885869565208	-0.0027000000000000001	-3.2188820754098966e-005	-1	
0.0071011783967391299	-0.002649204818885005	-3.2142442943753072e-005	-1	
0.0070429140911650503	-0.0026085840867963628	-3.2414139335955444e-005	-1	
0.0069794651675065857	-0.0026032107520944079	-3.2929425334565145e-005	-1	
0.006882376712687769	-0.0025823767126877707	-3.3657043355805077e-005	-1	
0.0067897117544619794	-0.0025466915508678299	-3.4275353852194968e-005	-1	
0.0066431439827539631	-0.0026496109513542716	-3.6217030986311135e-005	-1	
0.0070887254577249315	-0.0029360589673913047	-3.3651204636001666e-005	-1	
0.0054381778532596988	-3.6688765549535763e-005	-1.5024377315240455e-005	-1	
0.0051754394128325117	-0.00029767281939422095	-2.401369018050498e-005	-1	
0.0050000000000000001	-0.0013864904824376994	-4.364820838618362e-005	-1	
0.0050000000000000001	-0.00076430896069856888	-3.5290486494047923e-005	-1	
0.0050000000000000001	-0.00045321819982900363	-2.9784815588141177e-005	-1	
0.0050000000000000001	-0.0020086720041768299	-4.9637895441234378e-005	-1	
0.0054794361089857795	-0.0025048735069881393	-4.7520231507177346e-005	-1	
0.0059168835519757849	-0.0027380465808838701	-4.3982902810382442e-005	-1	
0.0063996560349948743	-0.0028262749125394001	-3.9499538662610328e-005	-1	
0.0066280106511979542	-0.0034520054188004355	-3.9772110911366264e-005	-1	
0.007000000000000001	-0.0032919108695652179	-3.5823923070701668e-005	-1	
0.0060860631317104516	-0.0031987327850054354	-4.4370738536318158e-005	-1	
0.007000000000000001	-0.0030072293478260875	-3.4736609712842579e-005	-1	
3.077549094694375e-020	-0.0095977186074377024	0	-1	
0.00013575885974848363	-0.0092816348991663373	-2.0731012555328293e-009	-1	
4.7431001000175366e-005	-0.0095448290921335277	1.0494289762227643e-010	-1	
9.9968206521739179e-005	-0.0094973980911333532	1.6036463780308764e-010	-1	
0.00013867839673913047	-0.0094017084781487983	-6.8104669296976966e-010	-1	
0.00068139977767627067	-0.0078005905234414998	-5.0136762755179629e-007	-1	
3.077549094694375e-020	-0.0088526687433072657	0	-1	
3.077549094694375e-020	-0.009163759504176831	0	-1	
3.077549094694375e-020	-0.0082304872215681352	0	-1	
0.0024940223075713441	-0.0073473112960848038	-8.5970969458107957e-006	-1	
0.0010465305556605212	-0.0068028444803508534	-1.6999118488939747e-006	-1	
0.0038935668478260878	-0.0091811504630484701	-4.6025028735600244e-006	-1	
0.0049000317934782614	-0.0094973980911333532	1.0159909217187188e-007	-1	
0.0048613216032608701	-0.0094973980911333532	8.7903469800174314e-008	-1	
0.0048226114130434788	-0.0094973980911333532	8.7835044678835384e-008	-1	
0.0046290604619565225	-0.0095775776814393757	2.3783189966084446e-006	-1	
0.0047451910326086963	-0.0094973980911333532	7.8389015255252429e-008	-1	
0.0046677706521739137	-0.0094973980911333532	3.0900048788332513e-008	-1	
0.0043580891304347835	-0.0094973980911333532	4.7266298275530815e-008	-1	
0.0042110367267045026	-0.0093334695344115311	-3.0837189176626446e-006	-1	
0.0045129298913043486	-0.0094973980911333532	3.1511731919936148e-008	-1	
0.0045903502717391312	-0.0094973980911333532	5.0280204270059471e-008	-1	
0.0055386550538901111	-0.0031383522360858059	-5.0085848833434523e-005	-1	
0.0050000000000000001	-0.0032530350476550913	-5.6763156748857626e-005	-1	
0.0043875052583845749	-0.005430670373742048	-4.2453002576194068e-005	-1	
0.0040962709471996954	-0.0048084888520029175	-3.7014391185836994e-005	-1	
0.0043024420142486293	-0.0038752165693942218	-4.0970083689868779e-005	-1	
0.0036057708160721767	-0.0054173370572158028	-2.7288885659650904e-005	-1	
0.0026814795349355673	-0.0052462766556021258	-1.4258809569141513e-005	-1	
0.002013966243117192	-0.006182073079418037	-7.1996734473243651e-006	-1	
0.0046219714410343981	-0.0092719843088501022	-6.3562467866576333e-006	-1	
0.0045436562414666176	-0.0093285880821124319	-4.4207292372992431e-006	-1	
0.0044251983980191341	-0.009384770213661197	-2.6422068249746076e-006	-1	
0.0048684063637911045	-0.0093924871078268721	-4.2728667174789561e-006	-1	
0.0047626573093035585	-0.0093829166723262327	-3.9049217470710524e-006	-1	
0.0048286092176454704	-0.0094111430566144721	-3.2642959617509717e-006	-1	
0.004675523163768445	-0.0093524173283327152	-4.3791663962966597e-006	-1	
0.004919386888586957	-0.0094606639463220895	-1.6761168501363169e-006	-1	
0.004897695396446149	-0.0094252591970589352	-3.1382218695382999e-006	-1	
0.0098851157443880754	0.0066520151209570281	1.6906515311487946e-005	-1	
0.0080776406907271045	0.0052260054872294839	2.8910207644529019e-005	-1	
0.0086110240930576676	0.0055621013689641481	2.5282958311184296e-005	-1	
0.0087694732702761485	0.006172308017436217	2.3840599388023063e-005	-1	
0.0096410843153846553	0.0067485648585325544	1.788344430860405e-005	-1	
0.0090743665819283236	0.0065698383358983791	2.1354628518922972e-005	-1	
0.010380193835540574	0.0074958475693898807	1.2771612100290233e-005	-1	
0.010496789247905591	0.0073205348324934146	1.2836468509706229e-005	-1	
0.010490436721694701	0.0072589523922560488	1.3015892387129871e-005	-1	
0.010420534832493413	0.0073967892479055919	1.2908268164421911e-005	-1	
0.010258169259368993	0.0076514943300915635	1.2725068455191285e-005	-1	
0.010472529335198665	0.0071744730479413703	1.3287745918252361e-005	-1	
0.0104	0.0071351114130434792	1.3653627188464736e-005	-1	
0.010011793224491174	0.0078598068497725271	1.2899719384280361e-005	-1	
0.0094849228047125898	0.0079867193618031306	1.4397989996516443e-005	-1	
0.010311274542275074	0.0070639410326086959	1.4166267034565624e-005	-1	
0.011065174232950416	0.012480796092592148	-7.9014376090686086e-006	-1	
0.010746520141806938	0.012332410955629182	-8.0402506736756672e-006	-1	
0.0098462934856559988	0.012417149993189391	-1.0644299097857638e-005	-1	
0.0092389391167719843	0.012065368181689269	-1.0518556624288904e-005	-1	
0.010258169259368965	0.012348505669908433	-9.2269020690143897e-006	-1	
0.010512643782162883	0.012431290435080133	-8.9525866667174439e-006	-1	
0.0083365829780536332	0.011033605865837112	-5.0049355373603505e-006	-1	
0.0082418960619349939	0.0091482289713050533	1.2000047108978699e-005	-1	
0.0081610608832280076	0.0079346318183107188	2.1177482948643649e-005	-1	
0.0078081494504490638	0.0098692175098832498	6.5553425221420733e-006	-1	
0.010025776013494849	0.0068735729663657701	1.5790041003029297e-005	-1	
0.010196171904813671	0.007006474912044011	1.4760408932317188e-005	-1	
0.011000343965005164	0.012826274912539393	-9.1527534150399096e-006	-1	
0.018606900938064049	0.023654811026549972	3.2582902704446501e-007	-1	
0.020799999999999999	0.026991544565217386	0	-1	
0.019825828874987694	0.025866896875	7.7941764692191289e-008	-1	
0.016147711746756548	0.023320170590254548	1.200771181444716e-006	-1	
0.014944078048455118	0.022965016959516506	1.7736725415519132e-006	-1	
0.012127767200590429	0.018273854056397334	-6.9000137876854082e-006	-1	
0.012422545293260947	0.020991656487591274	4.7307637486393552e-007	-1	
0.011476848989501222	0.019520895831460348	-4.3837624826935077e-006	-1	
0.013163906757434762	0.022402634331828618	2.9945180143228985e-006	-1	
0.011141298284836504	0.013773822431034729	-1.1177539333867585e-005	-1	
0.011222363974852448	0.014281736018491177	-1.1824834594200211e-005	-1	
0.010844230091845351	0.013070510634365852	-1.0300640432841326e-005	-1	
0.010771989348802056	0.013452005418800428	-1.1573134070116937e-005	-1	
0.011400653576561403	0.014727703422669089	-1.1802944306297226e-005	-1	
0.011225683405169183	0.015714561904518056	-1.2662600320467682e-005	-1	
0.010935727730723604	0.015284681521739129	-1.3692370072663913e-005	-1	
0.011565826832328253	0.017537591913473628	-9.6155275925034364e-006	-1	
0.011431881791700189	0.017002701244295662	-1.0920304360005857e-005	-1	
0.011130317713141385	0.016586389776966848	-1.243436417576201e-005	-1	
0.011141298284836518	0.016226177568965293	-1.2745370510141984e-005	-1	
0.007540358511866011	0.0047153184782608706	3.2343158499110983e-005	-1	
0.0072526122798959106	0.0033572908406471046	2.9101187318659663e-005	-1	
0.0071584896382757236	0.0031139219171845639	2.8202165377290796e-005	-1	
0.007000000000000001	0.0038612739130434786	3.3989199574055493e-005	-1	
0.007000000000000001	0.0044306369565217402	3.6220061327834462e-005	-1	
0.007000000000000001	0.0035765923913043483	3.2476080311864566e-005	-1	
0.0071736790245403529	0.0028684570836442834	2.626557255128552e-005	-1	
0.0071798089673913044	0.0027600617562475185	2.5357849542830978e-005	-1	
0.0071273885869565208	0.0027000000000000001	2.5239018283621812e-005	-1	
0.0070887254577249315	0.0029360589673913047	2.7433698823616155e-005	-1	
0.0071011783967391308	0.002649204818885005	2.499459947568301e-005	-1	
0.0070429140911650503	0.0026085840867963628	2.505998024490973e-005	-1	
0.0068812100373965698	0.0025812100373965724	2.6019067192986749e-005	-1	
0.0069794651675065857	0.0026032107520944079	2.5480512721486134e-005	-1	
0.006732233309814266	0.0025915423995539555	2.7279172064585799e-005	-1	
0.0053279860800723557	0.00078290535978062519	8.9257171248250192e-006	-1	
0.0052683599202746354	0.0012151191672444583	2.0889113527709826e-005	-1	
0.0051738570777385799	0.00095496255983387897	1.5511996572738484e-005	-1	
0.0052574862911689722	0.0016139673979970845	2.9096064443919423e-005	-1	
0.0050000000000000001	0.0023916943001709981	4.3728672398992163e-005	-1	
0.0050000000000000001	0.0017695127784318671	3.5391290123252164e-005	-1	
0.0059681182082996767	0.0029972987557044051	3.8165312712579387e-005	-1	
0.0050000000000000001	0.003013875821910129	4.9591008251046453e-005	-1	
0.0056865653846996187	0.0035761081773585139	4.5551073597160292e-005	-1	
0.0064689149191329391	0.0031133107625189258	3.4099690807574162e-005	-1	
0.0067004017018449822	0.0028193049945745199	2.9615551350305692e-005	-1	
0.0052571797104458287	0.00043171064150115208	-2.5810009439672558e-006	-1	
0.005222692369534143	0.00057730218866776113	2.719490685121337e-006	-1	
0.0052200617643380484	0.0002987955803620712	-7.473115278136342e-006	-1	
0.0051872269354826927	0.00010303446781149803	-1.3894735951559381e-005	-1	
0.0070750182578241221	-0.0028231450950344968	-3.3245434013455997e-005	-1	
0.0071011783967391308	-0.0027469261478726779	-3.264937711725966e-005	-1	
0.007074968206521739	-0.0027000000000000001	-3.2631907364103246e-005	-1	
0.0070487580163043472	-0.0026719913985056853	-3.2708282576009215e-005	-1	
0.0070112739130434778	-0.0026638429120433042	-3.2985935814469702e-005	-1	
0.0069711765855879947	-0.002671176585587996	-3.3372253096169733e-005	-1	
0.0069032107520944075	-0.0026794651675065865	-3.4011696939274402e-005	-1	
0.0068076350690182827	-0.0027204431279375576	-3.5088418894913779e-005	-1	
0.0067004017018449822	-0.0028193049945745199	-3.6582815444817515e-005	-1	
0.007000000000000001	-0.0028648885869565223	-3.4093430954865056e-005	-1	
0.0051522870726318946	-6.4354748742047083e-005	-1.8955314859504504e-005	-1	
0.0050000000000000001	-0.00014212743895943838	-2.3231811990771125e-005	-1	
0.0046512256463846768	-0.0010753997215681341	-3.198440638129092e-005	-1	
0.0045474549684658364	-0.0015427972628131088	-3.4893663557505281e-005	-1	
0.0046771432633040634	-0.00060876358026378625	-2.6017732046746082e-005	-1	
0.0046791630752690428	-0.00011219203005604953	-1.6673325766421794e-005	-1	
0.0043951939218069723	-0.0021434375109751795	-3.6595047489949078e-005	-1	
0.0050000000000000001	-0.0026308535259159608	-5.3904115797519107e-005	-1	
0.0065557699081546838	-0.0030705106343658236	-3.9107711127165099e-005	-1	
0.0068430883063589805	-0.0031088612179643554	-3.6569951915614315e-005	-1	
0.006914430431544479	-0.0029360589673913047	-3.5173210098676273e-005	-1	
3.077549094694375e-020	-0.0095199459172203103	0	-1	
3.077549094694375e-020	-0.0093193048846116136	0	-1	
6.9917031132453957e-005	-0.0093820890761347163	-2.5896495510969521e-010	-1	
2.254782608695655e-005	-0.0094973980911333532	8.3380191178170931e-012	-1	
4.7431001000175366e-005	-0.0094499670901331788	-3.0103643406185393e-011	-1	
3.077549094694375e-020	-0.0069861241780898743	0	-1	
3.077549094694375e-020	-0.0057417611346116141	0	-1	
0.0048774294274146245	-0.0094620228427817008	-1.4392858831457458e-006	-1	
0.0048419665081521745	-0.0094672300042457063	-1.1296674571027114e-006	-1	
0.0047840771294847826	-0.0094513825345301904	-1.5903151915943806e-006	-1	
0.0047175595003289507	-0.0094346092726505203	-1.9975545740349193e-006	-1	
0.0046386111081806666	-0.0094231411966042358	-2.1580596460420879e-006	-1	
0.0045516400815217399	-0.0094194284486511393	-2.0416314091713361e-006	-1	
0.0042504820681989698	-0.0029419442867855256	-3.7514243080148573e-005	-1	
0.0028746882621070967	-0.004326360126165817	-1.6812959693894467e-005	-1	
0.003522709438308565	-0.0034505456137190788	-2.5588614302072094e-005	-1	
0.0014429381591454268	-0.0045058996782738414	-4.0151677972579098e-006	-1	
0.004855263982330325	-0.0094344291520789339	-2.4904459437903302e-006	-1	
0.0078770128545396969	0.005747665544641325	3.0425908117360557e-005	-1	
0.0075240548011559242	0.0053029691606075926	3.3269404749492802e-005	-1	
0.0082744555168036259	0.0060951866239459911	2.7235832022496289e-005	-1	
0.008480246221620873	0.0065813776935465555	2.4898024078671055e-005	-1	
0.0098865547120292538	0.0070700598258183409	1.593191245862034e-005	-1	
0.009538726086956521	0.0073000000000000001	1.6873743261776534e-005	-1	
0.0086999999999999994	0.0073000000000000001	2.1245481085423239e-005	-1	
0.010357085908834947	0.0073914159132036404	1.3153667927640272e-005	-1	
0.0102701073175157	0.0074540775271733041	1.3296069298272647e-005	-1	
0.010428823414412003	0.0073288234144120055	1.3060401473759326e-005	-1	
0.010436157087956694	0.0072887260869565233	1.3138182802600585e-005	-1	
0.010430931760984072	0.0072418669836956532	1.3276476907632788e-005	-1	
0.010388726086956521	0.0073361570879566969	1.3188024186987225e-005	-1	
0.0098462934856559971	0.0075828500068106045	1.452690577304064e-005	-1	
0.010099035559562708	0.0074136642017866676	1.4075382686435944e-005	-1	
0.0104	0.0072062817934782615	1.3480704697463458e-005	-1	
0.010324981742175877	0.0071768549049654991	1.383979197833858e-005	-1	
0.010226320975459642	0.0071315429163557086	1.4338980103072612e-005	-1	
0.010756856017246054	0.012649610951354261	-9.1710462880353036e-006	-1	
0.010610288245538026	0.012546691550867817	-9.1570490406165898e-006	-1	
0.01009903555956271	0.012586335798213333	-1.0684265936541133e-005	-1	
0.0099580891304347809	0.012699999999999999	-1.1591236561104237e-005	-1	
0.009538726086956521	0.012699999999999999	-1.3012072934493316e-005	-1	
0.0086999999999999994	0.012699999999999999	-1.6459467604940262e-005	-1	
0.0079150771952874368	0.012013280638196868	-1.4831334673115199e-005	-1	
0.010270107317515698	0.012545922472826702	-1.0034410394834187e-005	-1	
0.010380193835540574	0.012504152430610111	-9.5725953023354358e-006	-1	
0.010517623287312235	0.012582376712687764	-9.5256610969256389e-006	-1	
0.007432974445662063	0.011600105119757747	-1.2744887009836763e-005	-1	
0.0072250883027551198	0.010767230601837794	-3.4069472463870936e-006	-1	
0.0074147099864491309	0.009302254268769284	1.4014039410759588e-005	-1	
0.0074328438297632691	0.0081276355700306002	2.4374253192473807e-005	-1	
0.0075537065143440052	0.007582850006810601	2.7194819102321639e-005	-1	
0.0078612739130434778	0.0073000000000000001	2.6522240495282375e-005	-1	
0.006815862835237615	0.010271405387055283	3.4668393017721283e-006	-1	
0.0067795242877368182	0.0095720339135877165	1.3279113639841191e-005	-1	
0.010097667424188581	0.0071859092085704368	1.4725938935907488e-005	-1	
0.010699598298155038	0.01281930499457452	-9.8965347422315501e-006	-1	
0.016481169743293059	0.024935772613727803	1.2354065213959499e-006	-1	
0.018355133469253448	0.025641293613784137	3.5747358631807805e-007	-1	
0.020799999999999999	0.029240839945652169	0	-1	
0.019095394427445164	0.027189476749360019	-1.4556997279099108e-007	-1	
0.019428353704969641	0.028646713247530906	-5.3299106384877752e-007	-1	
0.015315894616610487	0.02425982395352675	2.156994937930259e-006	-1	
0.014007332408222771	0.024579882790105506	3.8694714320858854e-006	-1	
0.0112469549643707	0.017987447483304397	-9.4088490710216724e-006	-1	
0.012075931494725941	0.023267835462902758	6.3105959632241106e-006	-1	
0.010889146536233732	0.021426585849025973	3.1947605578454251e-006	-1	
0.010512367197184467	0.018496892619273321	-9.4815677147335995e-006	-1	
0.010084153408194529	0.019322888952567962	-6.7642118776995139e-006	-1	
0.012561850567639159	0.024630121914290658	6.5701316471308947e-006	-1	
0.010654530941371016	0.013718933152173913	-1.2639748567115863e-005	-1	
0.010726267722590449	0.014145955434782607	-1.3286511936709017e-005	-1	
0.010921243544547297	0.014698718446026778	-1.3382187890159296e-005	-1	
0.010556911693641015	0.013108861217964347	-1.1255130704764908e-005	-1	
0.0104	0.01357659239130435	-1.3160631286820637e-005	-1	
0.0104	0.013291910869565217	-1.2328699340981068e-005	-1	
0.01072626772259045	0.015854044565217391	-1.449508660434882e-005	-1	
0.0104	0.015569363043478258	-1.5898302713609668e-005	-1	
0.0104	0.014999999999999999	-1.568756011923208e-005	-1	
0.011048916470592078	0.017345620614024247	-1.1442078565216866e-005	-1	
0.010931085080867001	0.016886689237481066	-1.2671113811909207e-005	-1	
0.010771989348802051	0.016547994581199581	-1.3745536049998479e-005	-1	
0.010654530941371022	0.016281066847826087	-1.4494080581063566e-005	-1	
0.007000000000000001	0.005000000000000001	3.7512135417574584e-005	-1	
0.007000000000000001	0.0032919108695652179	3.0702160477343719e-005	-1	
0.007000000000000001	0.0030072293478260875	2.8676636842322747e-005	-1	
0.0067454690586289919	0.0037189331521739134	3.5527998269489648e-005	-1	
0.0066737322774095484	0.004145955434782609	3.8218088283668135e-005	-1	
0.0064642722692763964	0.0047153184782608706	4.2077552685217034e-005	-1	
0.0066280106511979542	0.0034520054188004355	3.5033976443979642e-005	-1	
0.0070750182578241221	0.0028231450950344968	2.6643128016516738e-005	-1	
0.0071011783967391308	0.0027469261478726779	2.5824151247409408e-005	-1	
0.007074968206521739	0.0027000000000000001	2.5621806805266162e-005	-1	
0.007000000000000001	0.0028648885869565223	2.7555682769759451e-005	-1	
0.0070487580163043472	0.0026719913985056853	2.5574530110532761e-005	-1	
0.0070112739130434778	0.0026638429120433042	2.5781383923942506e-005	-1	
0.0068076350690182827	0.0027204431279375576	2.7854915642620798e-005	-1	
0.0069032107520944075	0.0026794651675065865	2.6738641787440799e-005	-1	
0.0069711765855879947	0.002671176585587996	2.6146982151412936e-005	-1	
0.0050982857635803623	0.00075846780560577933	1.0440844350516451e-005	-1	
0.0050000000000000001	0.0014584220175623017	2.9900128157595073e-005	-1	
0.0050000000000000001	0.0011473312566927362	2.3187844395377025e-005	-1	
0.0050000000000000001	0.00099178587625795359	1.9174089023014129e-005	-1	
0.0050000000000000001	0.00083624049582317075	1.4601090618465058e-005	-1	
0.0046464428814850176	0.0020806035393014328	3.1991854119036591e-005	-1	
0.0044126337742932025	0.0027027850610405633	3.3677731932606974e-005	-1	
0.0047099315354289413	0.0016139673979970845	2.6693849583042745e-005	-1	
0.0062696822868586275	0.0034136102230331805	3.8217264846019556e-005	-1	
0.0050000000000000001	0.0036360573436492599	5.3871936106610535e-005	-1	
0.0042944041091265948	0.0036360573436492599	3.7172587930787709e-005	-1	
0.0062587017151635163	0.0037738224310347301	4.0503897113235303e-005	-1	
0.0055318081594528303	0.0041069246381588501	4.9946027138436971e-005	-1	
0.0068430883063589805	0.0031088612179643554	3.0737245304930761e-005	-1	
0.0068448200870181442	0.0027989090701226915	2.8242399368243728e-005	-1	
0.006914430431544479	0.0029360589673913047	2.8798686194308383e-005	-1	
0.005141036674452152	0.00048107939475511334	-9.3816432981382e-007	-1	
0.0051335600535215029	0.00040632050503852202	-4.1482284335298628e-006	-1	
0.0051008188542600273	0.00054454055130927638	1.9341336153864112e-006	-1	
0.0050783376345861116	0.00063473117070788883	6.0605692397027137e-006	-1	
0.0050845146195021241	0.00027288946278929219	-9.8752473165501005e-006	-1	
0.0050000000000000001	0.00016896332191012684	-1.4703642455353987e-005	-1	
0.0050000000000000001	1.3417941475344242e-005	-1.9289988554336786e-005	-1	
0.0070474310010001755	-0.0027474310010001742	-3.3110104238150344e-005	-1	
0.007000000000000001	-0.0027937182065217395	-3.3750480968977625e-005	-1	
0.0070225478260869563	-0.0027000000000000001	-3.3080417556198211e-005	-1	
0.007000000000000001	-0.0027000000000000001	-3.3274906607907047e-005	-1	
0.0069638429120433033	-0.0027112739130434787	-3.3648215574752853e-005	-1	
0.0069095632783052986	-0.0027410476077439562	-3.4280858714108749e-005	-1	
0.0068448200870181442	-0.0027989090701226915	-3.5157214095012778e-005	-1	
0.0069274706648013353	-0.0028255269520586299	-3.4543614546314998e-005	-1	
0.0048561347028421567	3.019366193764296e-005	-1.6095948181634703e-005	-1	
0.0042430454798991178	-0.00084267097290726604	-2.2071963698368721e-005	-1	
0.0040739379962043618	-0.0016135820926702835	-2.6742006206115963e-005	-1	
0.0044041256879405744	-0.00037661655498197788	-1.7733743000742316e-005	-1	
0.0044801365468664037	-2.733895399950056e-006	-1.1827676532091714e-005	-1	
0.0046751866408820111	0.00011491329841504795	-1.1222704263390627e-005	-1	
0.0037404742835149061	-0.0021780818606499013	-2.5000699688973997e-005	-1	
3.077549094694375e-020	-0.0094973980911333532	0	-1	
3.077549094694375e-020	-0.009397077574829004	0	-1	
3.077549094694375e-020	-0.0094748502650463962	0	-1	
3.077549094694375e-020	-0.0044973980911333523	0	-1	
0.0028682962857912607	-0.0028504858363730791	-1.532805574086988e-005	-1	
3.077549094694375e-020	-0.0032530350476550913	0	-1	
0.0016535372676886328	-0.0022714137919455351	-4.3685858106616479e-006	-1	
0.0073193231868907294	0.0058540445652173921	3.4861732398913046e-005	-1	
0.0077917245345864887	0.0063089677483611191	3.0343429893620479e-005	-1	
0.007000000000000001	0.0055693630434782617	3.7859437019184754e-005	-1	
0.0077589156846154441	0.0067485648585325882	2.9401115616286559e-005	-1	
0.0099580891304347809	0.0073000000000000001	1.4981358332459263e-005	-1	
0.010351241983695652	0.0073280086014943149	1.3349129017748102e-005	-1	
0.010298821603260868	0.0073507951811149939	1.3483857775009518e-005	-1	
0.010220191032608694	0.0073592085769617292	1.3760872692083954e-005	-1	
0.0104	0.0073000000000000001	1.3242102873739671e-005	-1	
0.0104	0.0072774521739130439	1.3300728608829984e-005	-1	
0.010377452173913043	0.0073000000000000001	1.3325825208758834e-005	-1	
0.010167770652173912	0.0073000000000000001	1.413014069243669e-005	-1	
0.010352568998999825	0.0072525689989998247	1.3542722825368691e-005	-1	
0.01029882160326087	0.0072530738521273223	1.3746280513670264e-005	-1	
0.010220191032608694	0.0072399382437524787	1.4086468457861282e-005	-1	
0.010592364930981726	0.012720443127937554	-9.839973473870226e-006	-1	
0.010220191032608694	0.012640791423038271	-1.0561308483034425e-005	-1	
0.010167770652173912	0.012699999999999999	-1.0952279272942528e-005	-1	
0.0098865547120292781	0.012929940174181637	-1.279390518847964e-005	-1	
0.010097667424188585	0.012814090791429563	-1.1627098725226283e-005	-1	
0.0096410843153847507	0.013251435141467427	-1.5029450267933052e-005	-1	
0.0089197537783799463	0.013418622306454065	-1.9023857810367163e-005	-1	
0.0083256334180721123	0.013430161664101482	-2.2394792902680602e-005	-1	
0.0078612739130434778	0.012699999999999999	-2.0609022365408708e-005	-1	
0.0073882067755088286	0.012140193150227456	-1.8551524879223183e-005	-1	
0.0075537065143440017	0.012417149993189394	-2.0118373544663317e-005	-1	
0.010298821603260868	0.012649204818885006	-1.0371511908328579e-005	-1	
0.010357085908834945	0.012608584086796356	-1.0049848923286246e-005	-1	
0.010420534832493415	0.012603210752094404	-9.8583893877651105e-006	-1	
0.010496789247905597	0.012679465167506586	-9.9439869898390888e-006	-1	
0.0068876328028157387	0.011503107380726347	-1.390870870485617e-005	-1	
0.0070891804655978915	0.012019038198207316	-1.9016711570441105e-005	-1	
0.0065291980850624544	0.011180906384385413	-1.0953253547345684e-005	-1	
0.0063236826349680284	0.010685007584029177	-3.2306122016733973e-006	-1	
0.0068706738241039508	0.0088776761456073171	2.1336213969198059e-005	-1	
0.0069069328223192675	0.0079410432050575665	2.9894115631350536e-005	-1	
0.0071418307406309863	0.0076514943300915661	2.9956254301778751e-005	-1	
0.0074419108695652171	0.0073000000000000001	2.9573097836945549e-005	-1	
0.0073009644404372935	0.0074136642017866693	3.0100405165476812e-005	-1	
0.0075134452879707485	0.0070700598258183287	3.0076159227497247e-005	-1	
0.0062301536630391596	0.010006352764956121	9.2533359978334186e-006	-1	
0.0058011355234730659	0.0092007219355176948	2.6090061168389489e-005	-1	
0.010555179912981862	0.012798909070122695	-1.0221050067559459e-005	-1	
0.010485569568455517	0.012936058967391301	-1.0893566553784724e-005	-1	
0.016519339290485609	0.026440893301714265	7.4971888206696567e-007	-1	
0.015073979411010671	0.02601925362314747	2.165389722748641e-006	-1	
0.017437869455689974	0.027633850775955215	-2.8781268461035371e-007	-1	
0.019696638940386479	0.030365487635869562	-9.2632252778900654e-007	-1	
0.020799999999999999	0.031490135326086952	0	-1	
0.018303020504344601	0.029630596004602081	-1.4847389752936161e-006	-1	
0.013348337532659207	0.026439105783701285	4.167074649184511e-006	-1	
0.01066006214511128	0.017963045945446204	-1.0950426517731561e-005	-1	
0.010777936444053574	0.017633808905166141	-1.1560033363764104e-005	-1	
0.010737527512105221	0.022892418429747229	8.7134673374190713e-006	-1	
0.011152157148855179	0.024306538561670327	1.0321073356712347e-005	-1	
0.0090021197048145742	0.020781466980808586	1.5650735769224813e-006	-1	
0.0090176615217014387	0.022115492560422355	1.0416273118346507e-005	-1	
0.0099670255543382151	0.018399894880242292	-1.1361233426699001e-005	-1	
0.010310819534402205	0.017980961801792539	-1.1935293959667263e-005	-1	
0.0090634170219465113	0.018966394134163341	-1.112563972464859e-005	-1	
0.0085380011926045867	0.01985722164124077	-5.9927114786070445e-006	-1	
0.011387914092197167	0.026220646817253893	9.1925536444284943e-006	-1	
0.0104	0.013861273913043476	-1.3902990368242939e-005	-1	
0.0104	0.014430636956521739	-1.5022239407122847e-005	-1	
0.0104	0.013007229347826086	-1.139974352218033e-005	-1	
0.010054931198697914	0.013718933152173913	-1.4880772479486888e-005	-1	
0.010147387720104054	0.013357290840647094	-1.342809793176561e-005	-1	
0.010241510361724281	0.013113921917184534	-1.2274853774215517e-005	-1	
0.0104	0.016138726086956521	-1.5660685402459149e-005	-1	
0.010080676813109266	0.015854044565217391	-1.7261218500722283e-005	-1	
0.0098596414881339904	0.015284681521739129	-1.8314566563854589e-005	-1	
0.0098759451988440754	0.014697030839392406	-1.7699160341654326e-005	-1	
0.010667766690185704	0.017408457600446056	-1.2484428863541896e-005	-1	
0.010699598298155068	0.017180695005425493	-1.2904300813529968e-005	-1	
0.01055691169364101	0.016891138782035651	-1.3996286531161349e-005	-1	
0.0104	0.01642340760869565	-1.5348045655061128e-005	-1	
0.0104	0.016708089130434783	-1.492578765633531e-005	-1	
0.0064787564554527029	0.0053012815539732229	4.2778139557108379e-005	-1	
0.0061743165948308322	0.0042854380954819504	4.3698634905839133e-005	-1	
0.0060018701870144927	0.0052741190924389288	4.7638528668599187e-005	-1	
0.0059426687121565732	0.0047544135231861011	4.755106948697001e-005	-1	
0.007000000000000001	0.0027937182065217395	2.6972789988205696e-005	-1	
0.0070474310010001755	0.0027474310010001742	2.6227416895373967e-005	-1	
0.0070225478260869563	0.0027000000000000001	2.6011031369217986e-005	-1	
0.0069274706648013353	0.0028255269520586299	2.7801200629998719e-005	-1	
0.007000000000000001	0.0027000000000000001	2.6180236405204867e-005	-1	
0.0069095632783052986	0.0027410476077439562	2.7228922567016594e-005	-1	
0.0069638429120433033	0.0027112739130434787	2.6551982021158934e-005	-1	
0.0050000000000000001	0.00068069511538838791	9.1598887980455699e-006	-1	
0.0048174332471120932	0.0013028766371275188	2.2941912110959325e-005	-1	
0.0047618665075840044	0.0010695585664753449	1.6788849620142418e-005	-1	
0.0048464467317062684	0.00083375708802086823	1.1826501542460977e-005	-1	
0.0049041775555207197	0.00069144782795777871	7.9485574477227672e-006	-1	
0.0043189837182962586	0.0016281373866541301	2.0444615733385329e-005	-1	
0.0038938340738675242	0.002061835827331408	1.9530830414757921e-005	-1	
0.0033403200539748072	0.0029187507345415707	1.8040504152980092e-005	-1	
0.0044623773854343806	0.0012641604086403668	1.6621558696518498e-005	-1	
0.0050000000000000001	0.0042582388653883913	5.6632964103244012e-005	-1	
0.0043875052583843806	0.0045693296262579574	4.237787707960767e-005	-1	
0.0032441745352045481	0.0044134048724200643	2.1453072204439242e-005	-1	
0.0054494464837442809	0.0046536718084278514	5.2678790484944652e-005	-1	
0.0050659113395961977	0.00048206707637323492	-1.0973299219740606e-006	-1	
0.0050443150430558494	0.0003633950474536052	-6.8805828900131775e-006	-1	
0.0050357337700645578	0.00042172456511664863	-4.3623432889480739e-006	-1	
0.0050319610732238243	0.00056403608006230094	3.4003460326780181e-006	-1	
0.0050361570879566961	0.00051387582191012699	6.4777091999313695e-007	-1	
0.0050000000000000001	0.00060292242517099659	5.8537375139913898e-006	-1	
0.0050000000000000001	0.00024673601212751818	-1.2126230958044756e-005	-1	
0.0050000000000000001	0.00032450870234490949	-9.2139246179129836e-006	-1	
0.0048902570365422652	0.00017095699120418963	-1.261642951204886e-005	-1	
0.0049308097195088626	0.00024977170975796001	-1.0736805735487271e-005	-1	
0.007000000000000001	-0.0027225478260869567	-3.3392223221900059e-005	-1	
0.0069690682390159287	-0.0027581330163043479	-3.3842789504194543e-005	-1	
0.0048014731910658581	0.00016432332925130389	-1.1488857377612723e-005	-1	
0.0038129036805231069	-0.0011523181480017049	-1.9015527438998865e-005	-1	
0.0038018567133790175	-0.00062243013612436904	-1.4198230207942831e-005	-1	
0.0032037503728246037	-0.001801537733855995	-1.5941042958612591e-005	-1	
0.0041576866810309086	-7.7877780042485587e-005	-1.0329101504500782e-005	-1	
0.0043802857717490503	0.00016721437443814233	-7.4234846038999813e-006	-1	
0.0045737560810663516	0.00020492155048150456	-7.9531699509045371e-006	-1	
0.0047163608869162481	0.00024411982057275146	-8.1236637452318964e-006	-1	
0.0023370183758494797	-0.0015895647283800151	-7.486170690617879e-006	-1	
3.077549094694375e-020	-0.0020086720041768299	0	-1	
0.00094310287637580539	-0.0012102893990300523	-9.8428163991693184e-007	-1	
0.0016720933281465416	-0.00099455919011314084	-2.8192875630203446e-006	-1	
0.007000000000000001	0.0061387260869565233	3.7294479009331589e-005	-1	
0.0073450688013020869	0.0062810668478260863	3.3995753738872277e-005	-1	
0.0075148842556120006	0.0066520151209568832	3.1626121538793974e-005	-1	
0.0066737322774095501	0.0058540445652173921	4.0734160747630152e-005	-1	
0.0073742239865051962	0.0068735729663657093	3.1978358787257612e-005	-1	
0.010325031793478261	0.0073000000000000001	1.3522606677048391e-005	-1	
0.010272611413043477	0.0073000000000000001	1.3722156192378437e-005	-1	
0.010490436721694705	0.012741047607743956	-1.0188800056229149e-005	-1	
0.010272611413043477	0.012699999999999999	-1.0645960656453575e-005	-1	
0.010220191032608694	0.012760061756247519	-1.1035082272967019e-005	-1	
0.010196171904813705	0.012993525087955987	-1.199447404846333e-005	-1	
0.010025776013494888	0.01312642703363417	-1.3065310849049376e-005	-1	
0.010226320975459623	0.012868457083644303	-1.1432333546704435e-005	-1	
0.0098851157443881343	0.013347984879042828	-1.440530088660693e-005	-1	
0.0096082754654141615	0.013691032251638648	-1.6736551967483659e-005	-1	
0.0091255444831978578	0.013904813376053315	-1.9742231647978785e-005	-1	
0.0086305267297239786	0.013827691982565163	-2.2229110478515452e-005	-1	
0.0077589156846153574	0.013251435141467417	-2.4865924558164915e-005	-1	
0.0077917245345861981	0.013691032251638771	-2.7016597957482449e-005	-1	
0.0074419108695652171	0.012699999999999999	-2.3153741619996961e-005	-1	
0.0075134452879707355	0.012929940174181656	-2.4406870909416137e-005	-1	
0.0071418307406310045	0.012348505669908427	-2.2044525944661684e-005	-1	
0.0073009644404372883	0.012586335798213331	-2.3159216054097708e-005	-1	
0.010351241983695652	0.012671991398505684	-1.0313818729095206e-005	-1	
0.010325031793478261	0.012699999999999999	-1.0496080179041657e-005	-1	
0.010388726086956521	0.012663842912043302	-1.0178293404745712e-005	-1	
0.010428823414412005	0.012671176585587994	-1.009633081951672e-005	-1	
0.010436157087956697	0.012711273913043476	-1.0227639674961687e-005	-1	
0.0067399378548885494	0.012036954054553501	-2.1474155968155435e-005	-1	
0.0062622466116067236	0.011582186635274714	-1.8691339998917696e-005	-1	
0.0069452470847131487	0.012320043261681792	-2.3090152760468931e-005	-1	
0.0060485067718867034	0.011145909379208709	-1.2808990513569286e-005	-1	
0.0058700132850985475	0.010398064486166082	2.4230262482266938e-006	-1	
0.0056362239761749075	0.010824878396005181	-8.0957724354879322e-006	-1	
0.0062562063947296876	0.0081043816128511109	3.4478974147211868e-005	-1	
0.0068873562178371258	0.0075687095649198451	3.2644692407146004e-005	-1	
0.006653479858193089	0.0076675890443707899	3.4107019670476691e-005	-1	
0.0071298926824842988	0.0074540775271733127	3.1255293525388367e-005	-1	
0.0070198061644594252	0.0074958475693898772	3.19442700515483e-005	-1	
0.0073023325758114124	0.0071859092085704368	3.1248092652306776e-005	-1	
0.0072322293478260871	0.0073000000000000001	3.1251567921076733e-005	-1	
0.0071798089673913044	0.00735920857696173	3.137384128898011e-005	-1	
0.0072038280951863664	0.0070064749120440093	3.2853526517813959e-005	-1	
0.0057112053270576982	0.010123961391079158	9.3869069752478209e-006	-1	
0.0054928486941807266	0.0096455285481969796	2.1235143252784247e-005	-1	
0.0053526192161080207	0.0089246002784318726	3.4958327223477982e-005	-1	
0.0052945805678154476	0.0093912364197362222	2.8455916973602695e-005	-1	
0.0055879893623506042	0.0083024187566927421	3.9515760612720685e-005	-1	
0.010472529335198665	0.012825526952058632	-1.0545144030531886e-005	-1	
0.0104	0.012864888586956523	-1.0896134665079183e-005	-1	
0.01573919814078446	0.027991665914261651	-1.6740260999284296e-007	-1	
0.01403921357300923	0.028343188856059402	3.5585612146129882e-007	-1	
0.016998637402305752	0.029009960734663495	-1.4320541386874656e-006	-1	
0.019028949374341915	0.031854592218266295	-2.3028202679482273e-006	-1	
0.020799999999999999	0.033739430706521731	0	-1	
0.019286227780772422	0.033387331048702298	-2.5473923043359798e-006	-1	
0.017249328430425159	0.031534594654410317	-3.9963328515781415e-006	-1	
0.016207916989856928	0.030218829894048824	-3.1374650321829064e-006	-1	
0.01224946914565752	0.027394686386724744	4.9705606763523585e-006	-1	
0.010454752915286825	0.017679956738318129	-1.2441970954840431e-005	-1	
0.010559211596229185	0.017511008147226503	-1.2578804400758863e-005	-1	
0.0093976352777934563	0.023505885856439659	1.5678871211129187e-005	-1	
0.0094693834160135739	0.025248697950778904	1.8335126300098824e-005	-1	
0.0079465970473764115	0.021320076513956832	8.0124002734741938e-006	-1	
0.0080396077400960962	0.023022838467683458	2.0819309508855602e-005	-1	
0.0100117932244912	0.017859806849772536	-1.3372003312894963e-005	-1	
0.0094849228047125811	0.017986719361803169	-1.4852030461565105e-005	-1	
0.010258169259369027	0.017651494330091552	-1.3190927522024427e-005	-1	
0.0080406046823175686	0.01895045146493194	-1.4993767378347976e-005	-1	
0.0081610608832280093	0.017934631818310714	-2.14878604028576e-005	-1	
0.0071116979915096124	0.019728791993132249	-1.0265614678381613e-005	-1	
0.010557082490820501	0.027212955094862424	1.0289533065005798e-005	-1	
0.010080676813109271	0.014145955434782607	-1.5830943170848425e-005	-1	
0.010311274542275085	0.012936058967391301	-1.1421869069558913e-005	-1	
0.010054931198697881	0.016281066847826087	-1.7029256853574843e-005	-1	
0.009519690169938172	0.015744241899205133	-2.012482380687293e-005	-1	
0.0096082754654143506	0.016308967748361314	-1.9163705000801159e-005	-1	
0.0089848518505005279	0.015540686996192165	-2.3116346242248706e-005	-1	
0.0089527271580808754	0.014969324912556542	-2.2988498662937956e-005	-1	
0.0095229871454600157	0.014252334455358567	-1.8672666364655726e-005	-1	
0.0090143224258639864	0.014433040832384291	-2.1748861521767787e-005	-1	
0.010592364930981727	0.017279556872062455	-1.3049120873389817e-005	-1	
0.010518789962603419	0.017418789962603431	-1.2959391841247316e-005	-1	
0.010555179912981874	0.017201090929877299	-1.3363889847959292e-005	-1	
0.010485569568455515	0.017063941032608693	-1.3913889143332864e-005	-1	
0.0104	0.016992770652173913	-1.4390970707586358e-005	-1	
0.010147387720104066	0.016642709159352925	-1.6092961181632737e-005	-1	
0.010241510361724292	0.016886078082815469	-1.5234719815895996e-005	-1	
0.0061776360251475475	0.0057182639815088225	4.5784319014728094e-005	-1	
0.0057019181812938812	0.0056496732774825552	5.0862560120676649e-005	-1	
0.0054697343374672854	0.0051566682921966086	5.3345119744066386e-005	-1	
0.0069690682390159287	0.0027581330163043479	2.6912084776574618e-005	-1	
0.007000000000000001	0.0027225478260869567	2.6374017393887544e-005	-1	
0.0049102282215531838	0.00059521399225459049	4.192189912654328e-006	-1	
0.0045656328235046542	0.00084212305518636195	8.8713313969079491e-006	-1	
0.0047490181980274319	0.00071504544434936024	7.044386793131261e-006	-1	
0.0048379329051806827	0.00062138208743567466	4.6225833238692694e-006	-1	
0.0041068360518420662	0.0012994515915284652	1.314892548889601e-005	-1	
0.003789458419882537	0.0014635446938027655	1.2190284116209077e-005	-1	
0.0033087148563107284	0.0018991027365062628	1.1764761382229868e-005	-1	
0.002647625290093417	0.0036246116773300629	1.2273646974344447e-005	-1	
0.0025214223751283942	0.0026437250729168492	8.8859367067479393e-006	-1	
0.0042541783795194063	0.00097395912470800883	9.0287474218654123e-006	-1	
0.0050000000000000001	0.0048804203871275226	5.8297740539944302e-005	-1	
0.0040962709471990943	0.0051915111479970879	3.6928308698063202e-005	-1	
0.00211187462381986	0.0046497656895581815	8.5235191475907774e-006	-1	
0.0022332631291719493	0.0058000849304510552	9.8443109316662167e-006	-1	
0.0050233514153223066	0.00049132799582317041	-7.2097682274295827e-007	-1	
0.0050237842325801087	0.00046061091022534429	-2.5155472113076789e-006	-1	
0.0050000000000000001	0.0004022813925623008	-5.8896481845527709e-006	-1	
0.0050000000000000001	0.00044116773767099646	-3.9561435796142902e-006	-1	
0.0050000000000000001	0.00052514973495360517	1.7151455552941223e-006	-1	
0.0050000000000000001	0.0005026019088666487	3.2144211362605869e-008	-1	
0.0049525689989998256	0.00055003290986682261	2.5263313059468844e-006	-1	
0.0048967530622701537	0.00031007639010924596	-8.0237947507843118e-006	-1	
0.0049542573903868991	0.0003633950474536052	-6.8114853453644414e-006	-1	
0.0048617746243739615	0.00025530940009426545	-9.4694285919321525e-006	-1	
0.0047993763056912607	0.00027345779226907793	-8.0946008555838621e-006	-1	
0.0032029187289106796	-0.00048857409367377607	-8.2647127118324012e-006	-1	
0.0037416017539243589	-0.00019452520674909891	-8.7866680410305953e-006	-1	
0.0023720978886336381	-0.00069797831225770085	-4.6091651330363236e-006	-1	
0.0042032483695652184	0.00032700092448243703	-3.4405027879778279e-006	-1	
0.0038935668478260878	0.00020999908047971045	-4.3195242812489593e-006	-1	
0.0044355095108695661	0.00035643099725454969	-3.4825791093749699e-006	-1	
0.0046688109218183636	0.00031822297271107169	-5.5825219297990398e-006	-1	
0.0045903502717391312	0.00041460478414789782	-2.503956411104756e-006	-1	
0.0047551525697289527	0.00032316083323202636	-6.050474752310179e-006	-1	
3.077549094694375e-020	-0.00076430896069856888	0	-1	
0.0010648002356729287	-0.00053721719374054421	-8.1840735597425038e-007	-1	
0.00042060466867514091	-0.00030732915087277441	-1.0092241711127104e-007	-1	
0.0016921656330270774	-0.00017662859931525819	-1.3050012386672738e-006	-1	
0.0067454690586289841	0.0062810668478260881	3.9343372605655835e-005	-1	
0.007000000000000001	0.0064234076086956528	3.6648142237141701e-005	-1	
0.0072526122798959028	0.0066427091593528964	3.3811200298791637e-005	-1	
0.0062587017151634981	0.0062261775689652736	4.4223423424435305e-005	-1	
0.0071584896382757245	0.0068860780828154337	3.3735181990055141e-005	-1	
0.010430931760984072	0.012758133016304346	-1.0416749807353245e-005	-1	
0.010298821603260868	0.012746926147872676	-1.075224167605546e-005	-1	
0.010324981742175872	0.012823145095034506	-1.0964439947259147e-005	-1	
0.0078770128545398287	0.014252334455358624	-2.8644658767226887e-005	-1	
0.0083759115851270091	0.01463139504999361	-2.6161473221245402e-005	-1	
0.0075148842556119425	0.013347984879042986	-2.7163947076557431e-005	-1	
0.0073742239865051597	0.013126427033634236	-2.6755681471866825e-005	-1	
0.0073450688013020782	0.013718933152173913	-3.0494227777045485e-005	-1	
0.0073193231868907286	0.014145955434782607	-3.2551183371578813e-005	-1	
0.0073023325758114124	0.012814090791429563	-2.5010108368204404e-005	-1	
0.0072322293478260871	0.012699999999999999	-2.4577296354112598e-005	-1	
0.0072038280951863343	0.01299352508795599	-2.707234014263562e-005	-1	
0.0071298926824843014	0.012545922472826689	-2.3955485177681915e-005	-1	
0.0070198061644594252	0.012504152430610116	-2.4352078080572928e-005	-1	
0.0071798089673913044	0.012640791423038271	-2.4446480089069701e-005	-1	
0.010377452173913043	0.012699999999999999	-1.0348173355832739e-005	-1	
0.010352568998999823	0.012747431001000176	-1.0599068831654489e-005	-1	
0.0104	0.012699999999999999	-1.0285271411440803e-005	-1	
0.0104	0.012722547826086957	-1.0370592822339552e-005	-1	
0.0066220635559463732	0.012366191094833882	-2.5972401214326734e-005	-1	
0.0063031267375342984	0.01206628515680537	-2.5165615433819341e-005	-1	
0.0058970773036854003	0.011902614380322302	-2.6674511636669496e-005	-1	
0.0055563926706612117	0.011580077402225551	-2.4831610226417635e-005	-1	
0.0068407884037707889	0.012488991852773497	-2.5533755592255984e-005	-1	
0.0055268278809993514	0.011116091085845405	-1.5884147755868561e-005	-1	
0.0054734027323599796	0.010559809388148362	-1.6171964729495941e-006	-1	
0.0054517597574393999	0.010305731770070816	5.7266812308131114e-006	-1	
0.0053279860800723488	0.010782905359780642	-9.0092470488329405e-006	-1	
0.0058993513084456906	0.0077585675168313972	4.0867114326800224e-005	-1	
0.0063348257670496535	0.007519203907407835	3.8118454084382525e-005	-1	
0.0067897117544619889	0.0074533084491321712	3.4214436905205734e-005	-1	
0.0068823767126877733	0.0074176232873122269	3.3593682151599383e-005	-1	
0.0066431439827539743	0.0073503890486457365	3.6165281747490346e-005	-1	
0.0071011783967391299	0.0073507951811149948	3.207484497361391e-005	-1	
0.0070429140911650511	0.0073914159132036387	3.2346177864015628e-005	-1	
0.0069794651675065857	0.0073967892479055893	3.2863286721136939e-005	-1	
0.0071736790245403468	0.0071315429163557207	3.2559532670020022e-005	-1	
0.0071798089673913044	0.0072399382437524813	3.1989123241300989e-005	-1	
0.0071273885869565208	0.0073000000000000001	3.2122993463093971e-005	-1	
0.0070887254577249341	0.0070639410326086959	3.3595351885647898e-005	-1	
0.0054381778532597022	0.0099633112344504754	1.4981063803531527e-005	-1	
0.0051754394128325134	0.0097023271806057892	2.3989793402244013e-005	-1	
0.0050000000000000001	0.0086135095175623073	4.3651758952558222e-005	-1	
0.0050000000000000001	0.0092356910393014396	3.5285599783084992e-005	-1	
0.0050000000000000001	0.0095467818001710066	2.9762834578880736e-005	-1	
0.0050000000000000001	0.0079913279958231768	4.9635089003632509e-005	-1	
0.0054794361089857864	0.0074951264930119303	4.7507985615554644e-005	-1	
0.0104	0.01279371820652174	-1.0636158154702792e-005	-1	
0.014527901986984721	0.030007956518643984	-3.1827168276993822e-006	-1	
0.012835086932801791	0.029971967872351422	-3.1689518753147503e-006	-1	
0.017752605621869123	0.033135371578821654	-4.8770850267411529e-006	-1	
0.020799999999999999	0.035988726086956517	0	-1	
0.019740574878509689	0.03486407839673912	-2.1668168363638123e-006	-1	
0.018174071325534863	0.034324558755906634	-4.9789874342903248e-006	-1	
0.01664230491079554	0.033013199265469771	-6.464447383959219e-006	-1	
0.015766442404031182	0.032319975915888477	-6.7529366514992449e-006	-1	
0.014650488690174802	0.0316967106424084	-6.8999060575901465e-006	-1	
0.011158290079855908	0.028359038120887491	4.5114585460840317e-006	-1	
0.010380193835540568	0.01749584756938987	-1.3229069985000637e-005	-1	
0.0081996341981946681	0.024307363857515595	2.5032826440242406e-005	-1	
0.0093231712581428108	0.026822545134015687	1.6803289012634383e-005	-1	
0.0079221183844564828	0.025571720973816294	2.8680840398754178e-005	-1	
0.0068819706171749095	0.020799693122907602	3.8839293580204247e-006	-1	
0.0068768231226226766	0.021829794141158879	1.7998151647430202e-005	-1	
0.0069834302607522615	0.02386412359877936	3.3567579213266392e-005	-1	
0.0064048165175544106	0.022702088580098194	3.0511290175176886e-005	-1	
0.0098462934856559971	0.017582850006810601	-1.4961012675677658e-005	-1	
0.0086999999999999994	0.017299999999999999	-2.1566325621438829e-005	-1	
0.009538726086956521	0.017299999999999999	-1.7259970206760799e-005	-1	
0.010270107317515702	0.017454077527173317	-1.3742992565401713e-005	-1	
0.010099035559562706	0.017413664201786666	-1.4508033569130937e-005	-1	
0.0074328438297633108	0.018127635570030796	-2.4759107212825753e-005	-1	
0.0069440662682658475	0.018670819373874516	-2.3268286763442532e-005	-1	
0.0075537065143440078	0.017582850006810601	-2.7463140829911509e-005	-1	
0.0078612739130434778	0.017299999999999999	-2.6773159580613256e-005	-1	
0.0060485067718866539	0.019859294438524602	-1.2729763715625737e-005	-1	
0.0063046330061865543	0.019024481999448905	-2.3993130490724575e-005	-1	
0.0096184615771686549	0.028208750227563587	9.7213648308693035e-006	-1	
0.0098851157443881708	0.016652015120957198	-1.7257808320756626e-005	-1	
0.0091256165665088984	0.016095368815983103	-2.2032643656131729e-005	-1	
0.0096410843153847767	0.016748564858532503	-1.8217689647385865e-005	-1	
0.0089197537783801059	0.016581377693545618	-2.2445415059924716e-005	-1	
0.0086305275879047291	0.016172263832763472	-2.4950716866634931e-005	-1	
0.0082837238528556279	0.015293523601887092	-2.7681633321682052e-005	-1	
0.010490436721694706	0.017258952392256045	-1.3456798823173277e-005	-1	
0.010496789247905591	0.01732053483249342	-1.3283553741938367e-005	-1	
0.010420534832493411	0.017396789247905591	-1.3358356457996543e-005	-1	
0.010472529335198665	0.017174473047941365	-1.3719831513479255e-005	-1	
0.0104	0.017135111413043476	-1.4078024662043291e-005	-1	
0.010311274542275088	0.017063941032608693	-1.4579114625624322e-005	-1	
0.010025776013494908	0.016873572966365838	-1.6168631011125938e-005	-1	
0.010196171904813721	0.01700647491204401	-1.5161350979763537e-005	-1	
0.0055016194913108636	0.0060865858390216883	5.2506681558214449e-005	-1	
0.0050000000000000001	0.0055026019088666531	5.887060554529652e-005	-1	
0.004919386888586957	0.00053397519361613919	1.5099992420288969e-006	-1	
0.0048613216032608701	0.00054814035905000557	1.8845785961311597e-006	-1	
0.004644294999961527	0.00063333805390521688	3.8562169264550551e-006	-1	
0.0044355095108695661	0.00068847069988425607	4.3735843018248547e-006	-1	
0.0047689422732507111	0.00058744575468286473	2.9722831350416641e-006	-1	
0.0038161012711611236	0.0011261038877833065	8.3775268508568539e-006	-1	
0.0034567138989198012	0.0012675004361097069	7.7802812578923746e-006	-1	
0.0023563827295276125	0.0017957896754058559	4.9132072258453144e-006	-1	
0.0028080242352926986	0.001262313646854227	4.5274244302697825e-006	-1	
0.0014334248153195822	0.0036037858267939614	3.4069164130413255e-006	-1	
0.0017829620836336899	0.00219549642495053	3.5049344719701508e-006	-1	
0.0042032483695652184	0.00067615655366327747	3.2442267874716585e-006	-1	
0.0038935668478260878	0.00079659634079343937	4.1955295759210333e-006	-1	
0.0043024420142506615	0.0061247834306057836	4.0976549482277335e-005	-1	
0.0035227094382773681	0.0065494543863003629	2.5713763958182735e-005	-1	
0.0011591880921566931	0.0053318632576546832	2.5384316755395294e-006	-1	
0.0012629881610518681	0.0065597972269074234	2.863683869199356e-006	-1	
0.0028682962857371551	0.0071495141636783131	1.5298215766177221e-005	-1	
0.0050000000000000001	0.00048005408277969217	-1.687118744659497e-006	-1	
0.0049684771491515832	0.00042172456511664863	-4.408489631481022e-006	-1	
0.0049609001381219937	0.00046350204698864292	-2.1960223522308322e-006	-1	
0.004977452173913044	0.0005026019088666487	2.249825626091127e-008	-1	
0.0049387419836956527	0.0005026019088666487	-1.0665512377958553e-008	-1	
0.0048548251888269013	0.00031992069677322073	-7.1390534119470883e-006	-1	
0.0048816784277185337	0.00035359205709912215	-6.187173787755847e-006	-1	
0.004913763083952259	0.00038662889585228349	-5.2782739549893083e-006	-1	
0.0048185916126074991	0.00034320126591404193	-5.939224574489271e-006	-1	
0.0034315255208262809	0.00015276520986128684	-3.6443430493466374e-006	-1	
0.0028905058648235047	-1.5800501403287221e-005	-3.4525941542041768e-006	-1	
0.0022870271030991283	-6.4110560415433062e-005	-2.0792189580321799e-006	-1	
0.0040484076086956533	0.0005026019088666487	-7.1909163672987709e-008	-1	
0.0043580891304347835	0.0005026019088666487	-5.9113811480045532e-008	-1	
0.0037387260869565218	0.0005026019088666487	-5.7577531592983038e-008	-1	
0.0045129298913043486	0.0005026019088666487	-3.9333654190838491e-008	-1	
0.004706480842391305	0.00043045091381524307	-2.3382528999584928e-006	-1	
0.0047635901069580993	0.00038915279538602828	-3.9426302534018948e-006	-1	
0.0046677706521739137	0.0005026019088666487	-1.4837434009006961e-008	-1	
3.077549094694375e-020	-0.00014212743895943838	0	-1	
0.00095159239130434799	0.00013733482409543704	-2.3099015520646106e-007	-1	
0.00016842967409928935	6.7647735136338357e-005	-8.2146941671051872e-009	-1	
0.00048707010869565218	0.0002537037936875504	-3.8861619539270727e-008	-1	
0.0012612739130434783	0.0005026019088666487	2.3057951586486785e-008	-1	
0.0018806369565217392	0.0005026019088666487	4.3745547676121873e-008	-1	
0.0066280106511979464	0.0065479945811995725	3.9734895110285896e-005	-1	
0.007000000000000001	0.0067080891304347832	3.5778953596954204e-005	-1	
0.0060860631317103979	0.0068012672149946104	4.434207444854305e-005	-1	
0.007000000000000001	0.0069927706521739127	3.4684563587531748e-005	-1	
0.007524054801155926	0.01469703083939241	-3.2513474592734997e-005	-1	
0.0072526122798959262	0.013357290840647105	-2.9192612678465176e-005	-1	
0.0071584896382757227	0.013113921917184555	-2.8295899360049632e-005	-1	
0.007000000000000001	0.013861273913043476	-3.4051795133458231e-005	-1	
0.007000000000000001	0.01357659239130435	-3.2560577027159032e-005	-1	
0.007000000000000001	0.014430636956521739	-3.6257592135270635e-005	-1	
0.0071736790245403607	0.012868457083644289	-2.6355683560105116e-005	-1	
0.0071798089673913044	0.012760061756247519	-2.5444826211083773e-005	-1	
0.0071273885869565208	0.012699999999999999	-2.5324235781077181e-005	-1	
0.0070887254577249263	0.012936058967391301	-2.7527053768426912e-005	-1	
0.0071011783967391308	0.012649204818885006	-2.5077821382500699e-005	-1	
0.0070429140911650537	0.012608584086796359	-2.5141414957027373e-005	-1	
0.0068812100373965681	0.012581210037396571	-2.6099661988151405e-005	-1	
0.0069794651675065848	0.012603210752094408	-2.5561957243845721e-005	-1	
0.0067322333098142782	0.012591542399553964	-2.7363743799606798e-005	-1	
0.0063510835294079563	0.012654379385975873	-3.130149876147999e-005	-1	
0.0059506679273659737	0.01236769695057879	-3.2132199786399247e-005	-1	
0.0056422440008478654	0.012015491848892279	-3.0873722035464073e-005	-1	
0.0052574862911689722	0.011613967397997091	-2.917419717109079e-005	-1	
0.0054334524410740957	0.011830864061944895	-3.0437919645519371e-005	-1	
0.005268359920274631	0.011215119167244467	-2.0965758427741616e-005	-1	
0.0051738570777385799	0.010954962559833891	-1.5595703197155476e-005	-1	
0.0052571797104458366	0.010431710641501146	2.5096907845060881e-006	-1	
0.0052226923695341491	0.01057730218866778	-2.7968263864011834e-006	-1	
0.0052200617643380328	0.010298795580362088	7.4076810785758575e-006	-1	
0.0051872269354826936	0.010103034467811512	1.3840273710379582e-005	-1	
0.0050982857635803631	0.010758467805605791	-1.0524763229405733e-005	-1	
0.0059168835519758127	0.0072619534191161886	4.3958039618664498e-005	-1	
0.0063996560349948804	0.0071737250874606296	3.9459758963523487e-005	-1	
0.006807635069018287	0.0072795568720624478	3.5032571696922014e-005	-1	
0.006903210752094411	0.0073205348324934146	3.3951233394276501e-005	-1	
0.0067004017018449805	0.007180695005425489	3.6533072818614952e-005	-1	
0.0070487580163043472	0.0073280086014943149	3.2643102914539404e-005	-1	
0.007074968206521739	0.0073000000000000001	3.256729429343063e-005	-1	
0.0070112739130434778	0.007336157087956696	3.2921444834470527e-005	-1	
0.0069711765855879956	0.0073288234144120038	3.3309271227892782e-005	-1	
0.0070750182578241195	0.0071768549049655061	3.3185824785945584e-005	-1	
0.0071011783967391308	0.0072530738521273223	3.2586179151045374e-005	-1	
0.007000000000000001	0.0071351114130434792	3.4036926303328852e-005	-1	
0.0051522870726318955	0.009935645251257964	1.8911516571124186e-005	-1	
0.0050000000000000001	0.0098578725610405718	2.3189528973058597e-005	-1	
0.0046512256463846656	0.0089246002784318726	3.1967612994633021e-005	-1	
0.0045474549684628874	0.0084572027371835872	3.4882255796470772e-005	-1	
0.0046771432633042013	0.0093912364197362222	2.5987710542834467e-005	-1	
0.004679163075268976	0.0098878079699449648	1.6617621773518882e-005	-1	
0.0043951939217922401	0.0078565624890052834	3.6590793492918175e-005	-1	
0.0050000000000000001	0.0073691464740840464	5.3902022834024791e-005	-1	
0.0055386550538900755	0.0068616477639143244	5.0069377429096336e-005	-1	
0.01246606859432196	0.031666545912075246	-9.01020486844429e-006	-1	
0.01139174310425646	0.030933491589920967	-6.8753018207968576e-006	-1	
0.011129177611923774	0.029659489623844185	-9.7810697914357591e-007	-1	
0.01700037103445454	0.034071255215903429	-6.966036221812019e-006	-1	
0.020799999999999999	0.037113373777173914	0	-1	
0.019854800430187315	0.036551049932065212	-2.2032270485387458e-006	-1	
0.018590810864841593	0.035515410399852343	-4.7099422174407948e-006	-1	
0.017299670977973761	0.035234077042525881	-7.2997274690899356e-006	-1	
0.015654987186661796	0.03359331405916275	-8.9086083551825158e-006	-1	
0.014333484931901303	0.033185255998232938	-1.0593352342349556e-005	-1	
0.012836034353831844	0.032913409671522849	-1.2556610189806085e-005	-1	
0.01035708590883495	0.017391415913203635	-1.3599591746038991e-005	-1	
0.0082076528106556374	0.028344321456880674	1.573798640494143e-005	-1	
0.0075404346971394785	0.027440634882821384	2.5947846936277455e-005	-1	
0.0061386718199743593	0.026160642518879937	4.4284190932580752e-005	-1	
0.0061758040560931857	0.02488042038712749	4.4220654852209914e-005	-1	
0.0061802210298192396	0.021553803274774439	1.8494519583987376e-005	-1	
0.005870013285098623	0.020607139331567305	1.9603145894597529e-006	-1	
0.0061468089197995179	0.021998627484140134	2.5202234848891419e-005	-1	
0.0057055002815555615	0.023636057343649236	4.4840699132794691e-005	-1	
0.005792718415461676	0.022269929642390968	3.2100568200722232e-005	-1	
0.0055878425585495824	0.02270278506104054	3.9183845078864668e-005	-1	
0.0099580891304347809	0.017299999999999999	-1.5394217040174392e-005	-1	
0.0083256334180722424	0.016569838335898583	-2.6241514918772773e-005	-1	
0.0098865547120292573	0.017070059825818353	-1.6317799127315844e-005	-1	
0.010220191032608694	0.017359208576961729	-1.4195602514247174e-005	-1	
0.010298821603260868	0.017350795181114993	-1.3922464650188359e-005	-1	
0.010167770652173912	0.017299999999999999	-1.4556047793961345e-005	-1	
0.0069069328223193135	0.017941043205057204	-3.0075489415140158e-005	-1	
0.0071418307406309941	0.017651494330091569	-3.01782386014306e-005	-1	
0.0062562063947299747	0.018104381612851328	-3.4526472127790396e-005	-1	
0.0074419108695652171	0.017299999999999999	-2.9800013446848933e-005	-1	
0.0073009644404372935	0.01741366420178667	-3.0322520263876846e-005	-1	
0.0077589156846154337	0.016748564858532551	-2.962270073312311e-005	-1	
0.007513445287970758	0.017070059825818322	-3.0291779257084084e-005	-1	
0.005636223976174878	0.020180325421728085	-8.1793303922412086e-006	-1	
0.0055268278809993436	0.019889112731887881	-1.591923477856547e-005	-1	
0.0055563926706612117	0.019425126415507737	-2.4851807797575714e-005	-1	
0.00546128456736545	0.018928863180358711	-3.3718460126898746e-005	-1	
0.0055511116591621459	0.01830241875669273	-4.0095959470513207e-005	-1	
0.0090995541219296462	0.029527649763838391	3.1662102457242759e-006	-1	
0.007880309830061525	0.015744241899205026	-3.0568339343660203e-005	-1	
0.0077917245345863993	0.016308967748361096	-3.0522583215893111e-005	-1	
0.0075403585118660119	0.015284681521739129	-3.3217122616208843e-005	-1	
0.010430931760984075	0.017241866983695651	-1.3712450143124739e-005	-1	
0.010436157087956697	0.017288726086956523	-1.3578841524739572e-005	-1	
0.010428823414412003	0.017328823414412005	-1.350444387274047e-005	-1	
0.010388726086956521	0.017336157087956695	-1.3630471773029358e-005	-1	
0.0104	0.017206281793478259	-1.391161407292423e-005	-1	
0.01032498174217587	0.01717685490496549	-1.4263645273486495e-005	-1	
0.010226320975459623	0.017131542916355689	-1.4752831868723782e-005	-1	
0.01009766742418858	0.017185909208570434	-1.5136682154405142e-005	-1	
0.0050000000000000001	0.006746964952344915	5.6760270179568888e-005	-1	
0.0049000317934782614	0.0005026019088666487	8.344529481802887e-009	-1	
0.0048613216032608701	0.0005026019088666487	-2.5836454819699905e-010	-1	
0.0048226114130434788	0.0005026019088666487	4.6781539056763483e-009	-1	
0.0047451910326086963	0.0005026019088666487	6.5428341174688877e-009	-1	
0.0035120676022923473	0.00088076743413106927	4.0270358109403614e-006	-1	
0.0031342951168418427	0.0010240241959353169	4.1927406025638895e-006	-1	
0.0021072076318439568	0.0011427288103532077	2.1360387115870098e-006	-1	
0.0027517958940822024	0.00084281146011303681	2.0566142104953114e-006	-1	
3.077549094694375e-020	0.003013875821910129	0	-1	
3.077549094694375e-020	0.0042582388653883913	0	-1	
0.00068139977767627089	0.0021994094765585017	5.0357232720111572e-007	-1	
0.0014367296234947219	0.001149753670050822	9.868426010537655e-007	-1	
0.0042504820682282979	0.007058055713214482	3.7542853762470891e-005	-1	
0.003740474283496764	0.0078219181393599409	2.4987286832238184e-005	-1	
3.077549094694375e-020	0.0055026019088666531	0	-1	
3.077549094694375e-020	0.0079913279958231768	0	-1	
0.0016535372676885324	0.0077285862080553195	4.2832086692830622e-006	-1	
0.0023370183758498492	0.0084104352716320319	7.4359471834614322e-006	-1	
0.0032037503728237033	0.0081984622661816497	1.5906438596685669e-005	-1	
0.004919386888586957	0.000465867764055385	-1.7711571411237489e-006	-1	
0.0048976953964461507	0.0004304630147922299	-3.2287391976265629e-006	-1	
0.0048684063637911062	0.00039769092556017171	-4.3556428666751222e-006	-1	
0.0048286092176454704	0.00041634687434776092	-3.343319133111501e-006	-1	
0.0031193630434782609	0.0005026019088666487	-6.5215984015826852e-008	-1	
0.0025000000000000001	0.0005026019088666487	7.8390932457500159e-008	-1	
0.0047840771294847791	0.00045658635226348269	-1.6642935422828137e-006	-1	
3.077549094694375e-020	0.00016896332191012684	0	-1	
0.00064191086956521745	0.0005026019088666487	-2.8277272022459518e-009	-1	
8.7430956301781383e-005	0.00024673601212751818	-1.167128760187572e-009	-1	
0.00021697491771529998	0.00036760954760569372	-4.039240669937682e-009	-1	
0.00033222934782608702	0.0005026019088666487	-3.1630779358944314e-010	-1	
0.00080629907514182908	0.00092139554771400044	1.8850401371376097e-007	-1	
0.006555769908154669	0.0069294893656341753	3.9066905064723926e-005	-1	
0.006843088306358984	0.0068911387820356522	3.6523469968527788e-005	-1	
0.0069144304315444825	0.0070639410326086959	3.5120810758814532e-005	-1	
0.007000000000000001	0.014999999999999999	-3.7551517614303063e-005	-1	
0.007000000000000001	0.013291910869565217	-3.0798372698721188e-005	-1	
0.007000000000000001	0.013007229347826086	-2.8774082083239273e-005	-1	
0.0067454690586289832	0.013718933152173913	-3.5608132883305849e-005	-1	
0.0066737322774095519	0.014145955434782609	-3.8201426185634346e-005	-1	
0.0066280106511979429	0.013452005418800428	-3.5144012671924492e-005	-1	
0.0064787564554527029	0.014698718446026778	-4.1878742310509564e-005	-1	
0.0070750182578241247	0.012823145095034499	-2.6733538714537714e-005	-1	
0.0071011783967391308	0.012746926147872676	-2.5911461314493952e-005	-1	
0.007074968206521739	0.012699999999999999	-2.5707470711876439e-005	-1	
0.007000000000000001	0.012864888586956523	-2.7649285617020702e-005	-1	
0.0070487580163043472	0.012671991398505687	-2.5659171544901025e-005	-1	
0.0070112739130434778	0.012663842912043304	-2.5866005027328264e-005	-1	
0.0068076350690182827	0.012720443127937554	-2.7947952961554959e-005	-1	
0.0069032107520944084	0.012679465167506586	-2.6825938277033222e-005	-1	
0.0069711765855879947	0.012671176585587996	-2.6232558979143123e-005	-1	
0.0067004017018449805	0.012819304994574515	-2.9722027983825653e-005	-1	
0.0060940988434507858	0.013080880169782705	-3.7697187251638174e-005	-1	
0.0064689149191329513	0.013113310762518919	-3.4244788984676711e-005	-1	
0.005759958043711105	0.012907996509813557	-3.9692347592876586e-005	-1	
0.0056054725922040994	0.012358837410072066	-3.5763947231542033e-005	-1	
0.0053086753992145665	0.012182344528886896	-3.7057297519283516e-005	-1	
0.0050000000000000001	0.011458422017562309	-2.9987218795031442e-005	-1	
0.0050000000000000001	0.011769512778431874	-3.5473831677062089e-005	-1	
0.0050000000000000001	0.011147331256692745	-2.3277299904341254e-005	-1	
0.0050000000000000001	0.010991785876257962	-1.9263451211365602e-005	-1	
0.0050000000000000001	0.010836240495823182	-1.4688715196588712e-005	-1	
0.0051410366744521589	0.010481079394755123	8.6346734348229726e-007	-1	
0.0051335600535214994	0.010406320505038529	4.0765879994707524e-006	-1	
0.0051008188542600282	0.010544540551309288	-2.0118834211756874e-006	-1	
0.0050783376345861107	0.010634731170707899	-6.1416580510013302e-006	-1	
0.005084514619502125	0.010272889462789305	9.809269072522454e-006	-1	
0.0050000000000000001	0.010168963321910135	1.4641711293676078e-005	-1	
0.0050000000000000001	0.010013417941475356	1.923740016941655e-005	-1	
0.0050000000000000001	0.010680695115388399	-9.2441004970704415e-006	-1	
0.006844820087018145	0.0072010909298773108	3.5102668370664326e-005	-1	
0.0069095632783053003	0.007258952392256047	3.4222428474505881e-005	-1	
0.0069638429120433042	0.0072887260869565233	3.3587063388975515e-005	-1	
0.0070225478260869563	0.0073000000000000001	3.3017153228264379e-005	-1	
0.0070474310010001737	0.0072525689989998265	3.3048157334810097e-005	-1	
0.007000000000000001	0.0073000000000000001	3.3212264828994136e-005	-1	
0.007000000000000001	0.0072062817934782615	3.3691472277032138e-005	-1	
0.0069274706648013362	0.0071744730479413685	3.4487572616641193e-005	-1	
0.0048561347028420404	0.010030193661937479	1.6038029984004396e-005	-1	
0.0042430454799011422	0.0091573290270985288	2.2035273327434845e-005	-1	
0.0040739379961960863	0.008386417907335882	2.6720694837122916e-005	-1	
0.0044041256879420055	0.0096233834450193609	1.7682541151751591e-005	-1	
0.0044801365468667862	0.0099972661046002706	1.1759661310956444e-005	-1	
0.0046751866408820337	0.010114913298415287	1.1154333216915525e-005	-1	
0.010906931640433146	0.03218115870205112	-1.3692152214241527e-005	-1	
0.010128573076081943	0.030490640759429147	-4.7063129746435739e-006	-1	
0.015951267053954388	0.035084757465243775	-1.007679970086877e-005	-1	
0.020799999999999999	0.038238021467391303	0	-1	
0.019691817618624392	0.037675697622282608	-2.6843992330914552e-006	-1	
0.018788855137295394	0.036821920687432924	-4.6759142161093209e-006	-1	
0.017588789794705673	0.037131080854134753	-7.5171466125588051e-006	-1	
0.016464964797223348	0.036608822096243672	-9.9239317155062199e-006	-1	
0.014690272126439741	0.034584376339247928	-1.2275009970902652e-005	-1	
0.013278377227233488	0.034282072478167912	-1.5123437993570555e-005	-1	
0.010915907558008133	0.033668884256862604	-2.0166869529415494e-005	-1	
0.011923097280708925	0.034763862227427014	-2.0068973705496655e-005	-1	
0.010351241983695652	0.017328008601494315	-1.3788630147863015e-005	-1	
0.0077540580182057818	0.029371979570944607	8.9612961722921351e-006	-1	
0.007182380270955269	0.02880328295251558	1.8090982781713037e-005	-1	
0.0064713696529498958	0.028358301851412575	2.8351664914141125e-005	-1	
0.00571456605504762	0.027369146474084002	4.3757736290919647e-005	-1	
0.0050000000000000001	0.025502601908866621	5.7912371732523477e-005	-1	
0.0050000000000000001	0.026746964952344875	5.5509929198562007e-005	-1	
0.0050000000000000001	0.024258238865388363	5.5880031278788594e-005	-1	
0.0057510276607285896	0.02179285542262056	2.6115311528792366e-005	-1	
0.0054164267253683854	0.021099323696381799	1.6018383134621697e-005	-1	
0.0054734027323600221	0.020445394429584915	-1.7767404071022902e-006	-1	
0.0054517597574393869	0.020699472047662495	5.6112586399851048e-006	-1	
0.0050000000000000001	0.023013875821910106	4.9344590172992291e-005	-1	
0.0053528393901732616	0.022080603539301417	3.483186797410663e-005	-1	
0.0050000000000000001	0.022391694300170979	4.3468429357057399e-005	-1	
0.010272611413043477	0.017299999999999999	-1.4154379672397631e-005	-1	
0.010325031793478261	0.017299999999999999	-1.3957921919467972e-005	-1	
0.010220191032608694	0.017239938243752476	-1.4509900603427589e-005	-1	
0.0068873562178371458	0.017568709564919793	-3.2822841187861105e-005	-1	
0.0066534798581932121	0.017667589044370775	-3.4254435308170736e-005	-1	
0.00701980616445942	0.017495847569389877	-3.2138165137226088e-005	-1	
0.007129892682484297	0.017454077527173307	-3.1460606592770216e-005	-1	
0.0058993513084456359	0.017758567516831726	-4.0990692856172452e-005	-1	
0.0063348257670496752	0.017519203907407955	-3.8246389886914508e-005	-1	
0.0073023325758114158	0.017185909208570434	-3.145337601803958e-005	-1	
0.0072322293478260871	0.017299999999999999	-3.1457952739500276e-005	-1	
0.0071798089673913044	0.017359208576961729	-3.1578605295880768e-005	-1	
0.0075148842556119842	0.016652015120956893	-3.1815266738792525e-005	-1	
0.0073742239865051849	0.01687357296636571	-3.2169624707718454e-005	-1	
0.0072038280951863595	0.017006474912044003	-3.3038593727316536e-005	-1	
0.0053279860800723488	0.020222298457952637	-9.1213222977033314e-006	-1	
0.0052683599202746258	0.019790084650488815	-2.0989472438318005e-005	-1	
0.0051738570777385825	0.020050241257899389	-1.5680956653804302e-005	-1	
0.0052574862911689722	0.019391236419736207	-2.9104654916897418e-005	-1	
0.0052504300440481197	0.019112026000660046	-3.3757127364102509e-005	-1	
0.0050000000000000001	0.018924600278431857	-3.9917476918499719e-005	-1	
0.0050000000000000001	0.018613509517562292	-4.373191606720183e-005	-1	
0.0050000000000000001	0.017991327995823165	-4.9745867858755386e-005	-1	
0.0054794361089857743	0.017495126493012117	-4.7625054546887798e-005	-1	
0.0087345934872364427	0.030283149623532502	-2.5194168489584357e-006	-1	
0.0073193231868907286	0.015854044565217391	-3.4980704107612202e-005	-1	
0.0073450688013020982	0.016281066847826084	-3.414379485848736e-005	-1	
0.007000000000000001	0.015569363043478258	-3.7922894921755361e-005	-1	
0.0104	0.017277452173913042	-1.3738264022570823e-005	-1	
0.0104	0.017299999999999999	-1.3681764256316359e-005	-1	
0.010377452173913043	0.017299999999999999	-1.3764188817767764e-005	-1	
0.010352568998999823	0.017252568998999823	-1.3975188669721894e-005	-1	
0.01029882160326087	0.017253073852127324	-1.4175640753380512e-005	-1	
0.0048774294274146228	0.00046722666051499546	-1.5280771400024677e-006	-1	
0.0048419665081521745	0.00047243382197900333	-1.2135798373832254e-006	-1	
3.077549094694375e-020	0.0017695127784318671	0	-1	
0.00036508598776535206	0.0014584220175623017	7.7310015492489225e-008	-1	
3.077549094694375e-020	0.0092356910393014396	0	-1	
0.00094310287637580268	0.0087897106009699657	9.6913351769299058e-007	-1	
0.0016720933281460463	0.00900544080988697	2.7885737107222959e-006	-1	
0.0023720978886306462	0.0093020216877471584	4.5639642718657189e-006	-1	
0.0038129036805340296	0.0088476818520058474	1.8977626575811758e-005	-1	
0.0032029187289050846	0.0095114259063196135	8.2071568069458641e-006	-1	
0.0048552639823303224	0.00043963296981222854	-2.5745135721499199e-006	-1	
3.077549094694375e-020	0.00032450870234490949	0	-1	
0.0004330208319959616	0.0006702482856034231	2.0226495260243224e-008	-1	
9.6565119661449743e-005	0.0003633950474536052	-7.4535198884682853e-010	-1	
0.00011550811033600538	0.00043257698929115708	-5.8147857108914208e-010	-1	
0.00017738858695652177	0.0005026019088666487	7.8181881717706957e-011	-1	
0.00025480896739130441	0.0005895961794420469	3.309589545607777e-009	-1	
0.00025410873068266738	0.00099178587625795359	1.8977671549501839e-008	-1	
0.0064642722692763895	0.015284681521739129	-4.289602102053639e-005	-1	
0.0068430883063589831	0.013108861217964347	-3.0843643950027344e-005	-1	
0.0069144304315444834	0.012936058967391301	-2.8897406547577844e-005	-1	
0.0062587017151634946	0.01377382243103473	-4.0661086317688473e-005	-1	
0.005809354745035444	0.014147453931287544	-4.7073373413766713e-005	-1	
0.0062696822868586024	0.013413610223033166	-3.834910155513003e-005	-1	
0.0056841510368637205	0.015071215489212513	-5.086499492762975e-005	-1	
0.0070474310010001755	0.012747431001000174	-2.6315487238329142e-005	-1	
0.007000000000000001	0.01279371820652174	-2.706371783927442e-005	-1	
0.0070225478260869563	0.012699999999999999	-2.6097345902156437e-005	-1	
0.0069274706648013336	0.012825526952058632	-2.7895583713506637e-005	-1	
0.007000000000000001	0.012699999999999999	-2.6266888559259949e-005	-1	
0.0068448200870181433	0.01279890907012269	-2.8339020323126619e-005	-1	
0.0069095632783052986	0.012741047607743954	-2.7319811927308427e-005	-1	
0.0069638429120433033	0.012711273913043476	-2.6639880043454204e-005	-1	
0.0057701952483156004	0.013297557612614565	-4.2760586294137104e-005	-1	
0.0053037009968044495	0.01285833044147535	-4.4582629430717035e-005	-1	
0.0053345780791264012	0.013292877137159688	-4.7716090279085499e-005	-1	
0.0053104375101011396	0.01251718050343751	-4.106864523381559e-005	-1	
0.0050000000000000001	0.012391694300171003	-4.3822009851658506e-005	-1	
0.0048174332471120915	0.011302876637127528	-2.3040134329543589e-005	-1	
0.0047099315354289465	0.011613967397997091	-2.6785818400866057e-005	-1	
0.0046464428814850167	0.012080603539301439	-3.1958846495999667e-005	-1	
0.0047618665075839992	0.011069558566475353	-1.689089149396129e-005	-1	
0.004846446731706271	0.010833757088020875	-1.1919844217807827e-005	-1	
0.0049041775555207206	0.010691447827957787	-8.0359729435108596e-006	-1	
0.0050659113395961995	0.010482067076373246	1.0213343791208944e-006	-1	
0.0050443150430558477	0.010363395047453617	6.809413636457847e-006	-1	
0.0050357337700645587	0.010421724565116659	4.288337643867457e-006	-1	
0.0050319610732238243	0.010564036080062312	-3.4800878063923935e-006	-1	
0.0050361570879566961	0.010513875821910136	-7.2558752373271096e-007	-1	
0.0050000000000000001	0.010602922425171007	-5.93553907534126e-006	-1	
0.0050000000000000001	0.010246736012127529	1.2059994229023857e-005	-1	
0.0050000000000000001	0.01032450870234492	9.1437197030728357e-006	-1	
0.004890257036542286	0.010170956991204089	1.2551473662290892e-005	-1	
0.0049308097195088652	0.010249771709757969	1.066869221683375e-005	-1	
0.0049102282215531829	0.010595213992254599	-4.2762567632011661e-006	-1	
0.0069690682390159278	0.0072418669836956532	3.3783269714907362e-005	-1	
0.007000000000000001	0.0072774521739130439	3.3330494121022406e-005	-1	
0.0048014731910657983	0.010164323329251263	1.1421701868290056e-005	-1	
0.0038018567133826496	0.0093775698638747813	1.4145098845149467e-005	-1	
0.0041576866810314863	0.0099221222199572141	1.0256735916445861e-005	-1	
0.0043802857717491718	0.01016721437443816	7.3430085042897126e-006	-1	
0.0045737560810664279	0.010204921550481536	7.8766940600905101e-006	-1	
0.0047163608869162533	0.010244119820572807	8.0496542959732892e-006	-1	
0.0096222195875081771	0.032934187497294987	-2.1123885856280736e-005	-1	
0.0093057009651415796	0.031232605438638351	-1.0184523486862382e-005	-1	
0.014953583633004008	0.036004060065061315	-1.3282328598779921e-005	-1	
0.020799999999999999	0.040487316847826083	0	-1	
0.01995151775278612	0.039362669157608693	-2.0762906007850828e-006	-1	
0.018505666089443689	0.038206390945740944	-5.5176608655559809e-006	-1	
0.016569553961827892	0.037835988757437031	-1.0057764633134779e-005	-1	
0.017253052131517049	0.038860540932647597	-8.4706799407710809e-006	-1	
0.015089402390616491	0.037855583638335369	-1.3857298213482636e-005	-1	
0.013046594683150406	0.035701643521899487	-1.8207284921718692e-005	-1	
0.0096624680445369388	0.034568644535307821	-2.8549813985517567e-005	-1	
0.011721696349541755	0.036323193660791148	-2.3554526955533491e-005	-1	
0.0099521310579072444	0.035888071567063883	-3.0601543023699243e-005	-1	
0.0069864059545486842	0.029618843095340252	9.2568327044048048e-006	-1	
0.0079040234609793775	0.030164281064372311	-9.0448405901300737e-008	-1	
0.0064707888605481075	0.029247334688116258	1.7642260684004874e-005	-1	
0.0059656087579128391	0.029089455487188619	2.4322788652883988e-005	-1	
0.0055511116591621217	0.028302418756692701	3.8502792724019672e-005	-1	
0.0050000000000000001	0.027991327995823136	4.8409289546162413e-005	-1	
0.0039448057046555336	0.02488042038712749	3.3226485382147706e-005	-1	
0.0038242057139609648	0.026124783430605748	3.0713186077359686e-005	-1	
0.0042944850619034353	0.027369146474084002	3.6167121713684244e-005	-1	
0.0040585506551198604	0.023303046039250916	3.058507821304679e-005	-1	
0.0052934777157963107	0.021613967397997071	2.8150528337997612e-005	-1	
0.0051436543227455552	0.021069558566475331	1.8662411284077232e-005	-1	
0.0051770901153175	0.021302876637127502	2.3533664959640553e-005	-1	
0.0052089104763258067	0.020919802797948556	1.3737008096677216e-005	-1	
0.0052571797104458444	0.020573493176232152	2.3301094435434186e-006	-1	
0.0052226923695341508	0.020427901629065496	-2.9518348390137229e-006	-1	
0.0052200617643380276	0.020706408237371202	7.1714339082067661e-006	-1	
0.0044993020481652359	0.0225430029151392	3.3801677549467748e-005	-1	
0.0050000000000000001	0.021769512778431852	3.5059502798562677e-005	-1	
0.0046669945603566463	0.022047551648827303	3.1693306692367448e-005	-1	
0.0067897117544620054	0.017453308449132184	-3.4379009642467459e-005	-1	
0.0068823767126877759	0.017417623287312223	-3.3767610802751826e-005	-1	
0.0066431439827539848	0.017350389048645762	-3.631528880109327e-005	-1	
0.0069794651675065831	0.017396789247905588	-3.3047718776525831e-005	-1	
0.0070429140911650503	0.017391415913203638	-3.2537596641202302e-005	-1	
0.0071011783967391308	0.017350795181114993	-3.2270533313828376e-005	-1	
0.0059168835519758335	0.017261953419116353	-4.4076882308130551e-005	-1	
0.0063996560349948613	0.017173725087460706	-3.9592034805108763e-005	-1	
0.0071736790245403538	0.017131542916355713	-3.2749530126090521e-005	-1	
0.0071798089673913044	0.01723993824375248	-3.21862925847269e-005	-1	
0.0071273885869565208	0.017299999999999999	-3.2318511441131983e-005	-1	
0.0072526122798958984	0.016642709159352901	-3.397769930321259e-005	-1	
0.0071584896382757201	0.01688607808281543	-3.3909252961787832e-005	-1	
0.0070887254577249341	0.017063941032608693	-3.3773843314643584e-005	-1	
0.0050982857635803701	0.020246736012127505	-1.065046829271379e-005	-1	
0.0050000000000000001	0.019857872561040553	-2.3324567769180231e-005	-1	
0.0050000000000000001	0.019546781800170988	-2.9929573348109293e-005	-1	
0.0050000000000000001	0.020013417941475334	-1.9356010925361309e-005	-1	
0.0050000000000000001	0.020168963321910115	-1.4809823415643426e-005	-1	
0.0050000000000000001	0.019235691039301422	-3.5379171660797808e-005	-1	
0.0046470506527447877	0.018924600278431857	-3.2183446458801969e-005	-1	
0.0044122306367050989	0.01830241875669273	-3.3797779654128884e-005	-1	
0.0044591371644830818	0.0176802372349536	-3.9108152194902689e-005	-1	
0.0050000000000000001	0.017369146474084038	-5.4030666111959939e-005	-1	
0.0055386550538899385	0.01686164776391471	-5.0175405851251803e-005	-1	
0.0082328869389592038	0.030955657498794364	-8.9824164751813086e-006	-1	
0.007000000000000001	0.016138726086956521	-3.7407975834034634e-005	-1	
0.007000000000000001	0.01642340760869565	-3.6781688341244923e-005	-1	
0.0066737322774095597	0.015854044565217391	-4.0801539412393697e-005	-1	
3.077549094694375e-020	0.0011473312566927362	0	-1	
3.077549094694375e-020	0.0098578725610405718	0	-1	
0.00042060466867513478	0.0096926708491272343	9.9074306774369474e-008	-1	
0.0010648002356729177	0.0094627828062594684	8.0529614305696003e-007	-1	
0.0016921656330270802	0.0098233714006847519	1.2764311154179416e-006	-1	
0.0022870271030971173	0.0099358894395869708	2.0326914292450748e-006	-1	
0.0028905058648202807	0.0099841994985950568	3.3844636470214324e-006	-1	
0.0037416017539243628	0.0098054747932502066	8.7138123716055468e-006	-1	
0.0034315255208256083	0.010152765209860944	3.5517016319644909e-006	-1	
3.077549094694375e-020	0.0004022813925623008	0	-1	
0.00013575885974848157	0.00071836510083366498	2.2959570693393126e-009	-1	
4.7431001000174594e-005	0.00045517090786647408	-7.0267142856526911e-011	-1	
9.9968206521739179e-005	0.0005026019088666487	-4.3934811118349498e-012	-1	
0.00013867839673913047	0.00059829152185120465	9.7512507656700972e-010	-1	
3.077549094694375e-020	0.00083624049582317075	0	-1	
0.0061743165948308417	0.01571456190451806	-4.5834763759610015e-005	-1	
0.0059667171465789866	0.013584648216919898	-4.2613010133448158e-005	-1	
0.0055484657018809221	0.01366014574888264	-4.7643965628232754e-005	-1	
0.0050000000000000001	0.014258238865388389	-5.6746025054223665e-005	-1	
0.0050000000000000001	0.015502601908866648	-5.8856014966812681e-005	-1	
0.005500541944151568	0.016088460294634736	-5.2645790118428036e-005	-1	
0.007000000000000001	0.012722547826086957	-2.646178808049296e-005	-1	
0.0069690682390159278	0.012758133016304346	-2.7002190799752049e-005	-1	
0.0050000000000000001	0.012702785061040566	-4.702162667793798e-005	-1	
0.0050000000000000001	0.013013875821910133	-4.9745860287061578e-005	-1	
0.0050000000000000001	0.01363605734364926	-5.3938977437702876e-005	-1	
0.0046778221753182659	0.012547239680605787	-3.7826504014359721e-005	-1	
0.0044623773854343728	0.011264160408640381	-1.67510766152878e-005	-1	
0.0043189837182962465	0.011628137386654162	-2.0603284260872452e-005	-1	
0.0040906259119687441	0.012419467430326689	-2.5608632286930681e-005	-1	
0.0045656328235046508	0.010842123055186377	-8.9789595857041073e-006	-1	
0.0047490181980274311	0.010715045444349374	-7.1384819290271105e-006	-1	
0.0048379329051806827	0.010621382087435688	-4.7099581874354256e-006	-1	
0.0050233514153223083	0.010491327995823181	6.4377657678944448e-007	-1	
0.0050237842325801087	0.010460610910225356	2.4396225723662473e-006	-1	
0.0050000000000000001	0.010402281392562312	5.8157543011556724e-006	-1	
0.0050000000000000001	0.010441167737671007	3.880531616067699e-006	-1	
0.0050000000000000001	0.010525149734953616	-1.7941883456509873e-006	-1	
0.0050000000000000001	0.010502601908866659	-1.1030801205596842e-007	-1	
0.0049525689989998248	0.010550032909866834	-2.607527801706367e-006	-1	
0.0048967530622701571	0.010310076390109254	7.9517209487882029e-006	-1	
0.0049542573903869009	0.010363395047453615	6.7382921229948067e-006	-1	
0.0048617746243739641	0.01025530940009424	9.3991736195734496e-006	-1	
0.004919386888586957	0.01053397519361615	-1.5914997087310927e-006	-1	
0.0048613216032608701	0.010548140359050016	-1.9683682592281562e-006	-1	
0.0047993763056912442	0.010273457792269085	8.0215972928512752e-006	-1	
0.0042032483695652184	0.010327000924482448	3.3452709357124785e-006	-1	
0.0038935668478260878	0.010209999080479721	4.2242750671309858e-006	-1	
0.0044355095108695661	0.01035643099725456	3.3932614747391311e-006	-1	
0.0046688109218183662	0.010318222972711084	5.5031425557427397e-006	-1	
0.0045903502717391312	0.010414604784147909	2.4169429551687622e-006	-1	
0.0047551525697289553	0.010323160833232044	5.9736054045318134e-006	-1	
0.0084887280199004538	0.033899969197038408	-3.166514765145028e-005	-1	
0.0081975053812712272	0.032500912923907936	-2.3499060877375047e-005	-1	
0.013382237106657823	0.03712608177366658	-1.84178713538103e-005	-1	
0.01970992818971589	0.041611964538043472	-2.4713851683971282e-006	-1	
0.020799999999999999	0.042736612228260862	0	-1	
0.018798202787914373	0.040171754531812986	-4.7253735253129779e-006	-1	
0.015925978183175985	0.038886077860718141	-1.1629535832638415e-005	-1	
0.01682855426570519	0.040648468652183384	-9.0634918888994625e-006	-1	
0.015129666708613165	0.039947993787023232	-1.3244713467713834e-005	-1	
0.013363120290776621	0.038550987768399839	-1.8565210164481893e-005	-1	
0.0085462801040016648	0.035329510380806881	-3.7200749623992576e-005	-1	
0.012126738551580491	0.037842409797066712	-2.2759250840363424e-005	-1	
0.010715185434577527	0.037531089613350936	-2.8274416912804427e-005	-1	
0.0081212559443723156	0.03669561971106048	-4.1918451583576327e-005	-1	
0.0089046838233090841	0.037593091208289915	-3.7005831465687177e-005	-1	
0.0064711492498441695	0.029990851176597569	5.9272755655312745e-006	-1	
0.0068390202515245559	0.03023703152843148	8.7084143441819186e-007	-1	
0.0074073759166666886	0.030725528404194999	-6.5984531757891549e-006	-1	
0.0060485067718867415	0.029859294438524583	1.0470127866442325e-005	-1	
0.0054612845673655585	0.028928863180358682	3.2077409288321616e-005	-1	
0.0055563926706612508	0.029425126415507753	2.2914418902937791e-005	-1	
0.0050000000000000001	0.028613509517562266	4.2267857428825227e-005	-1	
0.0044122306367051041	0.028302418756692701	3.2624532808598604e-005	-1	
0.0027954336100343186	0.025046364364779555	1.5568923433494395e-005	-1	
0.0031566496287724231	0.023942681165931293	1.8424089428071622e-005	-1	
0.0029453846838034614	0.027732848470026515	1.4204015734954445e-005	-1	
0.0021930549442794522	0.026599391726847683	8.8577149719748317e-006	-1	
0.0036147544675823027	0.028188801046298971	2.0447705147031033e-005	-1	
0.0035351836263600531	0.022903801688186006	2.0240173899828422e-005	-1	
0.0039892231623012879	0.022427191576614325	2.3759137781296515e-005	-1	
0.0050000000000000001	0.021458422017562286	2.9493701190086602e-005	-1	
0.0050000000000000001	0.021147331256692721	2.2855297402775401e-005	-1	
0.0050000000000000001	0.02099178587625794	1.890832688346332e-005	-1	
0.0050000000000000001	0.020836240495823159	1.4355545706658408e-005	-1	
0.0050845146195021259	0.020732314354943996	9.5799627858655565e-006	-1	
0.0051410366744521659	0.020524124422978164	6.872530860825307e-007	-1	
0.005133560053521502	0.020598883312694761	3.8810230156840493e-006	-1	
0.0051008188542600282	0.020460663266423998	-2.1747829346845119e-006	-1	
0.0050783376345861064	0.020370472647025396	-6.2878338406731084e-006	-1	
0.0042788522514210503	0.021853789463927912	2.2436305646526904e-005	-1	
0.0046812400408620166	0.021613967397997071	2.5800010080602592e-005	-1	
0.006807635069018287	0.017279556872062458	-3.5195369759484808e-005	-1	
0.0069032107520944153	0.017320534832493416	-3.4124440715065584e-005	-1	
0.0067004017018449571	0.017180695005425507	-3.6684427404384091e-005	-1	
0.0069711765855879973	0.017328823414412001	-3.348990015633723e-005	-1	
0.0070112739130434778	0.017336157087956695	-3.3106645324384829e-005	-1	
0.0070487580163043472	0.017328008601494315	-3.2831893720630736e-005	-1	
0.007074968206521739	0.017299999999999999	-3.2757353376266581e-005	-1	
0.0060860631317101758	0.016801267214994711	-4.4454574964302492e-005	-1	
0.0065557699081546014	0.01692948936563414	-3.9200859933238689e-005	-1	
0.0070750182578241247	0.017176854904965504	-3.3369218783036391e-005	-1	
0.0071011783967391308	0.017253073852127324	-3.2776331323438709e-005	-1	
0.007000000000000001	0.016708089130434783	-3.5930402794161398e-005	-1	
0.007000000000000001	0.016992770652173913	-3.4851806946940328e-005	-1	
0.007000000000000001	0.017135111413043476	-3.4211288434164541e-005	-1	
0.0050000000000000001	0.020324508702344896	-9.3823322024306583e-006	-1	
0.0048220812089364981	0.019702327180605772	-2.3081460470871009e-005	-1	
0.0047845027643805176	0.019935645251257943	-1.7392135865091562e-005	-1	
0.0047070624420438578	0.019391236419736203	-2.6558468867148051e-005	-1	
0.0048464467317062753	0.020171446729712432	-1.2067416601195024e-005	-1	
0.0049041775555207232	0.020313755989775514	-8.170833220822001e-006	-1	
0.0042063318766001404	0.01873553077255654	-2.6160703689061547e-005	-1	
0.0042439974230677217	0.019213611962635872	-2.1506030845934622e-005	-1	
0.0036147544675823044	0.018188801046299021	-2.1385812800039455e-005	-1	
0.0044611711573956173	0.017058055713214473	-4.2216149362168294e-005	-1	
0.0036949204198224051	0.01736664482472371	-2.6356443595067932e-005	-1	
0.0050000000000000001	0.016746964952344907	-5.6835136059076441e-005	-1	
0.0075938472344415971	0.031526670724698641	-1.6244960308850152e-005	-1	
0.0067454690586289641	0.016281066847826084	-3.9451568864106109e-005	-1	
0.0066280106511979334	0.016547994581199592	-3.9854344960051316e-005	-1	
0.0062587017151634443	0.016226177568965293	-4.4310085601914162e-005	-1	
3.077549094694375e-020	0.010168963321910135	0	-1	
0.0001684296740992887	0.010067647735136345	7.995990015912228e-009	-1	
0.00048707010869565218	0.010253703793687563	3.7311529402580382e-008	-1	
0.00095159239130434799	0.010137334824095446	2.2349522185119626e-007	-1	
0.0012612739130434783	0.010502601908866659	-3.3904712461743473e-008	-1	
0.0018806369565217392	0.010502601908866659	-9.0573576563989858e-008	-1	
0.0025000000000000001	0.010502601908866659	-1.3116135822641603e-007	-1	
0.0031193630434782609	0.010502601908866659	-5.2620555719754765e-008	-1	
0.0037387260869565218	0.010502601908866659	-6.2862396495448223e-008	-1	
3.077549094694375e-020	0.00048005408277969217	0	-1	
3.077549094694375e-020	0.00068069511538838791	0	-1	
6.9917031132453672e-005	0.00061791092386528543	3.2972693327821539e-010	-1	
2.254782608695655e-005	0.0005026019088666487	-4.9345934074475118e-013	-1	
4.7431001000174499e-005	0.00055003290986682326	6.4327565350315018e-011	-1	
0.0044230372553524791	0.013947148104518824	-4.1269309833325006e-005	-1	
0.0042921784605848253	0.014880420387127519	-4.0791002157718756e-005	-1	
0.0042815679415264237	0.016124783430605777	-4.0403325134043935e-005	-1	
0.0045011432162064052	0.01285833044147535	-3.6719696152520292e-005	-1	
0.0046293225534616419	0.013324966582779697	-4.2784872401922894e-005	-1	
0.0041068360518420628	0.011299451591528469	-1.3317467021449318e-005	-1	
0.0042541783795193985	0.010973959124708017	-9.1624509495917023e-006	-1	
0.0037894584198825366	0.011463544693802763	-1.2414441383282342e-005	-1	
0.0038169477091436351	0.01329719345262401	-2.6582354196655123e-005	-1	
0.0033087148563107332	0.01189910273650624	-1.2007435365240101e-005	-1	
0.0046442949999615244	0.010633338053905228	-3.9515194823423135e-006	-1	
0.0044355095108695661	0.010688470699884267	-4.480812373103783e-006	-1	
0.0047689422732507102	0.010587445754682876	-3.0607893191434161e-006	-1	
0.0050000000000000001	0.010480054082779702	1.609866807438802e-006	-1	
0.0049684771491515832	0.010421724565116659	4.3329723124673938e-006	-1	
0.0049609001381219937	0.010463502046988654	2.1184987352950596e-006	-1	
0.004977452173913044	0.010502601908866659	-1.0121773885683957e-007	-1	
0.0049387419836956527	0.010502601908866659	-6.9056751576172528e-008	-1	
0.0048548251888268995	0.010319920696773222	7.0653201831190174e-006	-1	
0.004881678427718532	0.010353592057099131	6.1125579504235926e-006	-1	
0.004913763083952259	0.010386628895852292	5.20294418513575e-006	-1	
0.0049000317934782614	0.010502601908866659	-8.9143115517121701e-008	-1	
0.0048613216032608701	0.010502601908866659	-8.1682401844081317e-008	-1	
0.0048226114130434788	0.010502601908866659	-8.783448336448853e-008	-1	
0.0048185916126074983	0.010343201265914053	5.8632864350358222e-006	-1	
0.0040484076086956533	0.010502601908866659	-3.9956977793411018e-008	-1	
0.0043580891304347835	0.010502601908866659	-4.1327606075468165e-008	-1	
0.0045129298913043486	0.010502601908866659	-5.5055338501566656e-008	-1	
0.004706480842391305	0.010430450913815252	2.2545347110470281e-006	-1	
0.0047635901069580993	0.01038915279538604	3.862777567662695e-006	-1	
0.0046677706521739137	0.010502601908866659	-7.3649611771189861e-008	-1	
0.0072521556245066267	0.033183688671276419	-3.4506397095201893e-005	-1	
0.007102978507324045	0.034249064268659521	-4.2662000128959742e-005	-1	
0.0071471120527660179	0.032042410059810345	-2.4053418426239564e-005	-1	
0.018161911339750564	0.041850151042511732	-5.7276077922372653e-006	-1	
0.018621983529766937	0.043585148228130671	-4.1993994451888439e-006	-1	
0.020799999999999999	0.044985907608695641	0	-1	
0.019615283296751787	0.044434343355827896	-2.172751995114741e-006	-1	
0.015119822180330254	0.041324574138607975	-1.235285369359211e-005	-1	
0.016179719933530564	0.043186231529086926	-8.8591005161366986e-006	-1	
0.013960148635772168	0.040582800824745607	-1.5707982870183185e-005	-1	
0.012882186851355721	0.039802575928205325	-1.9169212884074974e-005	-1	
0.011676503158337634	0.039215978342710157	-2.3391302759522995e-005	-1	
0.0071319472272021968	0.035545294421177584	-4.7536682972384058e-005	-1	
0.0097429702543314258	0.039059669976131924	-3.0728023899542997e-005	-1	
0.0073952895837170332	0.037640176312345723	-4.6207475368740851e-005	-1	
0.0069302121734517667	0.036720700890976302	-5.0448757123272174e-005	-1	
0.0087352822038389653	0.038635237639122133	-3.6165201557873497e-005	-1	
0.007689536328414545	0.038489698448495535	-4.2399299409728095e-005	-1	
0.0061305632097114473	0.030273578941016122	1.7005848839667271e-006	-1	
0.006276883520977058	0.030669754753635058	-6.2276606237304047e-006	-1	
0.0067298170382312332	0.031045795989166004	-1.2107527089752363e-005	-1	
0.0055268278809993514	0.0298891127318879	1.3767699248816134e-005	-1	
0.0056362239761749222	0.030180325421728146	5.8384429315191142e-006	-1	
0.0050000000000000001	0.028924600278431828	3.8369796250634104e-005	-1	
0.005250430044048144	0.029112026000659975	3.2076717832418163e-005	-1	
0.0052574862911689956	0.029391236419736178	2.7289025749145938e-005	-1	
0.005268359920274638	0.02979008465048882	1.8972471696654037e-005	-1	
0.0046470506527447868	0.028924600278431828	3.0760596444940621e-005	-1	
0.0042063318766001317	0.028735530772556511	2.4949822919869202e-005	-1	
0.0016523869284120604	0.024841332905619528	5.2018645574298635e-006	-1	
0.0024940223075979361	0.022652688703913858	8.7634942556659704e-006	-1	
0.0010465305556605082	0.023197155519649119	1.5906822479419395e-006	-1	
0.002525728296634448	0.028425551274953619	8.0896551812501142e-006	-1	
0.0030001757009706759	0.02877211537887843	1.0484834452651828e-005	-1	
0.0021678595977500784	0.02795957164882238	6.7549378492093212e-006	-1	
0.0010596253389865762	0.026124783430605748	2.0509767599793806e-006	-1	
0.0010750482368336726	0.027369146474084002	1.8232395617305265e-006	-1	
0.0035643046949999698	0.029026637108424094	1.3994042579417257e-005	-1	
0.0034164547068865373	0.022256335440161638	1.5216987544651182e-005	-1	
0.0038132760836809289	0.0218093585752114	1.5751827915891106e-005	-1	
0.0048516067495402273	0.021302876637127505	2.3202402054453745e-005	-1	
0.004860650628785974	0.021088090393608962	1.8639429575160832e-005	-1	
0.0049274390577965475	0.020884143954116231	1.4415586802882217e-005	-1	
0.0048616912990751921	0.020950358825394803	1.5145001640247235e-005	-1	
0.0050000000000000001	0.020758467805605769	1.1805620409442166e-005	-1	
0.0049222082189181527	0.020797354150714466	1.1647096961056716e-005	-1	
0.0050443150430558494	0.020641808770279678	6.6050024598059679e-006	-1	
0.0050000000000000001	0.020680695115388378	8.9324643364482539e-006	-1	
0.0050659113395962055	0.020523136741360051	8.4557580323838451e-007	-1	
0.005035733770064557	0.020583479252616638	4.0983008551314523e-006	-1	
0.0050319610732238217	0.020441167737670983	-3.6378593085710363e-006	-1	
0.0050361570879566961	0.020491327995823157	-8.9349536681208598e-007	-1	
0.0050000000000000001	0.020402281392562293	-6.0851455199600331e-006	-1	
0.0043818617408089584	0.02139682162972668	1.7493307407829525e-005	-1	
0.0040292030644724468	0.021394496175365409	1.3321343096040907e-005	-1	
0.0068448200870181372	0.017201090929877309	-3.5266193217058107e-005	-1	
0.0069095632783052995	0.017258952392256048	-3.4394003510672496e-005	-1	
0.0069638429120433033	0.017288726086956523	-3.3765186171657883e-005	-1	
0.0069144304315444894	0.017063941032608693	-3.5284426947350313e-005	-1	
0.0068430883063589918	0.016891138782035662	-3.6673898045302198e-005	-1	
0.007000000000000001	0.017299999999999999	-3.339457623771662e-005	-1	
0.0070225478260869563	0.017299999999999999	-3.3201790054069668e-005	-1	
0.0070474310010001755	0.017252568998999827	-3.3232912970500581e-005	-1	
0.007000000000000001	0.017206281793478259	-3.3869304525112318e-005	-1	
0.0069274706648013336	0.017174473047941362	-3.465725011598261e-005	-1	
0.0049102282215531829	0.020409989825478699	-4.4213575786377199e-006	-1	
0.0044538834213130032	0.019893273063502803	-1.3867313754832041e-005	-1	
0.004659458445557086	0.020127612874135538	-1.0904541217084581e-005	-1	
0.004072238936425149	0.019678884658832212	-1.3221061873547002e-005	-1	
0.0047490181980274311	0.020290158373383924	-7.2279324403097267e-006	-1	
0.0048379329051806827	0.02038382173029761	-4.8431743901407304e-006	-1	
0.0035643046949999451	0.019026637108424102	-1.5023493469464635e-005	-1	
0.0030001757009706629	0.018772115378878511	-1.1305764362498952e-005	-1	
0.0023404769024229239	0.017968700150475705	-8.5236749426839581e-006	-1	
0.0032306494819931029	0.01549359562893911	-2.1874834197171566e-005	-1	
0.0016159066889138282	0.016741906456054067	-4.6963851579193118e-006	-1	
0.0066096295130595225	0.031622086489404365	-2.1231092508357959e-005	-1	
3.077549094694375e-020	0.01032450870234492	0	-1	
8.743095630178286e-005	0.010246736012127529	1.1214230573226064e-009	-1	
0.00021697491771530022	0.010367609547605704	3.796562863398883e-009	-1	
0.00064191086956521745	0.010502601908866659	1.0888209164207297e-009	-1	
0.00033222934782608702	0.010502601908866659	-9.932563312477438e-011	-1	
0.0008062990751418293	0.01092139554771401	-1.8691493578467677e-007	-1	
0.0014263389757767674	0.011138465334167362	-9.4213170720982931e-007	-1	
0.0021903184782608694	0.010995087762221366	-1.8309205445238347e-006	-1	
0.0027517958940821981	0.010842811460113056	-2.2050393249581141e-006	-1	
0.0031342951168418535	0.011024024195935315	-4.3920715930285912e-006	-1	
0.0035120676022923642	0.010880767434131083	-4.1911958076554031e-006	-1	
0.0038935668478260878	0.010796596340793449	-4.3370697649755435e-006	-1	
3.077549094694375e-020	0.0005026019088666487	0	-1	
3.077549094694375e-020	0.00060292242517099659	0	-1	
3.077549094694375e-020	0.00052514973495360517	0	-1	
0.0034131050298108457	0.014281350759850684	-2.3475174277242429e-005	-1	
0.0038161012711611275	0.01112610388778331	-8.5545088939568474e-006	-1	
0.0042032483695652184	0.010676156553663288	-3.3618197704202584e-006	-1	
0.0034567138989198124	0.011267500436109704	-7.9897102564267952e-006	-1	
0.0026330264993789012	0.013386314717481584	-1.1873550478263221e-005	-1	
0.0028080242352927255	0.011262313646854247	-4.8131325651999531e-006	-1	
0.0020706551096798631	0.012119237056123318	-4.5774068340846351e-006	-1	
0.0047451910326086963	0.010502601908866659	-9.2267654217235144e-008	-1	
0.004919386888586957	0.010465867764055397	1.6924395516747326e-006	-1	
0.0048976953964461499	0.01043046301479224	3.15098261817514e-006	-1	
0.0048684063637911053	0.010397690925560182	4.2785556317342714e-006	-1	
0.0048774294274146228	0.010467226660515005	1.4481217344929084e-006	-1	
0.0048419665081521745	0.010472433821979014	1.1323379054683757e-006	-1	
0.0047840771294847791	0.010456586352263493	1.5819328059703054e-006	-1	
0.0048286092176454696	0.010416346874347771	3.2641925909469858e-006	-1	
0.0064318891510161073	0.033408280080154229	-4.274351490943236e-005	-1	
0.0065170799913348443	0.032304362318622833	-3.1026889411294672e-005	-1	
0.00618854971257658	0.034815720209356339	-5.3144041492552292e-005	-1	
0.018397031398648112	0.044907248319603549	-4.0951325507123383e-006	-1	
0.017124592201787147	0.044257754108050502	-6.5340606195747892e-006	-1	
0.020799999999999999	0.047235202989130427	0	-1	
0.019180040427361045	0.045996031573571718	-2.5120517646134462e-006	-1	
0.0138742287492306	0.041910720352028891	-1.4371155547007803e-005	-1	
0.014977301283643494	0.042638260176689979	-1.1488611859227046e-005	-1	
0.014962941289823031	0.044262995350909537	-9.7906998591070477e-006	-1	
0.01185704636562291	0.040744789277693719	-2.0549177430554213e-005	-1	
0.01231969168319216	0.042104875408294211	-1.721477919033844e-005	-1	
0.010323844033257899	0.040606408163907745	-2.5021701856757638e-005	-1	
0.0060896085638550415	0.036124783430605753	-5.729323920825176e-005	-1	
0.0086874196764379925	0.040378529483520789	-3.0454352738006678e-005	-1	
0.0081080186022490439	0.039484535270165502	-3.6157791762039645e-005	-1	
0.0064963793873839973	0.037655324431111151	-5.2891001781622727e-005	-1	
0.0067094661272674872	0.038221481045817955	-4.9593259778356613e-005	-1	
0.0056735913325397618	0.037308542836764221	-6.0478781685370613e-005	-1	
0.0067307066065963421	0.0388260371748319	-4.682983637130737e-005	-1	
0.0058361551881708244	0.030576380567243055	-4.4270424907744701e-006	-1	
0.0061436381048403628	0.031100110259119872	-1.4924114888717211e-005	-1	
0.0058675636046894271	0.03085794988681554	-1.0843303321681865e-005	-1	
0.005327986080072334	0.030222298457952646	6.810716532602033e-006	-1	
0.0051738570777385799	0.030050241257899395	1.3543865913631784e-005	-1	
0.0054734027323599032	0.030445394429584938	-7.9161920683471928e-007	-1	
0.0050000000000000001	0.029235691039301393	3.3719405688411521e-005	-1	
0.0050000000000000001	0.029546781800170958	2.8133833406799386e-005	-1	
0.0050000000000000001	0.02985787256104052	2.1372716254759545e-005	-1	
0.0042439974230677278	0.02921361196263585	2.0155671206037903e-005	-1	
0.004707062442043863	0.029391236419736174	2.4948625703387244e-005	-1	
3.077549094694375e-020	0.024258238865388363	0	-1	
3.077549094694375e-020	0.025502601908866621	0	-1	
0.0015017456484170077	0.022237157149410353	2.485201955257653e-006	-1	
0.0024588597338034372	0.021587059476096512	4.7777299404995976e-006	-1	
0.0030277188095718024	0.021802309091784534	9.0696796403398521e-006	-1	
3.077549094694375e-020	0.023013875821910106	0	-1	
0.00068139977767626948	0.022199409476558483	4.9124851716592314e-007	-1	
0.0024266456646083773	0.029004679628292826	5.6771910954170198e-006	-1	
0.0017867965906269497	0.028966553228472702	3.0981442430761941e-006	-1	
0.0029403073322598798	0.029388101264385017	6.5648760827453482e-006	-1	
0.00094310287637581179	0.028789710600969898	8.6978511134332787e-007	-1	
3.077549094694375e-020	0.026746964952344875	0	-1	
3.077549094694375e-020	0.027991327995823136	0	-1	
0.0035744229282337944	0.029731505480570221	7.3343723652392742e-006	-1	
0.004072238936425149	0.029678884658832182	1.1808895049594426e-005	-1	
0.0036780708836410885	0.021361636757871769	1.0003642332339623e-005	-1	
0.0045854429085945255	0.021088059003517703	1.4395761170916167e-005	-1	
0.0047698587437429874	0.020966910524294814	1.4167172968876389e-005	-1	
0.0048443038593390803	0.020858680835153184	1.2289606763025344e-005	-1	
0.0049346054524813249	0.020711272691387971	8.9021997374574362e-006	-1	
0.0048413303890687759	0.020759578817311851	9.1964238408460731e-006	-1	
0.0050000000000000001	0.020602922425170984	5.6204222971384292e-006	-1	
0.0049542573903869017	0.020641808770279678	6.5233043417175583e-006	-1	
0.0050233514153223083	0.020513875821910121	4.7143364008456782e-007	-1	
0.0050237842325801078	0.020544592907507944	2.2598688462737941e-006	-1	
0.0050000000000000001	0.020564036080062287	3.6968261727603357e-006	-1	
0.0050000000000000001	0.020480054082779683	-1.9579258467487228e-006	-1	
0.0050000000000000001	0.020502601908866637	-2.7884676413371728e-007	-1	
0.0049525689989998248	0.020455170907866464	-2.7631472126464568e-006	-1	
0.0041900203280294587	0.021080630985394554	1.0196216054619195e-005	-1	
0.0038935668478260878	0.020818849536950849	4.5031594746207825e-006	-1	
0.0069690682390159252	0.017241866983695651	-3.3959812582582525e-005	-1	
0.007000000000000001	0.017277452173913042	-3.3511744330070078e-005	-1	
0.004919386888586957	0.020471228624117148	-1.7468575890837273e-006	-1	
0.0048613216032608701	0.020457063458683276	-2.1151136216257698e-006	-1	
0.0042644027150283339	0.020072188591046806	-8.6098386391651301e-006	-1	
0.0044898403120861054	0.020202923413811455	-7.4979260526363969e-006	-1	
0.0046404505853552243	0.020312222434665329	-5.762366293952384e-006	-1	
0.0035744229282337944	0.019731505480570247	-8.5004536649919084e-006	-1	
0.0038935668478260878	0.020117169696539566	-5.713181805678219e-006	-1	
0.0047689422732507102	0.02041775806305042	-3.1968098676146541e-006	-1	
0.0029403073322598898	0.019388101264385053	-7.3550288657561352e-006	-1	
0.0024266456646083881	0.019004679628292852	-6.1974699733409009e-006	-1	
0.0015148230105710753	0.018163105545889832	-3.3389693009524176e-006	-1	
0.0017867965906269534	0.01896655322847272	-3.2545223259242391e-006	-1	
0.0021319442893941729	0.014708375821572993	-8.8146335032933541e-006	-1	
3.077549094694375e-020	0.017991327995823165	0	-1	
3.077549094694375e-020	0.015502601908866648	0	-1	
0.0059977135675871951	0.031458422017562264	-2.2246329994263713e-005	-1	
0.0060131347424690193	0.031835208924461844	-2.8418497213651078e-005	-1	
3.077549094694375e-020	0.010402281392562312	0	-1	
9.6565119661448767e-005	0.010363395047453617	6.9875243672008009e-010	-1	
0.0001155081103360061	0.010432576989291169	5.2271470210628814e-010	-1	
0.00017738858695652177	0.010502601908866659	-1.9198180521853245e-010	-1	
0.00043302083199596268	0.010670248285603433	-2.0537030650359421e-008	-1	
0.00025480896739130441	0.010589596179442058	-3.4875825516087104e-009	-1	
0.00025410873068266575	0.010991785876257962	-1.8881604391746524e-008	-1	
0.00036508598776535184	0.011458422017562309	-7.6767875326170947e-008	-1	
0.00068139977767627045	0.012199409476558509	-5.0370445979347285e-007	-1	
0.0014556732322466835	0.013539452939861561	-3.617985196647583e-006	-1	
0.0048552639823303215	0.010439632969812238	2.4951302804490369e-006	-1	
0.00561250163176223	0.033636057343649224	-5.1999510960703986e-005	-1	
0.0058436004211251235	0.032794118245816122	-4.2225563753889054e-005	-1	
0.0058297792086422998	0.032263333606512554	-3.6192989919818834e-005	-1	
0.0050000000000000001	0.034258238865388355	-6.2062991287252089e-005	-1	
0.0050000000000000001	0.035502601908866623	-6.6259181355987008e-005	-1	
0.017298000139110769	0.045675806973010852	-5.3343438282897836e-006	-1	
0.015545113507395247	0.04593686455551161	-7.3825599255325436e-006	-1	
0.020799999999999999	0.049484498369565214	0	-1	
0.019312655989696167	0.048529890513493636	-1.7088727733708785e-006	-1	
0.017925378112289746	0.047434934598984298	-3.6328348410404359e-006	-1	
0.013557855652074185	0.043447087913536457	-1.2847203238940079e-005	-1	
0.013776838549898984	0.045818685539947411	-9.366558077498227e-006	-1	
0.012729985764585738	0.044779434966689999	-1.1866760418511107e-005	-1	
0.010892080531985536	0.041944247348880317	-2.0273869801657312e-005	-1	
0.01199025646225671	0.043503212780936378	-1.5000831264405599e-005	-1	
0.0094397197188238937	0.04200216515034734	-2.2526133836013213e-005	-1	
0.0050000000000000001	0.03674696495234489	-6.7299051476440969e-005	-1	
0.0076244489070777651	0.040449412498198195	-3.343380594960291e-005	-1	
0.0078979422621783986	0.04109383128741758	-2.9080501698213256e-005	-1	
0.0071341499313191479	0.039949731494403548	-3.827308517111535e-005	-1	
0.0061266454897651521	0.038059433597236327	-5.4727419254351213e-005	-1	
0.0060521096290021732	0.038602067708452287	-5.2965861754408052e-005	-1	
0.0055927576357980083	0.038181790176876201	-5.8875835508903228e-005	-1	
0.0050000000000000001	0.037991327995823151	-6.5039765327029912e-005	-1	
0.0063338918194677509	0.039493599745177306	-4.5335793019639199e-005	-1	
0.0060450731934090281	0.039027439763175305	-5.0613721170518307e-005	-1	
0.0054632414127859796	0.030674777866919758	-7.6492836514699058e-006	-1	
0.0059341807707494389	0.03113332222300574	-1.6541800759198617e-005	-1	
0.0057243708447677413	0.031102415843256771	-1.7153064406642762e-005	-1	
0.005098285763580351	0.030246736012127479	8.4143870521781068e-006	-1	
0.0052226923695341439	0.030427901629065512	5.2296061406029993e-007	-1	
0.0050000000000000001	0.030013417941475301	1.7314976403729222e-005	-1	
0.0050000000000000001	0.030168963321910085	1.2671859793655929e-005	-1	
0.005257179710445814	0.030573493176232105	-4.8813044419615845e-006	-1	
0.0048220812089364981	0.029702327180605739	2.1287972783910145e-005	-1	
0.0047845027643805159	0.029935645251257911	1.5501517561061086e-005	-1	
0.0044538834213130032	0.029893273063502774	1.2172136868236642e-005	-1	
0.0010366059336779779	0.021560372634058821	7.5425054463166273e-007	-1	
0.0017053527185752931	0.021441584151233144	1.7645156913220551e-006	-1	
0.0021866453047866487	0.021043154751192467	1.8126500947542598e-006	-1	
0.0028096815217391307	0.021090212298135839	3.4264009645139402e-006	-1	
3.077549094694375e-020	0.021769512778431852	0	-1	
0.00036508598776534984	0.021458422017562286	8.6087161983085229e-008	-1	
0.0023274685743732032	0.029637944473843734	2.9227325709650833e-006	-1	
0.0010648002356729363	0.02946278280625941	7.1505098374420051e-007	-1	
0.0016921656330270802	0.029823371400684699	1.1327610285670698e-006	-1	
0.0029023434857132417	0.029965834407804051	2.6737401799747965e-006	-1	
3.077549094694375e-020	0.029235691039301393	0	-1	
0.00042060466867514768	0.02969267084912719	8.5101590661997937e-008	-1	
0.0034471979618958589	0.030161667087490639	2.4040401844895493e-006	-1	
0.0038935668478260878	0.030117169696539537	4.2494192258019684e-006	-1	
0.0042644027150283339	0.030072188591046777	6.939229500624964e-006	-1	
0.0034290445652173916	0.020850258063213611	3.5127394960946631e-006	-1	
0.0046683227636318807	0.02088356674473877	1.0705197604632528e-005	-1	
0.0044920455516328523	0.020825297953882188	7.6547506816185019e-006	-1	
0.0047633731105840163	0.020811513475100605	9.834954646517908e-006	-1	
0.0048780788469917156	0.020666370822039301	6.4592842372195522e-006	-1	
0.0048185916126074931	0.020662002551819228	5.6863390333664846e-006	-1	
0.0047185932002871758	0.020729237685331123	6.9789786118147873e-006	-1	
0.0049684771491515806	0.020583479252616638	4.1458914347787964e-006	-1	
0.0049137630839522642	0.020618574921880996	5.0183462921156391e-006	-1	
0.0050000000000000001	0.020525149734953594	1.4361480655317989e-006	-1	
0.0049609001381219937	0.020541701770744644	1.9440899763862782e-006	-1	
0.004977452173913044	0.020502601908866637	-2.6804529844231013e-007	-1	
0.0049387419836956527	0.020502601908866637	-2.3221980614706984e-007	-1	
0.00421103672670416	0.020666530465588466	2.9538246801960785e-006	-1	
0.0040484076086956533	0.020502601908866637	-1.5401076895840652e-007	-1	
0.0037387260869565218	0.020502601908866637	-7.2677988565472003e-008	-1	
0.0049000317934782614	0.020502601908866637	-2.4761406064813573e-007	-1	
0.0048613216032608701	0.020502601908866637	-2.3502848366341284e-007	-1	
0.0048226114130434788	0.020502601908866637	-2.355550922486675e-007	-1	
0.0042488703892966297	0.020332327882404053	-3.5480356737303045e-006	-1	
0.0044355095108695661	0.020410352338839623	-2.3859045671621814e-006	-1	
0.0045516400815217399	0.02037845266741756	-3.5138407583323876e-006	-1	
0.0046290604619565225	0.020422422318560614	-2.5160967334013694e-006	-1	
0.0034471979618958589	0.020161667087490665	-3.6013597411165059e-006	-1	
0.0029023434857132465	0.019965834407804087	-3.5138965214050231e-006	-1	
0.0047451910326086963	0.020502601908866637	-2.2633732129362871e-007	-1	
0.0046677706521739137	0.020502601908866637	-1.7805537781523277e-007	-1	
0.0023274685743732066	0.019637944473843767	-3.4297560839152536e-006	-1	
0.00094310287637579845	0.018789710600969952	-1.0161203748775256e-006	-1	
0.0010648002356729094	0.019462782806259449	-8.3177095752927586e-007	-1	
0.0016921656330270802	0.019823371400684728	-1.4028677487304713e-006	-1	
3.077549094694375e-020	0.019235691039301422	0	-1	
3.077549094694375e-020	0.013013875821910133	0	-1	
0.0058199264679843462	0.031311987730726999	-2.0790810594152675e-005	-1	
0.0057862990631476086	0.031533958595943379	-2.5263929391919356e-005	-1	
0.0057373163184228351	0.031806868263799477	-3.0389944677145466e-005	-1	
0.0056318732506194426	0.032065824546620623	-3.5378538233001353e-005	-1	
3.077549094694375e-020	0.010480054082779702	0	-1	
4.7431001000175366e-005	0.010455170907866485	6.084558497092705e-011	-1	
9.9968206521739179e-005	0.010502601908866659	-3.2166214913611412e-011	-1	
0.00013867839673913047	0.010598291521851216	-1.0280066200017496e-009	-1	
0.00013575885974848354	0.010718365100833675	-2.3224096941726982e-009	-1	
3.077549094694375e-020	0.010836240495823182	0	-1	
3.077549094694375e-020	0.011147331256692745	0	-1	
3.077549094694375e-020	0.011769512778431874	0	-1	
0.0050000000000000001	0.033013875821910094	-5.3775715609416687e-005	-1	
0.0055305563468101985	0.032365251405443232	-4.0655219261929484e-005	-1	
0.0042949953897412413	0.033636057343649224	-4.0778156140152926e-005	-1	
0.003823865110713036	0.034880420387127492	-3.560633343024702e-005	-1	
0.0040728522388631108	0.036406735614418921	-4.2961530632566679e-005	-1	
0.016060082746567547	0.047341092581164909	-5.6865492791961976e-006	-1	
0.01457512351564891	0.047162358846706678	-7.141443857565082e-006	-1	
0.020799999999999999	0.05173379375	0	-1	
0.019272318600812233	0.050765323717499006	-1.2911405065828582e-006	-1	
0.017898031395601692	0.049589279781724761	-2.7639999870489329e-006	-1	
0.016613376436330877	0.048764139146062827	-4.2365382012114406e-006	-1	
0.012891999736379816	0.046923986101778559	-8.5640537147079708e-006	-1	
0.011349508011228722	0.045299265401178311	-1.2006850159797421e-005	-1	
0.010258775555338646	0.044302173018464425	-1.4813624552195104e-005	-1	
0.0088340307901760475	0.043770960624516443	-1.6899029181705523e-005	-1	
0.007416327303934398	0.042422538138244106	-2.2521661666243619e-005	-1	
0.0042944922861591142	0.037369146474084021	-4.7406531716752055e-005	-1	
0.0069350234003614005	0.04057093065269398	-3.4524228611435619e-005	-1	
0.0068084748585943823	0.041210872240785144	-3.0115977266167627e-005	-1	
0.0062164656952183647	0.040029260489419703	-4.167144302316669e-005	-1	
0.0056873501827497961	0.038797167871686064	-5.4939852373601751e-005	-1	
0.0050000000000000001	0.038613509517562282	-6.2361283640495363e-005	-1	
0.0044121945664979487	0.03830241875669272	-4.8045345570016197e-005	-1	
0.0058312994605429795	0.039712967583132155	-4.6860510884388466e-005	-1	
0.0056607914271854173	0.039209973104001573	-5.235019443125911e-005	-1	
0.0052494283918968002	0.03075846780560574	-1.1365364370006908e-005	-1	
0.0053766653353355528	0.030977899311180071	-1.6598431164774944e-005	-1	
0.0053675144946711828	0.03119758429099901	-2.2200085619607701e-005	-1	
0.0055896044053315727	0.031313719955169142	-2.2741374579697522e-005	-1	
0.0050000000000000001	0.03032450870234487	7.1378457069073147e-006	-1	
0.005078337634586115	0.030370472647025363	3.9695512334149637e-006	-1	
0.0051410366744521442	0.030524124422978149	-3.164062499891132e-006	-1	
0.0051008188542600282	0.030460663266423983	-2.2612178027922964e-007	-1	
0.0048464467317062753	0.030171446729712403	1.0008473276206213e-005	-1	
0.0049041775555207232	0.030313755989775485	5.9865090406715243e-006	-1	
0.0051335600535214968	0.030598883312694735	-6.4366931401439031e-006	-1	
0.004659458445557086	0.030127612874135505	8.9754567837426526e-006	-1	
0.0044898403120861054	0.030202923413811426	5.6265163558110887e-006	-1	
0.00080629907514182951	0.020921395547713984	1.7583241910034727e-007	-1	
0.0012612739130434785	0.020502601908866637	-1.591361151151582e-008	-1	
0.0018806369565217396	0.020502601908866637	7.3331752867501947e-008	-1	
0.0025000000000000005	0.020502601908866637	-1.292978478464451e-007	-1	
0.0031193630434782614	0.020502601908866637	-6.2779019683257987e-008	-1	
3.077549094694375e-020	0.021147331256692721	0	-1	
0.00025410873068266467	0.02099178587625794	1.8897387439915877e-008	-1	
0.0025000000000000005	0.030502601908866608	-5.5914661086023328e-007	-1	
0.0018806369565217396	0.030502601908866608	-4.662944120537743e-007	-1	
0.0009515923913043481	0.030137334824095398	1.564521121955534e-007	-1	
0.0012612739130434785	0.030502601908866608	-1.6047445371814893e-007	-1	
0.0031193630434782614	0.030502601908866608	-1.0095197205712782e-006	-1	
3.077549094694375e-020	0.02985787256104052	0	-1	
0.00016842967409928659	0.030067647735136302	5.7257747050525578e-009	-1	
0.00048707010869565229	0.030253703793687515	1.8291500307909634e-008	-1	
0.0037387260869565218	0.030502601908866608	-1.4360738390215396e-006	-1	
0.0040484076086956533	0.030502601908866608	-1.5755718342552509e-006	-1	
0.0042488703892966297	0.030332327882404021	1.7628757698646887e-006	-1	
0.0046219714410345681	0.020728015691149782	6.1810376250715779e-006	-1	
0.0045436562414666523	0.020671411917887877	4.2589883379820684e-006	-1	
0.004425198398019076	0.020615229786338989	2.4954468621994951e-006	-1	
0.0048684063637911097	0.020607512892173111	4.1071114276391932e-006	-1	
0.0047626573093035827	0.020617083327673758	3.7390433830019101e-006	-1	
0.0048286092176454782	0.020588856943385515	3.1021856851684403e-006	-1	
0.0046755231637685361	0.020647582671667285	4.2120019213555228e-006	-1	
0.004919386888586957	0.020539336053677901	1.5243908137519831e-006	-1	
0.0048976953964461507	0.020574740802941052	2.9791732991263612e-006	-1	
0.0043580891304347835	0.020502601908866637	-1.8123113285398777e-007	-1	
0.0048774294274146271	0.020537977157218289	1.2865803105591837e-006	-1	
0.0048419665081521745	0.020532769995754284	9.7727119505822606e-007	-1	
0.0047840771294847756	0.020548617465469807	1.4352948241826075e-006	-1	
0.0045129298913043486	0.020502601908866637	-1.7375676629622186e-007	-1	
0.0045903502717391312	0.020502601908866637	-1.9531060393024209e-007	-1	
0.0047175595003289203	0.020565390727349486	1.8410071744994972e-006	-1	
0.004638611108180573	0.020576858803395787	2.0024638134748338e-006	-1	
0.00042060466867513191	0.019692670849127215	-1.0372604645652579e-007	-1	
0.0009515923913043481	0.020137334824095424	-2.5219943150391313e-007	-1	
3.077549094694375e-020	0.019857872561040553	0	-1	
0.0055681884997408181	0.031587153045760395	-2.8264680475221437e-005	-1	
0.0054560588800567	0.031848417315683004	-3.3937197386144502e-005	-1	
0.0052841888549788399	0.032167199347260055	-4.0804075505736284e-005	-1	
3.077549094694375e-020	0.010502601908866659	0	-1	
2.254782608695655e-005	0.010502601908866659	-1.3684979260650012e-012	-1	
4.7431001000175366e-005	0.010550032909866834	-7.1396424319962919e-011	-1	
6.9917031132453808e-005	0.010617910923865296	-3.4171143428629811e-010	-1	
3.077549094694375e-020	0.010680695115388399	0	-1	
0.0050000000000000001	0.032391694300170963	-4.728812833528333e-005	-1	
0.0044096435166081265	0.032702785061040532	-3.6731391715176888e-005	-1	
0.0030649591655663292	0.033881720579943223	-1.9814820850273316e-005	-1	
0.0036416705300161382	0.032767833897841603	-2.3437635600931465e-005	-1	
0.0032247819479551952	0.035761614752283614	-2.5642807247358283e-005	-1	
0.0028292910804141613	0.034848497256159836	-1.8538203541409711e-005	-1	
0.0031787431114884118	0.036826173144585146	-2.5184329994844044e-005	-1	
0.015089125682348398	0.048852767990033276	-5.2863418755525527e-006	-1	
0.013435120145078609	0.048231521676647994	-6.7591871195846924e-006	-1	
0.020799999999999999	0.053983089130434772	0	-1	
0.019331419706588551	0.052361227172230726	-9.6153425309850896e-007	-1	
0.017483185053850315	0.051031304567208578	-2.477349295235627e-006	-1	
0.014790079620065309	0.050294430435843827	-4.3836623339663736e-006	-1	
0.015987472541746657	0.051151208905539987	-3.2915736560078123e-006	-1	
0.011484451933598086	0.046770890573500944	-9.4159466296488819e-006	-1	
0.011002880997327069	0.048382393870594002	-7.2012175916138089e-006	-1	
0.0099812415444258118	0.04585759987604146	-1.1317740955929239e-005	-1	
0.0086085904328167331	0.045274709572518029	-1.2492959695168746e-005	-1	
0.0074317049358576526	0.04435880962864281	-1.4292953236287715e-005	-1	
0.0062275428822977878	0.041771070225569223	-2.6074817229575405e-005	-1	
0.006086935692359653	0.042965619247597849	-1.8273909199241437e-005	-1	
0.0037881662260973821	0.037907061540630616	-3.5205961043592694e-005	-1	
0.006337437813096548	0.040832524298422088	-3.3882103049838558e-005	-1	
0.0062058776242587058	0.04116728741667533	-3.0951363713270414e-005	-1	
0.006008364502545183	0.040482127053111307	-3.8055938301243473e-005	-1	
0.0057183718588225841	0.040046487243216432	-4.4106594211186041e-005	-1	
0.0053213297042912951	0.038989891862598457	-5.7029008243818611e-005	-1	
0.0050000000000000001	0.039235691039301412	-5.8423051083662053e-005	-1	
0.0046471048539681124	0.038924600278431851	-5.0921373190636945e-005	-1	
0.0037660207099552744	0.038645457284138297	-3.276702301656506e-005	-1	
0.0054986582284613237	0.039828457052835026	-4.8084682889484526e-005	-1	
0.0054953978164764576	0.03960733571101744	-5.0369462309336624e-005	-1	
0.005270412510891667	0.039391236419736193	-5.4423041785943687e-005	-1	
0.005147262369603705	0.030869669441330353	-1.5963655145907837e-005	-1	
0.0050845146195021259	0.030732314354943963	-1.2146444870095299e-005	-1	
0.0051887558806043539	0.031069558566475305	-2.1154147499327095e-005	-1	
0.0053584097054014002	0.031410469278854498	-2.7030551583831609e-005	-1	
0.0051744892370242223	0.031302876637127483	-2.7002118537806195e-005	-1	
0.0050000000000000001	0.03040228139256226	3.783266895538351e-006	-1	
0.0049102282215531829	0.03040998982547867	2.1653160393930107e-006	-1	
0.0050319610732238278	0.030441167737670957	1.2888502045369459e-006	-1	
0.0050659113395961934	0.030523136741360021	-3.2799363949911944e-006	-1	
0.0050361570879566961	0.030491327995823131	-1.4976755910952846e-006	-1	
0.0047490181980274311	0.030290158373383894	5.1492058200780203e-006	-1	
0.0048379329051806827	0.030383821730297581	2.6489855434088964e-006	-1	
0.0050443150430558477	0.030641808770279652	-9.1167322266154839e-006	-1	
0.0050357337700645552	0.030583479252616608	-6.5636446982022303e-006	-1	
0.0046404505853552243	0.0303122224346653	3.7357184694354258e-006	-1	
0.0044355095108695661	0.030410352338839593	4.3380888317067832e-007	-1	
0.0045516400815217399	0.030378452667417531	1.5033315022022463e-006	-1	
0.00043302083199596268	0.020670248285603411	1.6579158765011554e-008	-1	
0.00064191086956521756	0.020502601908866637	-1.184500946456358e-008	-1	
3.077549094694375e-020	0.020836240495823159	0	-1	
0.00013575885974849216	0.020718365100833649	2.0174869904875649e-009	-1	
0.00218664530478665	0.031043154751192438	-2.3957449240903264e-006	-1	
0.0028096815217391307	0.03109021229813581	-4.3886537841729676e-006	-1	
0.0017053527185752931	0.031441584151233111	-2.1347117692289406e-006	-1	
0.00064191086956521756	0.030502601908866608	-3.44331314325671e-008	-1	
0.00080629907514182951	0.030921395547713958	-2.5450517347428147e-007	-1	
0.0034290445652173916	0.030850258063213579	-4.9190149520954859e-006	-1	
3.077549094694375e-020	0.030168963321910085	0	-1	
8.7430956301778618e-005	0.030246736012127476	4.8642908929112837e-010	-1	
0.00021697491771529635	0.030367609547605635	-1.7738379366044998e-010	-1	
0.00033222934782608702	0.030502601908866608	-9.8539288519416656e-009	-1	
0.0038935668478260878	0.030818849536950819	-6.2708996968197595e-006	-1	
0.0043580891304347835	0.030502601908866608	-1.7708604161701105e-006	-1	
0.00421103672670416	0.030666530465588437	-4.8892328447168608e-006	-1	
0.0045516400815217399	0.02058057155134874	1.8898565481998378e-006	-1	
0.0048552639823303302	0.020565570847921055	2.3325054609136411e-006	-1	
0.00048707010869565229	0.020253703793687537	-4.4095940307346918e-008	-1	
0.0001684296740992884	0.020067647735136321	-8.7829828071603031e-009	-1	
3.077549094694375e-020	0.020168963321910115	0	-1	
0.0052952319344109358	0.031613967397997045	-3.1830330431760633e-005	-1	
0.0050000000000000001	0.031769512778431833	-3.8497768977166802e-005	-1	
3.077549094694375e-020	0.010525149734953616	0	-1	
3.077549094694375e-020	0.010602922425171007	0	-1	
0.0046508662207377337	0.032080603539301394	-3.5070900531811564e-005	-1	
0.0042365773205284042	0.032277834132630856	-2.9149367083225983e-005	-1	
0.002321598210425609	0.032530930495291932	-7.9625223901664002e-006	-1	
0.0014405848869095015	0.033698737357849694	-4.0047217469240433e-006	-1	
0.0029885496476813826	0.031810614339334055	-1.009372985265044e-005	-1	
0.0038110550567809235	0.031833092228407252	-1.8314694313369708e-005	-1	
0.0023416719165089321	0.036256697706899224	-1.3395319855149058e-005	-1	
0.0017661183964025619	0.035352062023393527	-7.3070933626425907e-006	-1	
0.0026579099548657155	0.038025647666294765	-1.6509859214288118e-005	-1	
0.0018943527232131775	0.03760926123567198	-8.397575235352081e-006	-1	
0.01204770037826209	0.049630899459794084	-5.7448602544870108e-006	-1	
0.01335114203304733	0.050606324289092591	-4.6458421524817806e-006	-1	
0.020799999999999999	0.056232384510869551	0	-1	
0.019647850215745416	0.054613420720793983	-5.4310436022398121e-007	-1	
0.018622811902800625	0.0537924070204467	-1.1196429961067295e-006	-1	
0.017292228659933975	0.052519615228608464	-2.0933430786725362e-006	-1	
0.014453059242365571	0.051925045573368023	-3.4784530425608128e-006	-1	
0.015971431939622548	0.05380255978515909	-2.1574535107172737e-006	-1	
0.0099400827536661809	0.0474370566783721	-8.4890545622809946e-006	-1	
0.0095878270526850579	0.048815141739191263	-6.4292543093646703e-006	-1	
0.010989296877305921	0.050867910281979983	-4.623547033322383e-006	-1	
0.0086870453341197848	0.046763929841183757	-9.2447033711552089e-006	-1	
0.0062872155296839032	0.045498505144876952	-9.5930820683302415e-006	-1	
0.0055156136140658736	0.044079564570228831	-1.2263041277380056e-005	-1	
0.0058665562280772084	0.041286599690658864	-2.9722277416740327e-005	-1	
0.0052263054975651814	0.042125361301667025	-2.1000177855845874e-005	-1	
0.0048845845475305955	0.042998322036777156	-1.4730905207072652e-005	-1	
0.0030743739116314735	0.038859105280289609	-2.0671822103944954e-005	-1	
0.0058675321625836887	0.040731251632540787	-3.5619383671847398e-005	-1	
0.0058829150630322555	0.041008953552086183	-3.2620938265084939e-005	-1	
0.0055978071867771647	0.04036527680816368	-4.0850571530684213e-005	-1	
0.0056041517138276185	0.040619325124206095	-3.7443864371577007e-005	-1	
0.0054379884554957465	0.040240259723211748	-4.3344967854544729e-005	-1	
0.0053355426878788333	0.039977784205469782	-4.7572325473505892e-005	-1	
0.0050000000000000001	0.039546781800170981	-5.5698965945358457e-005	-1	
0.0047067970412278896	0.0393912364197362	-4.925265346957358e-005	-1	
0.0042161086463877407	0.039212415491918201	-3.9200701578702784e-005	-1	
0.0036939627151128186	0.039365754726359441	-2.8482417205321346e-005	-1	
0.0052782559347675376	0.039810343327982327	-5.0135348993997127e-005	-1	
0.0050000000000000001	0.030836240495823133	-1.7073783476230176e-005	-1	
0.0050000000000000001	0.030991785876257914	-2.1764584306471653e-005	-1	
0.0050000000000000001	0.03075846780560574	-1.4403345319772981e-005	-1	
0.0050000000000000001	0.030680695115388349	-1.1452368793505594e-005	-1	
0.0050000000000000001	0.031147331256692699	-2.5878180457871511e-005	-1	
0.0050000000000000001	0.031458422017562264	-3.2761880534164111e-005	-1	
0.0050000000000000001	0.030480054082779651	-4.0380930214667516e-007	-1	
0.0049525689989998248	0.030455170907866435	4.4864065543615089e-007	-1	
0.004919386888586957	0.030471228624117119	-5.5992614377021669e-007	-1	
0.0048613216032608701	0.030457063458683251	-1.4578553565233243e-007	-1	
0.0050233514153223066	0.030513875821910084	-2.8733613728949292e-006	-1	
0.0050237842325801104	0.030544592907507915	-4.6866832284549949e-006	-1	
0.0050000000000000001	0.030502601908866608	-2.1006743502362769e-006	-1	
0.0047689422732507102	0.030417758063050391	1.0213367348939941e-006	-1	
0.0050000000000000001	0.030602922425170959	-8.0789457966599669e-006	-1	
0.0050000000000000001	0.030564036080062262	-6.1250043571788428e-006	-1	
0.0046290604619565225	0.030422422318560585	4.2686345497966214e-007	-1	
0.0045129298913043486	0.030502601908866608	-1.8877522753128763e-006	-1	
0.0045903502717391312	0.030502601908866608	-1.9197408768766809e-006	-1	
0.00025480896739130441	0.020589596179442036	2.0261423898085944e-009	-1	
0.00033222934782608702	0.020502601908866637	-2.6052689521218743e-009	-1	
3.077549094694375e-020	0.020680695115388378	0	-1	
6.991703113245435e-005	0.020617910923865276	2.4140840679753184e-010	-1	
0.00013867839673913047	0.020598291521851188	6.0910613041368523e-010	-1	
0.0024609638132052085	0.031559201719885258	-5.4711272095958283e-006	-1	
0.0036780708836410812	0.031361636757871687	-1.187376881988071e-005	-1	
0.0010366059336779805	0.031560372634058788	-9.0100101247753939e-007	-1	
0.0015017456484170077	0.032237157149410306	-2.8280090091236107e-006	-1	
0.00043302083199596268	0.030670248285603382	-3.8312720540230179e-008	-1	
0.00025410873068267291	0.030991785876257914	-2.6857041531201066e-008	-1	
0.00036508598776535358	0.031458422017562264	-1.0463747636985635e-007	-1	
3.077549094694375e-020	0.03032450870234487	0	-1	
9.6565119661444471e-005	0.030363395047453567	-9.491490322900245e-011	-1	
0.0001155081103360082	0.030432576989291117	-6.3586693660939909e-010	-1	
0.0001773885869565218	0.030502601908866608	-2.9992836452912776e-009	-1	
0.00025480896739130441	0.030589596179442003	-9.4543203388621224e-009	-1	
0.0041900203280294578	0.031080630985394576	-1.2361161322488541e-005	-1	
0.0040292030644724667	0.031394496175365494	-1.5542334470221608e-005	-1	
0.004425198398019076	0.030615229786338957	-4.5641567689438202e-006	-1	
0.0044920455516328523	0.030825297953882159	-9.9132772245662144e-006	-1	
0.00021697491771529719	0.020367609547605671	-5.0409434815931473e-009	-1	
8.7430956301782277e-005	0.020246736012127505	-1.3262606718118763e-009	-1	
3.077549094694375e-020	0.020324508702344896	0	-1	
0.0046812400408620131	0.031613967397997045	-2.8798107917748991e-005	-1	
0.0043008134292861428	0.0318235116457194	-2.5067882646600901e-005	-1	
0.0010578732161257453	0.032950652782583474	-1.7511974881830405e-006	-1	
0.00059613460503121567	0.033658810857466248	-6.5976978668906385e-007	-1	
0.0009733788220131521	0.034630126055612762	-2.0815095815573047e-006	-1	
0.0013320952609341089	0.036332496361968419	-4.2311775225747583e-006	-1	
3.077549094694375e-020	0.035502601908866623	0	-1	
0.0025268738750249785	0.038948102742377574	-1.3521939554197337e-005	-1	
0.0020049048150760063	0.038471917332039716	-8.8611521805155616e-006	-1	
0.0011640015180963692	0.038081473500231146	-3.0433817850743744e-006	-1	
0.00062100558384374819	0.037532751946311727	-8.8619640186809215e-007	-1	
0.011776718046081696	0.052386191947274313	-3.540845978964617e-006	-1	
0.013287514581489596	0.053187880877473927	-2.9950489079248581e-006	-1	
0.020799999999999999	0.058481679891304338	0	-1	
0.019284327967091643	0.05587541066286815	-5.721851890891453e-007	-1	
0.019763378754570026	0.057357032201086941	-3.0459525134948552e-007	-1	
0.017729691296423669	0.055787110823050226	-1.0957001966578321e-006	-1	
0.017299279451645357	0.054360919385423562	-1.5382359927994488e-006	-1	
0.014773588437416808	0.054811119616038774	-2.0577306500975903e-006	-1	
0.016239343705702642	0.055336358093321464	-1.5951286070798762e-006	-1	
0.0081775877018066684	0.048366952764252694	-6.3505283841675677e-006	-1	
0.0086694933863548564	0.049975448449206726	-4.8518589516956503e-006	-1	
0.010078014880047696	0.052585236831436649	-3.2139534308677898e-006	-1	
0.0083858194763497644	0.051628095216157452	-3.3755690990790521e-006	-1	
0.0068586638944494547	0.047323080376748879	-6.7270681644963389e-006	-1	
0.0047493553274790285	0.0450047968615329	-7.7492685777949357e-006	-1	
0.0050103570039950023	0.046833805761576273	-5.2032700262980778e-006	-1	
0.0042765889279134193	0.043900397257188278	-9.3159065428138524e-006	-1	
0.0052270511259766231	0.041467062973893042	-2.6479335432179671e-005	-1	
0.0054480885659435267	0.041095863267571732	-3.1147125709420811e-005	-1	
0.0048213331468355772	0.041606367429394636	-2.3208124817580173e-005	-1	
0.0045680746314998048	0.042115907663712697	-1.8066311514625177e-005	-1	
0.0039573151012168468	0.042860463316815159	-1.1452766372767716e-005	-1	
0.0029446029257832866	0.039313040104804027	-1.7628760454508105e-005	-1	
0.0056306522204428765	0.040891827773565252	-3.3874481879825872e-005	-1	
0.0053588684330152956	0.040552865271201256	-3.8855174402802428e-005	-1	
0.0052945955772948404	0.040383820793420705	-4.1850301819527102e-005	-1	
0.0053915217944847356	0.040758498818946595	-3.5598950643526111e-005	-1	
0.005239085818359893	0.040200146890618127	-4.523956580889782e-005	-1	
0.0051532853479911486	0.039935645251257944	-4.9799246342930987e-005	-1	
0.0051297991946901607	0.040105919705758726	-4.7625233825603491e-005	-1	
0.0048224900786541427	0.039702327180605769	-4.9344594060459455e-005	-1	
0.0050000000000000001	0.03985787256104055	-5.2361864023996558e-005	-1	
0.0045182070464327437	0.039638430258970639	-4.270811136697294e-005	-1	
0.0042107276162258005	0.039536351711513554	-3.6911565573716488e-005	-1	
0.0032962079710822496	0.039628113470538517	-2.1233939834773901e-005	-1	
0.0039944579457853215	0.039894823188781035	-3.0396881482384581e-005	-1	
0.0036476467069889527	0.039949876989213873	-2.4570409398795227e-005	-1	
0.0049274390577965475	0.030884143954116195	-1.7101980737396772e-005	-1	
0.0049222082189181561	0.030797354150714436	-1.4239838645423323e-005	-1	
0.0048616912990751921	0.03095035882539476	-1.7828019770414651e-005	-1	
0.004860650628785961	0.031088090393608939	-2.1445020744841556e-005	-1	
0.0049346054524813231	0.030711272691387945	-1.1415035037343108e-005	-1	
0.0049542573903868965	0.030641808770279652	-8.9859315586070729e-006	-1	
0.0048516067495402281	0.031302876637127483	-2.6171088786538872e-005	-1	
0.004977452173913044	0.030502601908866608	-2.0978396275826921e-006	-1	
0.0049387419836956527	0.030502601908866608	-2.110209786742932e-006	-1	
0.0049000317934782614	0.030502601908866608	-2.070997575566673e-006	-1	
0.0048613216032608701	0.030502601908866608	-2.0594798271893726e-006	-1	
0.0048226114130434788	0.030502601908866608	-2.0342867008225789e-006	-1	
0.0050000000000000001	0.030525149734953561	-3.8335098790272827e-006	-1	
0.0047451910326086963	0.030502601908866608	-1.9931773911510078e-006	-1	
0.0046677706521739137	0.030502601908866608	-1.990043635172641e-006	-1	
0.0049684771491515806	0.030583479252616608	-6.5699734405663957e-006	-1	
0.0049609001381219937	0.030541701770744615	-4.3305098681061333e-006	-1	
0.0045516400815217399	0.030580571551348711	-4.0292429547492363e-006	-1	
0.004638611108180573	0.030576858803395758	-4.2017700661308486e-006	-1	
0.0001773885869565218	0.020502601908866637	-5.6052373172702533e-010	-1	
3.077549094694375e-020	0.020602922425170984	0	-1	
4.7431001000175366e-005	0.02055003290986681	2.0821990382526964e-011	-1	
9.9968206521739179e-005	0.020502601908866637	-2.0583180290111541e-010	-1	
0.00068139977767627707	0.032199409476558472	-5.7457196775187454e-007	-1	
0.00013575885974849235	0.03071836510083362	-4.1730754480700218e-009	-1	
3.077549094694375e-020	0.031147331256692699	0	-1	
3.077549094694375e-020	0.030836240495823133	0	-1	
3.077549094694375e-020	0.031769512778431833	0	-1	
3.077549094694375e-020	0.03040228139256226	0	-1	
4.7431001000175366e-005	0.030455170907866435	-1.3615380582779933e-010	-1	
9.9968206521739179e-005	0.030502601908866608	-9.2437366377520884e-010	-1	
0.00013867839673913047	0.030598291521851159	-2.8114810033907488e-009	-1	
0.0043818617408090217	0.031396821629726623	-2.0018922628690645e-005	-1	
0.004585442908594561	0.031088059003517673	-1.6919499369637677e-005	-1	
0.0045436562414666523	0.030671411917887848	-6.4540116114862336e-006	-1	
0.0046219714410345681	0.030728015691149756	-8.4759730087102813e-006	-1	
0.0046683227636318807	0.030883566744738741	-1.3155598241530641e-005	-1	
0.00011550811033600797	0.020432576989291143	-8.5808785465454832e-010	-1	
9.6565119661446396e-005	0.020363395047453593	-9.4125010195317222e-010	-1	
3.077549094694375e-020	0.020402281392562293	0	-1	
3.077549094694375e-020	0.033013875821910094	0	-1	
3.077549094694375e-020	0.034258238865388355	0	-1	
3.077549094694375e-020	0.03674696495234489	0	-1	
0.0020095061693693773	0.039178446221825064	-8.1873621767110204e-006	-1	
0.0024754192265152631	0.039500397281087632	-1.1937435531568858e-005	-1	
0.0014891821974209836	0.038954860834120135	-4.594612963347877e-006	-1	
0.00093516472897137062	0.038984901213524631	-1.7962094844701517e-006	-1	
0.00056139912992661295	0.038302418756692713	-6.9114463453681683e-007	-1	
3.077549094694375e-020	0.037991327995823151	0	-1	
0.01150746703902681	0.05419567153541141	-2.5383016327602772e-006	-1	
0.013261393423335134	0.055217676165152316	-2.0936759966846298e-006	-1	
0.020799999999999999	0.060730975271739124	0	-1	
0.019572590554384036	0.059125249834339408	-2.6567612407596366e-007	-1	
0.017337815804438592	0.05726055171461291	-9.3883219747055086e-007	-1	
0.018510713810284504	0.058234669125416277	-5.5406438925824892e-007	-1	
0.014141672720436139	0.056243845868633249	-1.6936500568881387e-006	-1	
0.015383997347225131	0.056777273860887476	-1.3933447003524767e-006	-1	
0.0062805849200373194	0.049826553345976625	-3.4706633335823952e-006	-1	
0.0057823902186525666	0.048393035976185821	-4.3402564414649352e-006	-1	
0.0067151345846807424	0.051222360147560139	-2.8257834288273646e-006	-1	
0.0096781768449175423	0.054215916792154289	-2.3062399865332797e-006	-1	
0.0082704139490275257	0.053300935252680308	-2.3556513711680815e-006	-1	
0.0070524010011427741	0.052644809233719406	-2.2279323534700447e-006	-1	
0.0035880557722917498	0.044697242154599949	-5.5435090761883935e-006	-1	
0.0029294884479442885	0.045893873189634754	-2.8261804328293447e-006	-1	
0.0042706779548120155	0.048526812062740496	-2.6472683212478713e-006	-1	
0.0023193429791908827	0.047470808361816698	-1.1757750522462633e-006	-1	
0.0032044037821533323	0.043716502205691891	-6.1508327639978014e-006	-1	
0.0049214120032750712	0.041237372673369216	-2.7404837834176373e-005	-1	
0.0051061203451559824	0.041104366608139792	-2.995813407059385e-005	-1	
0.005206397153839539	0.040853789245535926	-3.3837971581123885e-005	-1	
0.0044868542922002911	0.041552725293194002	-2.1539623825921436e-005	-1	
0.0046939579504678315	0.04124588377257956	-2.5776942843109211e-005	-1	
0.0040366702409437884	0.041900727370735608	-1.6193899091134008e-005	-1	
0.0031343515345684052	0.042578622283972745	-8.4200991900324734e-006	-1	
0.0028945320118733838	0.039782497490788285	-1.5654106906237009e-005	-1	
0.0052102973409528745	0.04065598493980984	-3.7141640196624224e-005	-1	
0.0051924089314911784	0.040482166828482165	-4.0489499802237945e-005	-1	
0.0051497165019373167	0.040318503668840135	-4.3893353476950992e-005	-1	
0.005154622737154683	0.040406660609882544	-4.2168100013925107e-005	-1	
0.005098285763580371	0.040246736012127506	-4.5640561166710116e-005	-1	
0.0050000000000000001	0.040013417941475324	-5.0338235989917561e-005	-1	
0.0050000000000000001	0.040168963321910119	-4.8004660754164528e-005	-1	
0.0048580824297701159	0.039935645251257937	-4.7603087186567385e-005	-1	
0.0045863223187892219	0.0399417968523261	-4.1168584376068067e-005	-1	
0.0043123529567842623	0.039843981228965493	-3.6552607082542499e-005	-1	
0.0032171642340545399	0.040067254318845655	-1.8411310075648748e-005	-1	
0.0038935668478260878	0.040200540589738987	-2.6513366889668604e-005	-1	
0.0042235526536630943	0.040121003996362717	-3.2343206146063339e-005	-1	
0.0037387260869565218	0.040502601908866634	-2.2366127982325945e-005	-1	
0.0048443038593390855	0.030858680835153147	-1.4874481465071206e-005	-1	
0.0048413303890687751	0.030759578817311825	-1.1688301899325062e-005	-1	
0.0047698587437429909	0.030966910524294768	-1.6777238413627943e-005	-1	
0.0048780788469917138	0.030666370822039268	-8.8950027420652727e-006	-1	
0.0049137630839522616	0.030618574921880966	-7.4367969444342378e-006	-1	
0.004919386888586957	0.030539336053677868	-3.8832923027163849e-006	-1	
0.0048774294274146271	0.03053797715721826	-3.6181498940442982e-006	-1	
0.0048419665081521745	0.030532769995754258	-3.2822257937589046e-006	-1	
0.0047840771294847756	0.030548617465469774	-3.7141674088288449e-006	-1	
0.0047175595003289203	0.030565390727349456	-4.0872190275221603e-006	-1	
0.0048976953964461507	0.030574740802941022	-5.3523488744403204e-006	-1	
0.0046755231637685361	0.030647582671667256	-6.4887196730718266e-006	-1	
3.077549094694375e-020	0.020525149734953594	0	-1	
2.254782608695655e-005	0.020502601908866637	-1.0675481705715723e-011	-1	
4.7431001000175366e-005	0.020455170907866461	-1.1649013280808461e-010	-1	
3.077549094694375e-020	0.030680695115388349	0	-1	
6.9917031132454716e-005	0.030617910923865246	-8.0398248956181304e-010	-1	
3.077549094694375e-020	0.030480054082779651	0	-1	
2.254782608695655e-005	0.030502601908866608	-4.6828583155500434e-011	-1	
4.7431001000175366e-005	0.030550032909866784	-2.7713418678568047e-010	-1	
0.0047185932002871758	0.030729237685331093	-9.350721355242429e-006	-1	
0.0047633731105840146	0.030811513475100572	-1.2308841677448366e-005	-1	
3.077549094694375e-020	0.020480054082779683	0	-1	
0.0017587540827736447	0.039711506754689471	-5.7548294293875526e-006	-1	
0.0021903184782608703	0.03991747475411702	-8.6324128115339964e-006	-1	
0.001280941415479383	0.039730630018364493	-3.0172010386931773e-006	-1	
0.00083486292923959057	0.039530590986850696	-1.3096337544426484e-006	-1	
0.00045806189802039161	0.039268116093855179	-4.1197799013253766e-007	-1	
3.077549094694375e-020	0.038613509517562282	0	-1	
0.010289388825914165	0.055560588364901485	-1.8718468443913533e-006	-1	
0.011556531383541116	0.056319582082213347	-1.7170474252816605e-006	-1	
0.013477095775663866	0.057421238490371611	-1.4086917776236916e-006	-1	
0.020799999999999999	0.062980270652173903	0	-1	
0.019152577190660939	0.060445971225496324	-2.7047067691158049e-007	-1	
0.019211328975833244	0.062492659469422215	-1.8663539177552134e-007	-1	
0.017487305846083004	0.060297308627533804	-5.2847606774173257e-007	-1	
0.016438411727176243	0.058491675903292274	-8.9510356240176659e-007	-1	
0.014607547396781854	0.058352423002883486	-1.1234653382360295e-006	-1	
0.004780897480694055	0.049941734363786142	-2.2909911952520716e-006	-1	
0.0057154423851193429	0.052289002329608349	-1.7701609622812487e-006	-1	
0.0045051069679445882	0.051411212586760069	-1.4617106964898194e-006	-1	
0.0088154266127967486	0.055656281199378495	-1.6020487372891376e-006	-1	
0.0070283337624222316	0.054028094331590684	-1.6903623350227642e-006	-1	
0.0055930857763574334	0.053920452636619952	-1.2188456907807833e-006	-1	
0.0025410093138008359	0.044584399739334292	-3.0911345402177115e-006	-1	
0.0015732274862163679	0.046055715577158839	-8.2382476409518035e-007	-1	
0.0020649658009981886	0.048766990950166192	-6.6166582457923518e-007	-1	
0.0033636729443253231	0.050445523700813066	-1.0790881706917049e-006	-1	
0.0010712176528992303	0.047896783119084713	-2.2909419161599188e-007	-1	
0.00090117971488901322	0.046730545655858859	-2.2861299129179711e-007	-1	
0.0019740978209618794	0.043650617265291028	-2.5704494566410945e-006	-1	
0.002425642615397133	0.04288391042168499	-4.7972014215795056e-006	-1	
0.0049130761256194738	0.041009912131534113	-3.011744977812734e-005	-1	
0.0050462107084297018	0.040841202612812551	-3.3378170526566756e-005	-1	
0.0050971838256403269	0.04068882196463771	-3.6272518829338542e-005	-1	
0.0042092878984905571	0.041358533429159294	-2.095214800806145e-005	-1	
0.0044002462961484747	0.041225230807753116	-2.3678712856200677e-005	-1	
0.0045505462414352476	0.041047341446191973	-2.6720491244589622e-005	-1	
0.004740130502524865	0.040927193506810414	-2.985590768969103e-005	-1	
0.0033655460874741873	0.041842403391354921	-1.2162186339469286e-005	-1	
0.0036387366392438723	0.041226630512474355	-1.6982787358124087e-005	-1	
0.0024847915750050237	0.042162039713438709	-6.2273704044120854e-006	-1	
0.0028096815217391311	0.040204372349293534	-1.3506986449330189e-005	-1	
0.0050967892479055902	0.040523136741360037	-3.9810457643390489e-005	-1	
0.005090449093040841	0.040461530719512459	-4.1305164741869999e-005	-1	
0.0050783376345861046	0.040370472647025403	-4.3466700047542504e-005	-1	
0.0050000000000000001	0.040324508702344899	-4.5226779403250439e-005	-1	
0.0048134189916019393	0.040091190631692725	-4.4404713803753447e-005	-1	
0.0048642411402515543	0.040286838716899614	-4.2553712783614444e-005	-1	
0.0045669791680040322	0.04033495553212986	-3.5925195223952759e-005	-1	
0.0031193630434782614	0.040502601908866634	-1.5449378685623885e-005	-1	
0.0040484076086956533	0.040502601908866634	-2.6248307712345574e-005	-1	
0.0043580891304347835	0.040502601908866634	-3.0522986965873297e-005	-1	
0.0034726941749822025	0.040834781147500783	-1.7529325193960066e-005	-1	
0.0038935668478260878	0.04077167632976457	-2.2294032385202684e-005	-1	
0.0048185916126074931	0.030662002551819202	-8.0776792942315816e-006	-1	
0.0048684063637911097	0.030607512892173082	-6.4876632836884994e-006	-1	
0.0048552639823303302	0.030565570847921025	-4.6712727355679444e-006	-1	
0.0048286092176454782	0.030588856943385485	-5.4415330213497879e-006	-1	
0.0047626573093035827	0.030617083327673725	-6.0552205607503214e-006	-1	
3.077549094694375e-020	0.020502601908866637	0	-1	
3.077549094694375e-020	0.030602922425170959	0	-1	
3.077549094694375e-020	0.030502601908866608	0	-1	
3.077549094694375e-020	0.030525149734953561	0	-1	
0.001570955434782609	0.040151282051918841	-4.2073664884831664e-006	-1	
0.0018806369565217396	0.040502601908866634	-5.5959482443709845e-006	-1	
0.0025000000000000005	0.040502601908866634	-9.9531474751047831e-006	-1	
0.0008590712295377125	0.040018869174169816	-1.2850594754660552e-006	-1	
0.0011064331521739134	0.040210841566293037	-2.0553936230426236e-006	-1	
0.00038477529909828755	0.039721438452667637	-2.731276454772669e-007	-1	
3.077549094694375e-020	0.039235691039301412	0	-1	
0.010035265121587422	0.056775423304073189	-1.4610086484238433e-006	-1	
0.011117333478193906	0.057716945605941289	-1.3085936516697009e-006	-1	
0.013193597909998651	0.058734224407877997	-1.1137967727896579e-006	-1	
0.011866247832298803	0.058940245840348092	-1.0668221054460485e-006	-1	
0.020799999999999999	0.065229566032608682	0	-1	
0.019614146074656072	0.064104918342391293	-1.0115343766234173e-007	-1	
0.018007058176461432	0.061663762425666846	-3.5659585931048513e-007	-1	
0.017658077210196781	0.063083463363382608	-3.0211439390218855e-007	-1	
0.016536286091661079	0.062054970007221245	-4.5955686020356225e-007	-1	
0.015453417739710214	0.060332945913960143	-7.3017424758146893e-007	-1	
0.014099453470495672	0.059726055423184252	-9.1084786738833901e-007	-1	
0.0041105591448935318	0.05322855955892928	-8.4455266161920961e-007	-1	
0.0023602536217571576	0.052600189781166845	-3.4201582025165345e-007	-1	
0.0075379280829385555	0.056083056843660446	-1.212753142239987e-006	-1	
0.0088122297048052311	0.056986580013247863	-1.2318470924927042e-006	-1	
0.0064196494880316111	0.055332328578230755	-1.1376939759353704e-006	-1	
0.0044056703011288618	0.055563497252732373	-5.8644369027867595e-007	-1	
0.0014503586823797435	0.044646202245141355	-1.0688995839789053e-006	-1	
0.00077117180027855476	0.045787072400168494	-2.1062210030315257e-007	-1	
0.00094757854825303111	0.049040492266818635	-1.3207022217753202e-007	-1	
0.0018431997427145878	0.050280256260374218	-3.605537337170321e-007	-1	
0.0012795134852101194	0.051623473324760659	-1.2976555285489488e-007	-1	
2.3070602690519414e-020	0.048388225344693447	0	-1	
2.4030959842650357e-020	0.047405340893475964	0	-1	
2.4991316994781301e-020	0.046422456442258481	0	-1	
0.0019098636531160401	0.04276314554343446	-3.1458889531474035e-006	-1	
0.0013154418054007317	0.043529381053682058	-1.2149939488992363e-006	-1	
0.0020640333453601327	0.042256347950954003	-4.245268180003782e-006	-1	
0.0048811979955544274	0.040797376243574289	-3.2965998620286154e-005	-1	
0.0049795623646929068	0.040694996871155478	-3.5528607694784023e-005	-1	
0.0050205348324934137	0.040599391156772226	-3.7852595704716298e-005	-1	
0.0041069811865391747	0.040997133698772288	-2.2834740442664595e-005	-1	
0.0043305134034406596	0.041003032648029777	-2.5043460440595682e-005	-1	
0.0044779846462822273	0.040834944331570845	-2.8353518713616413e-005	-1	
0.0046986741034368805	0.04074001998732002	-3.2020366996656475e-005	-1	
0.0031263386574627251	0.041212650168760231	-1.278912606657681e-005	-1	
0.0025123629163131896	0.041440012562153176	-7.9201589089594016e-006	-1	
0.0020757301801747883	0.04156642896696533	-5.2521009299005836e-006	-1	
0.0050288234144120073	0.040531425323278636	-3.9605827517394165e-005	-1	
0.0050361570879566917	0.040491327995823154	-4.0781252722595199e-005	-1	
0.0050319610732238174	0.04044116773767098	-4.2204031878366948e-005	-1	
0.0050000000000000001	0.040402281392562286	-4.3538640458582865e-005	-1	
0.0049300829688675484	0.040387292893868006	-4.2153692611302662e-005	-1	
0.0047451910326086963	0.040415607638291232	-3.7939736060802726e-005	-1	
0.0048613216032608701	0.040406912295882072	-4.0275014341251619e-005	-1	
0.0045129298913043486	0.040502601908866634	-3.282950100990392e-005	-1	
0.0046677706521739137	0.040502601908866634	-3.5188551395702381e-005	-1	
0.0026753186418067942	0.040969076592152501	-1.0104496196701842e-005	-1	
0.0043098664044697258	0.040780377868092924	-2.7028497129003744e-005	-1	
0.0044355095108695661	0.040656059518760203	-2.9915034119818262e-005	-1	
0.001570955434782609	0.040502601908866634	-3.8920728216761017e-006	-1	
0.0012612739130434785	0.040502601908866634	-2.5117142822347869e-006	-1	
0.0017257961956521741	0.040791265806552991	-4.4120113202763469e-006	-1	
0.0021903184782608703	0.04085457725734197	-7.0139599787794655e-006	-1	
0.00055476346901255969	0.040092612695864664	-5.2665794010387384e-007	-1	
0.00079675163043478288	0.040325720258045109	-1.0405695389375065e-006	-1	
0.0009515923913043481	0.040502601908866634	-1.4278676997850784e-006	-1	
3.077549094694375e-020	0.03985787256104055	0	-1	
0.00016842967409929298	0.040067647735136325	-4.8942446503985953e-008	-1	
0.0097058581770477995	0.057972040975437823	-1.1377691185834453e-006	-1	
0.010232149852900168	0.059692087041797876	-8.5052413482444209e-007	-1	
0.013193159571370383	0.060900860376575307	-7.4862030764816792e-007	-1	
0.011469233283248382	0.06099790708484748	-7.1893608951599813e-007	-1	
0.020799999999999999	0.067478861413043462	0	-1	
0.019222461597081547	0.065691633574999866	-9.4994056452618727e-008	-1	
0.018227130048306422	0.064604231839692064	-1.8792704210557665e-007	-1	
0.016762398374300911	0.064437833074364598	-2.7720035195933509e-007	-1	
0.015039637935412777	0.064083236550209949	-3.7337370825827858e-007	-1	
0.015038406921414281	0.0623243617083451	-5.2365787123228536e-007	-1	
0.014461024900887829	0.061165083362742081	-6.8129339928932647e-007	-1	
0.0028812862669573363	0.053900765832493411	-3.8252235044148179e-007	-1	
0.0013937561593397089	0.053742040170640132	-9.819861079244704e-008	-1	
0.0075579355656076874	0.057429808359337836	-9.4138057204934469e-007	-1	
0.0062619178142383266	0.056775537761373479	-8.1960731641107475e-007	-1	
0.0088588272250476139	0.059171750726717903	-8.2107066759609421e-007	-1	
0.0030135707370232603	0.05645886118760559	-2.3851187912358451e-007	-1	
0.0042667211792320834	0.057035644438501822	-4.0577030383260168e-007	-1	
0.0024078803088011282	0.055219424196676761	-2.016084880321739e-007	-1	
0.00066329346366519144	0.044948129765432256	-2.1556717054813103e-007	-1	
0.00075247351487759849	0.044127446758103608	-3.4488728787444676e-007	-1	
2.5951674146912242e-020	0.045439571991041004	0	-1	
2.1149888386257526e-020	0.050353994247128414	0	-1	
1.9229174081995641e-020	0.052319763149563381	0	-1	
0.0012278361408312143	0.042865414779406391	-1.3041332492943155e-006	-1	
0.0016361387560777591	0.042309618505109281	-2.6688656949572779e-006	-1	
0.00068300551408888017	0.043309039720129103	-3.5601933566799073e-007	-1	
0.0018077903080657351	0.041909546801424072	-3.6324357890963147e-006	-1	
0.0049039433606023084	0.040657234410484661	-3.5608730681386519e-005	-1	
0.0048164123677339682	0.040651419055136098	-3.4765191983971862e-005	-1	
0.0049589362972928871	0.040593047074274829	-3.7522029192786424e-005	-1	
0.0049887260869565225	0.040538758996823326	-3.9187320667058685e-005	-1	
0.0046056144509111869	0.040631412760061568	-3.2416290716993796e-005	-1	
0.0047451910326086963	0.040600203681532838	-3.4745295001069397e-005	-1	
0.0019146563211673599	0.041141359013172084	-4.9967800954189371e-006	-1	
0.0016241001900077145	0.041514857602284669	-3.2737933095300356e-006	-1	
0.0050000000000000001	0.040502601908866634	-4.0530794802394845e-005	-1	
0.0050000000000000001	0.04048005408277968	-4.1405412519681575e-005	-1	
0.0049525689989998309	0.040455170907866461	-4.1021736686694671e-005	-1	
0.0048226114130434788	0.040502601908866634	-3.7614296985275174e-005	-1	
0.0049000317934782614	0.040502601908866634	-3.8870255271892971e-005	-1	
0.0011744970717233263	0.040760610810050862	-2.058821496961826e-006	-1	
0.0015271071208652811	0.041051698443936392	-3.2403213129039463e-006	-1	
0.0005644904891304349	0.040362018217547237	-5.1768671681339983e-007	-1	
0.00040964972826086963	0.040319804139978398	-2.7538413248160644e-007	-1	
0.00064191086956521756	0.040502601908866634	-6.5080065720236033e-007	-1	
0.00091970431348500621	0.040856420327475308	-1.2349695504796283e-006	-1	
0.00072850902871373214	0.040752053086475712	-7.9274117418337873e-007	-1	
3.077549094694375e-020	0.040168963321910119	0	-1	
8.7430956301780312e-005	0.040246736012127506	-1.2641560591834664e-008	-1	
0.00021697491771530128	0.040367609547605703	-7.6210440564146866e-008	-1	
0.0085176107210869888	0.060566254463092453	-6.0175924732704533e-007	-1	
0.0092708059122239631	0.061788451819244805	-5.1677423629169814e-007	-1	
0.013622609089323041	0.062014177540169114	-6.0207868871961919e-007	-1	
0.012278533419835118	0.062523152376394137	-5.4687186317897627e-007	-1	
0.010820760920290521	0.062598164409450124	-5.0794986049473846e-007	-1	
0.020799999999999999	0.069728156793478241	0	-1	
0.019402807244247929	0.067325527474236313	-6.0369389315551534e-008	-1	
0.019217932931023106	0.068718897626717637	-4.32819348115005e-008	-1	
0.017362805819606315	0.065682601388081172	-1.9015908216229642e-007	-1	
0.01807390461057665	0.066867622807588636	-1.2039475538256423e-007	-1	
0.015814580320576553	0.065662193967120641	-2.4785311529656176e-007	-1	
0.013543795887439331	0.063204845619203393	-4.7963320069144409e-007	-1	
0.013298825448220577	0.064922141034695124	-3.4033586258827879e-007	-1	
1.7308459777733757e-020	0.054285532051998348	0	-1	
0.00100383436118012	0.055268416503215831	-3.5994390695621549e-008	-1	
0.0063306503196748102	0.058250137826656181	-6.2533530260716499e-007	-1	
0.0074545010084969918	0.059601439914935925	-5.9810423445471613e-007	-1	
0.0048610551517992498	0.058389635326247136	-3.8634366770505717e-007	-1	
0.0031788186988030015	0.058037139514935582	-1.9282930410661376e-007	-1	
0.0017690164539908148	0.057053965872436913	-7.4403855367466212e-008	-1	
2.6912031299043189e-020	0.044456687539823514	0	-1	
2.787238845117413e-020	0.043473803088606031	0	-1	
0.00085648926182539816	0.042079207360767645	-7.880503900173312e-007	-1	
0.00058596710622128292	0.042613175475275121	-3.1009810297662724e-007	-1	
0.0011745301482127589	0.041662542533621734	-1.656117651302526e-006	-1	
0.0048682230479413693	0.040580629603331503	-3.6747459176311332e-005	-1	
0.0049387419836956527	0.040534508056347292	-3.8696405518469909e-005	-1	
0.004977452173913044	0.040502601908866634	-4.0163349214890744e-005	-1	
0.0010715444711307221	0.041012602030753117	-1.6187408157053868e-006	-1	
0.00048707010869565229	0.040502601908866634	-3.7466065710776604e-007	-1	
0.00033222934782608702	0.040502601908866634	-1.7400212552719852e-007	-1	
0.00055971032596703119	0.040656371631967739	-4.7793805994917432e-007	-1	
0.00072112487265069722	0.040945943305478544	-7.470576455607915e-007	-1	
0.00054793534507731714	0.04082305370311886	-4.4163515061818864e-007	-1	
3.077549094694375e-020	0.040324508702344899	0	-1	
9.6565119661454988e-005	0.040363395047453593	-1.5067122329547917e-008	-1	
0.00011550811033599639	0.04043257698929114	-2.1306537295075086e-008	-1	
0.0001773885869565218	0.040502601908866634	-4.9515610758217373e-008	-1	
0.0078222411681913833	0.06183796699147328	-4.2237342414217535e-007	-1	
0.0098034857924739083	0.063645006699318746	-3.8258887041440199e-007	-1	
0.0080204110256948888	0.064099302623909088	-2.7322679107976851e-007	-1	
0.011636214737574225	0.063808851213462262	-4.1842012832196114e-007	-1	
0.020799999999999999	0.070852804483695631	0	-1	
0.019946021666191586	0.070448471872060173	-1.1160086753017299e-008	-1	
0.018741573347431904	0.07007661952811807	-3.2306762626869586e-008	-1	
0.01796302047025564	0.069041035782922575	-6.5573008526889781e-008	-1	
0.016277485686995007	0.06713973830839004	-1.6396303353173063e-007	-1	
0.014461101706229836	0.066897515163426471	-2.0608584718261957e-007	-1	
0.012851838660416606	0.066802138816923151	-2.2166885243297793e-007	-1	
0.011581966908218659	0.065809037648329488	-2.7288832392739685e-007	-1	
1.5387745473471869e-020	0.056251300954433321	0	-1	
0.0057429628882446375	0.059869680443041036	-3.8759550978771652e-007	-1	
0.0039186789871897059	0.059953936444918463	-1.958223136258324e-007	-1	
0.0019131036686272944	0.059199954308085764	-5.8843535311967364e-008	-1	
1.3467031169209983e-020	0.058217069856868281	0	-1	
2.8832745603305071e-020	0.042490918637388547	0	-1	
0.00056327992262557281	0.041644710103008069	-3.8221711992588035e-007	-1	
0.0004655801023010628	0.042026821355932144	-2.324294703173405e-007	-1	
0.00068173713503773899	0.041300465359489114	-6.1497489769778811e-007	-1	
0.00040964972826086963	0.04057634947301228	-2.6072651642474493e-007	-1	
0.00030631758629526501	0.040603828318710074	-1.4508111853884724e-007	-1	
0.00020282606918566566	0.040589416125199861	-6.3613172060651255e-008	-1	
0.00040757813747265432	0.040732381671644967	-2.4940316830020764e-007	-1	
0.00051265171857905372	0.040986383518888413	-3.7334681015410511e-007	-1	
0.00028183635513631146	0.040837113080259731	-1.1666927185681397e-007	-1	
3.077549094694375e-020	0.040402281392562286	0	-1	
4.743100100016981e-005	0.040455170907866461	-3.5773590514519223e-009	-1	
9.9968206521739179e-005	0.040502601908866634	-1.572519095664641e-008	-1	
0.00011421580549186219	0.040571195399972108	-2.0241318461376581e-008	-1	
0.0069286233521169719	0.062979123759288019	-2.7941008175194277e-007	-1	
0.0054978463950031194	0.061575028708964655	-2.5544845013943911e-007	-1	
0.01041612812273403	0.064954340884160369	-3.066117026080471e-007	-1	
0.0090142811315237024	0.0653072029615447	-2.4339800249291042e-007	-1	
0.0074648171927399302	0.065561532600931449	-1.819765256177656e-007	-1	
0.0054482382002162847	0.063785247564976277	-1.6112418758404676e-007	-1	
0.0059020805194910679	0.06540863998127637	-1.2813018912341635e-007	-1	
0.020799999999999999	0.071415128328804339	0	-1	
0.020418860051382527	0.071266510817915546	-2.2473960165821252e-009	-1	
0.019804566032608696	0.07163452110672669	-2.921354107286802e-009	-1	
0.019056346211116383	0.071297229196499459	-9.8050597608377725e-009	-1	
0.017492773296733852	0.070248283011814544	-4.1674999081548968e-008	-1	
0.015791987671130554	0.068890583667458136	-1.0455152690070925e-007	-1	
0.014441305927165695	0.06915646140465144	-1.0567405245558951e-007	-1	
0.013332240894630292	0.068340981853575983	-1.4536312370674656e-007	-1	
0.011316669001807625	0.067456711085902829	-1.8044556365148523e-007	-1	
0.0098684410970584051	0.066700116978988061	-1.9721827098730773e-007	-1	
0.0026477601330224042	0.060290168250533578	-8.6310703956482633e-008	-1	
0.003499305439986387	0.061731360607409427	-1.0862227906756492e-007	-1	
1.1546316864948097e-020	0.060182838759303248	0	-1	
0.0013418351429228701	0.060441318775569582	-2.2950536662391755e-008	-1	
2.9312924179370541e-020	0.041999476411779806	0	-1	
0.00025294107122296255	0.041694648348352036	-7.5594384917733118e-008	-1	
0.00030798132554471134	0.04138517362976888	-1.2201867826409622e-007	-1	
0.00024917183120691668	0.040691307276813179	-9.4111840257867168e-008	-1	
0.00014263788094812238	0.040656952453619416	-3.1037299862860686e-008	-1	
0.00022788127240662323	0.04106341099257959	-7.2641608624533092e-008	-1	
0.00015706079522757551	0.040754909898498379	-3.6859773472768572e-008	-1	
0.0001330604441531417	0.04085097063247347	-2.5921700972002722e-008	-1	
3.077549094694375e-020	0.04048005408277968	0	-1	
2.254782608695655e-005	0.040502601908866634	-7.9986522177385559e-010	-1	
4.743100100016981e-005	0.040550032909866814	-3.5026093645095027e-009	-1	
6.1462853556580724e-005	0.040617295152255227	-5.8052333658078811e-009	-1	
0.0041535670653866444	0.063062146288484319	-1.1526531816586812e-007	-1	
0.0084695732595034511	0.067866136652530287	-1.2010750603353206e-007	-1	
0.0070978426703011818	0.067088245331913529	-1.1683047904945921e-007	-1	
0.0039355304806889431	0.064528948542081827	-7.7526575149483445e-008	-1	
0.0050821775911568477	0.067521852924002354	-5.9400675241058075e-008	-1	
0.0040264284443484273	0.066681368957220877	-4.808918509519488e-008	-1	
0.020799999999999999	0.07169629025135868	0	-1	
0.020647989681957045	0.071605412628721707	-4.7063220895158391e-010	-1	
0.020291009103260871	0.071680515173888668	-1.2098883417674415e-009	-1	
0.019480270652173913	0.071999999999999995	0	-1	
0.020128861413043476	0.071999999999999995	0	-1	
0.018183089130434781	0.071999999999999995	0	-1	
0.016885907608695652	0.071999999999999995	0	-1	
0.016237316847826085	0.070794321983743566	-3.6378325541744172e-008	-1	
0.014291544565217392	0.070524892505979667	-5.3693853177786353e-008	-1	
0.012596657698196376	0.070309227170560401	-6.310952462224759e-008	-1	
0.011365185384776912	0.069124900792325444	-1.070475225632476e-007	-1	
0.0099766035890695489	0.068330484907412323	-1.2667635055542546e-007	-1	
0.0021337249117011508	0.061566060869046521	-4.4458512466303659e-008	-1	
0.0025577871564877513	0.063574543919864973	-4.1482724760687308e-008	-1	
9.6256025606862123e-021	0.062148607661738214	0	-1	
2.9793102755436017e-020	0.041508034186171064	0	-1	
3.003319204346875e-020	0.041262313073366697	0	-1	
6.9105001847392136e-005	0.04070944056955686	-7.2051754489093147e-009	-1	
3.0273281331501482e-020	0.041016591960562329	0	-1	
3.0513370619534214e-020	0.040770870847757962	0	-1	
3.077549094694375e-020	0.040502601908866634	0	-1	
3.0753459907566952e-020	0.040525149734953587	0	-1	
3.0693437585558768e-020	0.040586580013154683	0	-1	
3.0633415263550589e-020	0.040648010291355764	0	-1	
0.0087951512790602794	0.069409107381100843	-7.6128270524130454e-008	-1	
0.0068452038636356918	0.069606263234647747	-4.7594045647273177e-008	-1	
0.0057820882989503301	0.068675605306673548	-5.2128166165815337e-008	-1	
0.0031230417343215563	0.065641389957965146	-3.8911394550772609e-008	-1	
0.0045191915817684187	0.068748256737041241	-3.4412913573137056e-008	-1	
0.0026233831163808151	0.067276160829730494	-1.893818597060977e-008	-1	
0.0032571485389082089	0.068662037791492936	-1.8780335839607745e-008	-1	
0.020799999999999999	0.07183687121263585	0	-1	
0.020721411215407576	0.071766580731997265	-1.3319826215082866e-010	-1	
0.020607980922525894	0.071847522040065018	-2.1026531624622016e-010	-1	
0.020453156793478266	0.071999999999999995	0	-1	
0.015588726086956521	0.071999999999999995	0	-1	
0.012994363043478261	0.071999999999999995	0	-1	
0.010908289327564567	0.070571076886909098	-5.0543756148208208e-008	-1	
0.0011284184030739969	0.063131492112955698	-9.1368734034031488e-009	-1	
0.0018575032874149017	0.065097261015390664	-1.616222785742164e-008	-1	
7.7048882564243261e-021	0.064114376564173181	0	-1	
0.0094121266264427274	0.070819424376151935	-3.5214662991802716e-008	-1	
0.0078964691926775472	0.070550286587500857	-3.5522576159100022e-008	-1	
0.0065084554347826073	0.070978465617112699	-1.8928348936873822e-008	-1	
0.0048785483125199335	0.070714618751374636	-1.408758499603103e-008	-1	
0.0038797922133061158	0.069839748741690535	-1.6726291125110281e-008	-1	
0.0011144468094659598	0.067063029917825631	-3.7552315326597373e-009	-1	
0.00092893566270514899	0.068537356594651849	-1.7627751933501519e-009	-1	
0.0031000973806607351	0.069984922201098018	-1.0351250313591992e-008	-1	
0.0017350136070606451	0.069847175238095513	-3.3249579983438184e-009	-1	
0.020799999999999999	0.071907161693274435	0	-1	
0.020720903792300002	0.071872016452955143	-7.1551356536803701e-011	-1	
0.020615304483695654	0.071999999999999995	0	-1	
0.020686970840538894	0.071931855566216549	-5.5027415445674158e-011	-1	
0.0104	0.071999999999999995	0	-1	
5.78417395216244e-021	0.066080145466608148	0	-1	
0.007805636956521738	0.071999999999999995	0	-1	
0.0052112739130434774	0.071999999999999995	0	-1	
0.0039140923913043475	0.071999999999999995	0	-1	
0.0035531380393457558	0.070635885738439763	-8.9184272921606635e-009	-1	
3.8634596479005546e-021	0.068045914369043115	0	-1	
2.9031024957696116e-021	0.069028798820260598	0	-1	
0.00055694764930737774	0.069520241045869346	-4.1180884955959146e-010	-1	
0.0026931074916300363	0.070665626685876115	-5.2285435636123324e-009	-1	
0.0018740377407079377	0.070930171611816445	-1.9764546217408533e-009	-1	
0.0012338782429392827	0.070817263997980925	-9.5608957200738733e-010	-1	
0.0004658633055378407	0.070257404384282449	-1.8988955746332808e-010	-1	
0.020799999999999999	0.071977452173913034	0	-1	
0.020752568998999819	0.071952568998999822	-1.6836839070439836e-011	-1	
0.020696378328804346	0.071999999999999995	0	-1	
0.0026169108695652172	0.071999999999999995	0	-1	
0.003084007432442372	0.071357310398834098	-3.1881693531019405e-009	-1	
1.9427453436386685e-021	0.070011683271478081	0	-1	
0.0022926154891304345	0.071427509505376741	-1.5974915653384476e-009	-1	
0.0016440247282608698	0.0715381570770625	-6.9092083285124081e-010	-1	
0.00061418050033074383	0.070906456872694618	-2.0629540389905081e-010	-1	
0.00077469253730653347	0.07124285670096861	-2.3823057417140547e-010	-1	
0.0010993698885102814	0.071685864506716698	-1.9263249429513227e-010	-1	
1.4625667675732039e-021	0.070503125497086816	0	-1	
0.00027641140237190886	0.070748846609891183	-4.6491757835159473e-011	-1	
0.020799999999999999	0.071999999999999995	0	-1	
0.020777452173913042	0.071999999999999995	0	-1	
0.0019683201086956523	0.071999999999999995	0	-1	
0.0013197293478260869	0.071999999999999995	0	-1	
0.00030690208560367005	0.071117428279097727	-4.4163170874886122e-011	-1	
0.0007689583633275443	0.071668200762334391	-9.7692444086280589e-011	-1	
0.00052822966118360631	0.071589564794303007	-6.0153504448015341e-011	-1	
0.00099543396739130421	0.071999999999999995	0	-1	
0.00083328627717391298	0.071882545201288853	-3.9407256687867554e-011	-1	
9.8238819150773917e-022	0.070994567722695551	0	-1	
7.4229890347500688e-022	0.071240288835499918	0	-1	
0.0002286112231443672	0.071438604472678011	-1.4364664995591527e-011	-1	
0.00052619730883131561	0.07174031867913748	-3.7141949652315841e-011	-1	
0.000635827024061613	0.071849418979900936	-3.0432853123362399e-011	-1	
0.00029909054483480364	0.071661187121779352	-1.5207129336841389e-011	-1	
0.00038040386259519533	0.07177872616907581	-1.6126593669656073e-011	-1	
0.00067113858695652163	0.071999999999999995	0	-1	
5.022096154422746e-022	0.071486009948304285	0	-1	
0.0001330604441531339	0.071651631276393138	-3.1109708437792186e-012	-1	
0.00042791705163043483	0.07190899932504452	-8.3218311058467118e-012	-1	
0.0005089908967391304	0.071999999999999995	0	-1	
0.00015705223241440296	0.071747688140953544	-3.1447787580691618e-012	-1	
0.00024309734228824767	0.071818402393263064	-5.4085121013690117e-012	-1	
0.00030630628396739127	0.071900942502378912	-4.5951318521443881e-012	-1	
2.6212032740952872e-022	0.071731731061108667	0	-1	
6.9105001847398817e-005	0.071793161339309755	-4.9835154836136367e-013	-1	
0.00034684320652173911	0.071999999999999995	0	-1	
0.00014277170961628818	0.071845660554426732	-1.5854528691270329e-012	-1	
0.00019995563764961137	0.071912991151801942	-1.7477602624337595e-012	-1	
0.00026576936141304349	0.071999999999999995	0	-1	
1.420756833931694e-022	0.071854591617510843	0	-1	
6.1462853556582756e-005	0.071885306756611395	-2.2534192426485535e-013	-1	
0.0001135291308884941	0.071931263258886075	-4.6101366994621845e-013	-1	
0.00018469551630434782	0.071999999999999995	0	-1	
8.2053361384976133e-023	0.071916021895711946	0	-1	
4.7431001000180909e-005	0.071952568998999822	-6.1371415824157671e-014	-1	
0.00010362167119565216	0.071999999999999995	0	-1	
2.2031039376796453e-023	0.071977452173913034	0	-1	
2.254782608695652e-005	0.071999999999999995	0	-1	
0	0.071999999999999995	0	-1	
9421
1	0	2	12	-1	0	-1	0
4	1	2	12	-1	-1	-1	0
3	1	4	12	-1	-1	-1	0
2	5	4	12	0	-1	-1	0
3	4	7	12	-1	-1	-1	0
3	7	6	12	-1	-1	-1	0
8	4	5	12	-1	-1	-1	0
4	8	7	12	-1	-1	-1	0
5	9	8	12	0	-1	-1	0
6	7	11	12	-1	-1	-1	0
11	10	6	12	-1	-1	-1	0
12	7	8	12	-1	-1	-1	0
12	8	9	12	-1	-1	-1	0
7	12	11	12	-1	-1	-1	0
14	12	9	12	-1	-1	-1	0
9	13	14	12	0	-1	-1	0
16	10	11	12	-1	-1	-1	0
12	17	11	12	-1	-1	-1	0
15	10	16	12	-1	-1	-1	0
14	17	12	12	-1	-1	-1	0
16	11	17	12	-1	-1	-1	0
19	14	13	12	-1	-1	-1	0
13	18	19	12	0	-1	-1	0
17	14	20	12	-1	-1	-1	0
20	16	17	12	-1	-1	-1	0
15	16	23	12	-1	-1	-1	0
21	14	19	12	-1	-1	-1	0
20	14	21	12	-1	-1	-1	0
16	20	23	12	-1	-1	-1	0
23	22	15	12	-1	-1	-1	0
25	19	18	12	-1	-1	-1	0
20	21	23	12	-1	-1	-1	0
25	21	19	12	-1	-1	-1	0
25	18	24	12	-1	0	-1	0
23	21	26	12	-1	-1	-1	0
21	25	26	12	-1	-1	-1	0
28	22	23	12	-1	-1	-1	0
28	23	26	12	-1	-1	-1	0
28	27	22	12	-1	-1	-1	0
30	25	24	12	-1	-1	-1	0
25	30	26	12	-1	-1	-1	0
30	24	29	12	-1	0	-1	0
26	31	28	12	-1	-1	-1	0
32	26	30	12	-1	-1	-1	0
26	32	31	12	-1	-1	-1	0
27	28	34	12	-1	-1	-1	0
34	28	31	12	-1	-1	-1	0
27	34	33	12	-1	-1	-1	0
36	30	29	12	-1	-1	-1	0
32	30	36	12	-1	-1	-1	0
37	31	32	12	-1	-1	-1	0
29	35	36	12	0	-1	-1	0
31	37	34	12	-1	-1	-1	0
37	33	34	12	-1	-1	-1	0
32	36	38	12	-1	-1	-1	0
32	39	37	12	-1	-1	-1	0
32	38	39	12	-1	-1	-1	0
38	36	35	12	-1	-1	-1	0
40	33	37	12	-1	-1	-1	0
38	35	41	12	-1	0	-1	0
37	39	43	12	-1	-1	-1	0
40	37	42	12	-1	-1	-1	0
38	44	39	12	-1	-1	-1	0
42	37	43	12	-1	-1	-1	0
41	44	38	12	-1	-1	-1	0
43	39	45	12	-1	-1	-1	0
44	45	39	12	-1	-1	-1	0
46	40	42	12	-1	-1	-1	0
41	47	44	12	0	-1	-1	0
48	42	43	12	-1	-1	-1	0
42	48	46	12	-1	-1	-1	0
45	49	43	12	-1	-1	-1	0
44	51	45	12	-1	-1	-1	0
50	48	43	12	-1	-1	-1	0
50	43	49	12	-1	-1	-1	0
47	51	44	12	-1	-1	-1	0
45	52	49	12	-1	-1	-1	0
54	46	48	12	-1	-1	-1	0
51	53	45	12	-1	-1	-1	0
45	53	52	12	-1	-1	-1	0
55	51	47	12	-1	-1	0	0
48	50	56	12	-1	-1	-1	0
50	49	57	12	-1	-1	-1	0
54	48	56	12	-1	-1	-1	0
57	49	52	12	-1	-1	-1	0
55	53	51	12	-1	-1	-1	0
50	58	56	12	-1	-1	-1	0
52	53	59	12	-1	-1	-1	0
57	58	50	12	-1	-1	-1	0
55	61	53	12	-1	-1	-1	0
57	52	60	12	-1	-1	-1	0
52	59	60	12	-1	-1	-1	0
56	62	54	12	-1	-1	-1	0
59	53	61	12	-1	-1	-1	0
56	58	65	12	-1	-1	-1	0
61	55	63	12	-1	0	-1	0
57	66	58	12	-1	-1	-1	0
62	56	64	12	-1	-1	-1	0
60	66	57	12	-1	-1	-1	0
65	64	56	12	-1	-1	-1	0
59	68	60	12	-1	-1	-1	0
69	59	61	12	-1	-1	-1	0
67	65	58	12	-1	-1	-1	0
58	66	67	12	-1	-1	-1	0
61	63	71	12	-1	-1	-1	0
59	69	68	12	-1	-1	-1	0
66	60	70	12	-1	-1	-1	0
64	72	62	12	-1	-1	-1	0
60	68	70	12	-1	-1	-1	0
61	71	69	12	-1	-1	-1	0
65	75	64	12	-1	-1	-1	0
73	71	63	12	-1	-1	0	0
67	76	65	12	-1	-1	-1	0
64	74	72	12	-1	-1	-1	0
66	78	67	12	-1	-1	-1	0
77	66	70	12	-1	-1	-1	0
74	64	75	12	-1	-1	-1	0
75	65	76	12	-1	-1	-1	0
80	68	69	12	-1	-1	-1	0
70	68	80	12	-1	-1	-1	0
66	77	78	12	-1	-1	-1	0
71	81	69	12	-1	-1	-1	0
79	76	67	12	-1	-1	-1	0
79	67	78	12	-1	-1	-1	0
81	71	73	12	-1	-1	-1	0
84	72	74	12	-1	-1	-1	0
83	77	70	12	-1	-1	-1	0
82	80	69	12	-1	-1	-1	0
82	69	81	12	-1	-1	-1	0
70	80	83	12	-1	-1	-1	0
87	74	75	12	-1	-1	-1	0
81	73	86	12	-1	-1	-1	0
75	76	89	12	-1	-1	-1	0
85	86	73	12	-1	-1	0	0
89	76	79	12	-1	-1	-1	0
74	88	84	12	-1	-1	-1	0
77	91	78	12	-1	-1	-1	0
86	82	81	12	-1	-1	-1	0
74	87	88	12	-1	-1	-1	0
93	79	78	12	-1	-1	-1	0
92	77	83	12	-1	-1	-1	0
87	75	90	12	-1	-1	-1	0
89	90	75	12	-1	-1	-1	0
95	80	82	12	-1	-1	-1	0
80	95	83	12	-1	-1	-1	0
91	77	92	12	-1	-1	-1	0
89	79	94	12	-1	-1	-1	0
93	78	91	12	-1	-1	-1	0
86	96	82	12	-1	-1	-1	0
93	94	79	12	-1	-1	-1	0
84	88	99	12	-1	-1	-1	0
86	85	101	12	-1	-1	-1	0
98	92	83	12	-1	-1	-1	0
97	95	82	12	-1	-1	-1	0
82	96	97	12	-1	-1	-1	0
83	95	98	12	-1	-1	-1	0
88	87	102	12	-1	-1	-1	0
90	102	87	12	-1	-1	-1	0
101	96	86	12	-1	-1	-1	0
90	89	104	12	-1	-1	-1	0
100	101	85	12	-1	-1	0	0
104	89	94	12	-1	-1	-1	0
92	107	91	12	-1	-1	-1	0
99	88	103	12	-1	-1	-1	0
98	95	97	12	-1	-1	-1	0
107	93	91	12	-1	-1	-1	0
103	88	102	12	-1	-1	-1	0
93	109	94	12	-1	-1	-1	0
98	108	92	12	-1	-1	-1	0
102	90	106	12	-1	-1	-1	0
104	105	90	12	-1	-1	-1	0
90	105	106	12	-1	-1	-1	0
111	97	96	12	-1	-1	-1	0
104	94	109	12	-1	-1	-1	0
107	92	108	12	-1	-1	-1	0
110	96	101	12	-1	-1	-1	0
97	112	98	12	-1	-1	-1	0
93	107	109	12	-1	-1	-1	0
114	99	103	12	-1	-1	-1	0
101	100	116	12	-1	-1	-1	0
96	110	111	12	-1	-1	-1	0
113	108	98	12	-1	-1	-1	0
112	97	111	12	-1	-1	-1	0
103	102	117	12	-1	-1	-1	0
113	98	112	12	-1	-1	-1	0
117	102	106	12	-1	-1	-1	0
116	110	101	12	-1	-1	-1	0
105	104	120	12	-1	-1	-1	0
100	115	116	12	0	-1	-1	0
121	106	105	12	-1	-1	-1	0
109	119	104	12	-1	-1	-1	0
114	103	117	12	-1	-1	-1	0
107	119	109	12	-1	-1	-1	0
125	107	108	12	-1	-1	-1	0
118	104	119	12	-1	-1	-1	0
104	118	120	12	-1	-1	-1	0
106	122	117	12	-1	-1	-1	0
121	105	120	12	-1	-1	-1	0
113	125	108	12	-1	-1	-1	0
110	126	111	12	-1	-1	-1	0
121	123	106	12	-1	-1	-1	0
107	124	119	12	-1	-1	-1	0
122	106	123	12	-1	-1	-1	0
112	111	128	12	-1	-1	-1	0
110	116	127	12	-1	-1	-1	0
113	112	129	12	-1	-1	-1	0
125	124	107	12	-1	-1	-1	0
126	110	127	12	-1	-1	-1	0
128	111	126	12	-1	-1	-1	0
117	133	114	12	-1	-1	-1	0
115	135	116	12	-1	-1	-1	0
113	131	125	12	-1	-1	-1	0
130	112	128	12	-1	-1	-1	0
130	129	112	12	-1	-1	-1	0
113	129	131	12	-1	-1	-1	0
119	139	118	12	-1	-1	-1	0
138	120	118	12	-1	-1	-1	0
137	117	122	12	-1	-1	-1	0
132	114	133	12	-1	-1	-1	0
116	136	127	12	-1	-1	-1	0
121	120	140	12	-1	-1	-1	0
139	119	124	12	-1	-1	-1	0
135	115	134	12	-1	0	-1	0
123	121	141	12	-1	-1	-1	0
117	137	133	12	-1	-1	-1	0
116	135	136	12	-1	-1	-1	0
123	142	122	12	-1	-1	-1	0
143	124	125	12	-1	-1	-1	0
118	139	138	12	-1	-1	-1	0
127	145	126	12	-1	-1	-1	0
138	140	120	12	-1	-1	-1	0
145	128	126	12	-1	-1	-1	0
125	131	144	12	-1	-1	-1	0
137	122	142	12	-1	-1	-1	0
140	141	121	12	-1	-1	-1	0
130	128	147	12	-1	-1	-1	0
139	124	143	12	-1	-1	-1	0
141	142	123	12	-1	-1	-1	0
130	148	129	12	-1	-1	-1	0
129	148	131	12	-1	-1	-1	0
146	127	136	12	-1	-1	-1	0
125	144	143	12	-1	-1	-1	0
133	152	132	12	-1	-1	-1	0
146	145	127	12	-1	-1	-1	0
145	147	128	12	-1	-1	-1	0
152	133	137	12	-1	-1	-1	0
134	154	135	12	-1	-1	-1	0
150	144	131	12	-1	-1	-1	0
147	149	130	12	-1	-1	-1	0
135	155	136	12	-1	-1	-1	0
130	149	148	12	-1	-1	-1	0
148	150	131	12	-1	-1	-1	0
152	151	132	12	-1	-1	-1	0
159	138	139	12	-1	-1	-1	0
138	158	140	12	-1	-1	-1	0
137	142	157	12	-1	-1	-1	0
146	136	156	12	-1	-1	-1	0
154	134	153	12	-1	0	-1	0
143	160	139	12	-1	-1	-1	0
140	162	141	12	-1	-1	-1	0
155	135	154	12	-1	-1	-1	0
142	141	163	12	-1	-1	-1	0
157	152	137	12	-1	-1	-1	0
144	165	143	12	-1	-1	-1	0
136	155	156	12	-1	-1	-1	0
138	159	158	12	-1	-1	-1	0
139	160	159	12	-1	-1	-1	0
147	145	166	12	-1	-1	-1	0
167	145	146	12	-1	-1	-1	0
158	161	140	12	-1	-1	-1	0
144	150	165	12	-1	-1	-1	0
164	157	142	12	-1	-1	-1	0
162	140	161	12	-1	-1	-1	0
147	169	149	12	-1	-1	-1	0
162	163	141	12	-1	-1	-1	0
165	160	143	12	-1	-1	-1	0
148	149	172	12	-1	-1	-1	0
142	163	164	12	-1	-1	-1	0
148	171	150	12	-1	-1	-1	0
146	156	168	12	-1	-1	-1	0
175	151	152	12	-1	-1	-1	0
145	167	166	12	-1	-1	-1	0
167	146	168	12	-1	-1	-1	0
166	170	147	12	-1	-1	-1	0
152	157	175	12	-1	-1	-1	0
154	153	177	12	-1	-1	-1	0
169	147	170	12	-1	-1	-1	0
155	154	178	12	-1	-1	-1	0
165	150	173	12	-1	-1	-1	0
178	156	155	12	-1	-1	-1	0
172	149	169	12	-1	-1	-1	0
172	171	148	12	-1	-1	-1	0
171	173	150	12	-1	-1	-1	0
158	159	182	12	-1	-1	-1	0
175	174	151	12	-1	-1	-1	0
182	161	158	12	-1	-1	-1	0
164	181	157	12	-1	-1	-1	0
183	159	160	12	-1	-1	-1	0
156	180	168	12	-1	-1	-1	0
153	176	177	12	0	-1	-1	0
162	161	185	12	-1	-1	-1	0
160	165	184	12	-1	-1	-1	0
177	178	154	12	-1	-1	-1	0
162	187	163	12	-1	-1	-1	0
178	179	156	12	-1	-1	-1	0
181	175	157	12	-1	-1	-1	0
187	164	163	12	-1	-1	-1	0
156	179	180	12	-1	-1	-1	0
167	191	166	12	-1	-1	-1	0
183	182	159	12	-1	-1	-1	0
160	184	183	12	-1	-1	-1	0
170	166	191	12	-1	-1	-1	0
168	193	167	12	-1	-1	-1	0
173	190	165	12	-1	-1	-1	0
182	186	161	12	-1	-1	-1	0
186	185	161	12	-1	-1	-1	0
188	181	164	12	-1	-1	-1	0
170	194	169	12	-1	-1	-1	0
185	187	162	12	-1	-1	-1	0
179	178	177	12	-1	-1	-1	0
169	194	172	12	-1	-1	-1	0
190	184	165	12	-1	-1	-1	0
172	197	171	12	-1	-1	-1	0
187	189	164	12	-1	-1	-1	0
197	173	171	12	-1	-1	-1	0
180	193	168	12	-1	-1	-1	0
164	189	188	12	-1	-1	-1	0
191	167	192	12	-1	-1	-1	0
174	175	202	12	-1	-1	-1	0
193	192	167	12	-1	-1	-1	0
191	195	170	12	-1	-1	-1	0
204	177	176	12	-1	-1	-1	0
175	181	202	12	-1	-1	-1	0
194	170	196	12	-1	-1	-1	0
204	179	177	12	-1	-1	-1	0
170	195	196	12	-1	-1	-1	0
173	199	190	12	-1	-1	-1	0
172	194	197	12	-1	-1	-1	0
205	180	179	12	-1	-1	-1	0
197	198	173	12	-1	-1	-1	0
173	198	199	12	-1	-1	-1	0
188	202	181	12	-1	-1	-1	0
183	207	182	12	-1	-1	-1	0
201	200	174	12	-1	-1	-1	0
183	184	208	12	-1	-1	-1	0
182	207	186	12	-1	-1	-1	0
201	174	202	12	-1	-1	-1	0
206	193	180	12	-1	-1	-1	0
186	211	185	12	-1	-1	-1	0
187	185	210	12	-1	-1	-1	0
190	209	184	12	-1	-1	-1	0
203	204	176	12	-1	-1	0	0
205	179	204	12	-1	-1	-1	0
187	213	189	12	-1	-1	-1	0
188	189	214	12	-1	-1	-1	0
206	180	205	12	-1	-1	-1	0
207	183	208	12	-1	-1	-1	0
191	192	217	12	-1	-1	-1	0
209	208	184	12	-1	-1	-1	0
218	195	191	12	-1	-1	-1	0
202	188	214	12	-1	-1	-1	0
212	186	207	12	-1	-1	-1	0
199	216	190	12	-1	-1	-1	0
192	193	220	12	-1	-1	-1	0
185	211	210	12	-1	-1	-1	0
211	186	212	12	-1	-1	-1	0
210	213	187	12	-1	-1	-1	0
223	194	196	12	-1	-1	-1	0
197	194	222	12	-1	-1	-1	0
209	190	216	12	-1	-1	-1	0
224	196	195	12	-1	-1	-1	0
189	213	215	12	-1	-1	-1	0
222	198	197	12	-1	-1	-1	0
214	189	215	12	-1	-1	-1	0
193	206	221	12	-1	-1	-1	0
199	198	225	12	-1	-1	-1	0
191	217	218	12	-1	0	-1	0
192	219	217	12	-1	0	-1	0
201	229	200	12	-1	-1	-1	0
220	219	192	12	-1	-1	-1	0
230	201	202	12	-1	-1	-1	0
221	220	193	12	-1	-1	-1	0
218	224	195	12	0	-1	-1	0
223	222	194	12	-1	-1	-1	0
203	232	204	12	-1	-1	-1	0
205	204	233	12	-1	-1	-1	0
199	227	216	12	-1	-1	-1	0
224	223	196	12	-1	-1	-1	0
198	222	225	12	-1	-1	-1	0
206	205	234	12	-1	-1	-1	0
230	202	214	12	-1	-1	-1	0
199	225	226	12	-1	-1	-1	0
207	208	236	12	-1	-1	-1	0
199	226	227	12	-1	-1	-1	0
238	208	209	12	-1	-1	-1	0
237	212	207	12	-1	-1	-1	0
200	229	228	12	-1	-1	-1	0
230	229	201	12	-1	-1	-1	0
211	240	210	12	-1	-1	-1	0
206	235	221	12	-1	-1	-1	0
240	213	210	12	-1	-1	-1	0
209	216	239	12	-1	-1	-1	0
211	212	241	12	-1	-1	-1	0
203	231	232	12	0	-1	-1	0
204	232	233	12	-1	-1	-1	0
233	234	205	12	-1	-1	-1	0
244	215	213	12	-1	-1	-1	0
214	215	245	12	-1	-1	-1	0
234	235	206	12	-1	-1	-1	0
207	236	237	12	-1	-1	-1	0
239	216	227	12	-1	-1	-1	0
208	238	236	12	-1	-1	-1	0
219	220	247	12	-1	-1	0	0
238	209	239	12	-1	-1	-1	0
247	220	221	12	-1	-1	-1	0
214	245	230	12	-1	-1	-1	0
212	237	242	12	-1	-1	-1	0
240	211	241	12	-1	-1	-1	0
249	222	223	12	-1	-1	-1	0
212	242	241	12	-1	-1	-1	0
213	240	243	12	-1	-1	-1	0
249	225	222	12	-1	-1	-1	0
224	250	223	12	0	-1	-1	0
213	243	244	12	-1	-1	-1	0
251	226	225	12	-1	-1	-1	0
235	248	221	12	-1	-1	-1	0
244	246	215	12	-1	-1	-1	0
227	226	252	12	-1	-1	-1	0
245	215	246	12	-1	-1	-1	0
229	256	228	12	-1	-1	-1	0
257	229	230	12	-1	-1	-1	0
248	247	221	12	-1	-1	-1	0
239	227	253	12	-1	-1	-1	0
249	223	250	12	-1	-1	-1	0
260	232	231	12	-1	-1	-1	0
225	249	251	12	-1	-1	-1	0
232	261	233	12	-1	-1	-1	0
261	234	233	12	-1	-1	-1	0
251	252	226	12	-1	-1	-1	0
261	235	234	12	-1	-1	-1	0
258	230	245	12	-1	-1	-1	0
254	227	252	12	-1	-1	-1	0
227	254	253	12	-1	-1	-1	0
263	237	236	12	-1	-1	-1	0
236	238	264	12	-1	-1	-1	0
256	255	228	12	-1	-1	-1	0
264	238	239	12	-1	-1	-1	0
229	257	256	12	-1	-1	-1	0
265	242	237	12	-1	-1	-1	0
248	235	262	12	-1	-1	-1	0
258	257	230	12	-1	-1	-1	0
240	241	266	12	-1	-1	-1	0
266	243	240	12	-1	-1	-1	0
259	260	231	12	-1	-1	0	0
242	267	241	12	-1	-1	-1	0
232	260	261	12	-1	-1	-1	0
269	244	243	12	-1	-1	-1	0
253	264	239	12	-1	-1	-1	0
235	261	262	12	-1	-1	-1	0
270	246	244	12	-1	-1	-1	0
245	246	271	12	-1	-1	-1	0
263	236	264	12	-1	-1	-1	0
263	265	237	12	-1	-1	-1	0
273	247	248	12	0	-1	-1	0
250	274	249	12	0	-1	-1	0
258	245	271	12	-1	-1	-1	0
265	267	242	12	-1	-1	-1	0
266	241	267	12	-1	-1	-1	0
274	251	249	12	-1	-1	-1	0
268	243	266	12	-1	-1	-1	0
252	251	275	12	-1	-1	-1	0
269	243	268	12	-1	-1	-1	0
254	252	276	12	-1	-1	-1	0
270	244	269	12	-1	-1	-1	0
248	262	273	12	-1	-1	-1	0
254	277	253	12	-1	-1	-1	0
272	246	270	12	-1	-1	-1	0
272	271	246	12	-1	-1	-1	0
255	256	280	12	-1	-1	-1	0
264	253	277	12	-1	-1	-1	0
256	257	282	12	-1	-1	-1	0
258	283	257	12	-1	-1	-1	0
274	275	251	12	0	-1	-1	0
275	276	252	12	-1	-1	-1	0
259	286	260	12	-1	-1	-1	0
287	261	260	12	-1	-1	-1	0
254	276	278	12	-1	-1	-1	0
278	277	254	12	-1	-1	-1	0
261	287	262	12	-1	-1	-1	0
271	284	258	12	-1	-1	-1	0
280	279	255	12	-1	-1	-1	0
264	289	263	12	-1	-1	-1	0
280	256	281	12	-1	-1	-1	0
290	265	263	12	-1	-1	-1	0
281	256	282	12	-1	-1	-1	0
282	257	283	12	-1	-1	-1	0
273	262	288	12	-1	-1	-1	0
265	292	267	12	-1	-1	-1	0
283	258	284	12	-1	-1	-1	0
266	267	293	12	-1	-1	-1	0
284	271	272	12	-1	-1	-1	0
266	293	268	12	-1	-1	-1	0
285	286	259	12	-1	-1	0	0
264	277	289	12	-1	-1	-1	0
269	268	294	12	-1	-1	-1	0
286	287	260	12	-1	-1	-1	0
269	296	270	12	-1	-1	-1	0
288	262	287	12	-1	-1	-1	0
296	272	270	12	-1	-1	-1	0
289	290	263	12	-1	-1	-1	0
289	277	278	12	-1	-1	-1	0
265	290	291	12	-1	-1	-1	0
291	292	265	12	-1	-1	-1	0
275	299	276	12	0	-1	-1	0
292	293	267	12	-1	-1	-1	0
284	272	297	12	-1	-1	-1	0
300	278	276	12	-1	-1	-1	0
294	268	293	12	-1	-1	-1	0
295	269	294	12	-1	-1	-1	0
298	273	288	12	0	-1	-1	0
269	295	296	12	-1	-1	-1	0
280	303	279	12	-1	-1	-1	0
280	281	304	12	-1	-1	-1	0
272	296	297	12	-1	-1	-1	0
289	278	301	12	-1	-1	-1	0
281	282	305	12	-1	-1	-1	0
307	282	283	12	-1	-1	-1	0
299	300	276	12	-1	-1	-1	0
284	308	283	12	-1	-1	-1	0
278	300	301	12	-1	-1	-1	0
301	290	289	12	-1	-1	-1	0
310	286	285	12	-1	-1	-1	0
310	287	286	12	-1	-1	-1	0
303	302	279	12	-1	-1	-1	0
288	287	311	12	-1	-1	-1	0
280	304	303	12	-1	-1	-1	0
284	297	308	12	-1	-1	-1	0
305	304	281	12	-1	-1	-1	0
305	282	306	12	-1	-1	-1	0
290	313	291	12	-1	-1	-1	0
307	306	282	12	-1	-1	-1	0
308	307	283	12	-1	-1	-1	0
315	292	291	12	-1	-1	-1	0
312	298	288	12	-1	-1	-1	0
316	293	292	12	-1	-1	-1	0
294	293	316	12	-1	-1	-1	0
309	310	285	12	-1	-1	0	0
301	314	290	12	-1	-1	-1	0
294	317	295	12	-1	-1	-1	0
311	287	310	12	-1	-1	-1	0
295	319	296	12	-1	-1	-1	0
312	288	311	12	-1	-1	-1	0
319	297	296	12	-1	-1	-1	0
313	290	314	12	-1	-1	-1	0
313	315	291	12	-1	-1	-1	0
300	299	322	12	-1	0	-1	0
292	315	316	12	-1	-1	-1	0
300	323	301	12	-1	-1	-1	0
297	320	308	12	-1	-1	-1	0
318	294	316	12	-1	-1	-1	0
318	317	294	12	-1	-1	-1	0
303	326	302	12	-1	-1	-1	0
298	312	321	12	-1	-1	0	0
319	295	317	12	-1	-1	-1	0
304	327	303	12	-1	-1	-1	0
319	320	297	12	-1	-1	-1	0
304	305	328	12	-1	-1	-1	0
301	323	314	12	-1	-1	-1	0
330	305	306	12	-1	-1	-1	0
307	331	306	12	-1	-1	-1	0
300	322	324	12	-1	-1	-1	0
300	324	323	12	-1	-1	-1	0
333	307	308	12	-1	-1	-1	0
326	325	302	12	-1	-1	-1	0
310	309	336	12	-1	-1	-1	0
327	326	303	12	-1	-1	-1	0
310	336	311	12	-1	-1	-1	0
327	304	329	12	-1	-1	-1	0
337	312	311	12	-1	-1	-1	0
328	329	304	12	-1	-1	-1	0
308	320	334	12	-1	-1	-1	0
305	330	328	12	-1	-1	-1	0
340	313	314	12	-1	-1	-1	0
315	313	339	12	-1	-1	-1	0
306	331	330	12	-1	-1	-1	0
307	332	331	12	-1	-1	-1	0
312	338	321	12	-1	-1	-1	0
332	307	333	12	-1	-1	-1	0
342	316	315	12	-1	-1	-1	0
334	333	308	12	-1	-1	-1	0
343	318	316	12	-1	-1	-1	0
323	341	314	12	-1	-1	-1	0
318	345	317	12	-1	-1	-1	0
309	335	336	12	0	-1	-1	0
344	319	317	12	-1	-1	-1	0
337	311	336	12	-1	-1	-1	0
347	320	319	12	-1	-1	-1	0
338	312	337	12	-1	-1	-1	0
324	341	323	12	-1	-1	-1	0
313	340	339	12	-1	-1	-1	0
349	324	322	12	-1	-1	0	0
341	340	314	12	-1	-1	-1	0
315	339	342	12	-1	-1	-1	0
343	316	342	12	-1	-1	-1	0
334	320	347	12	-1	-1	-1	0
325	326	352	12	-1	-1	-1	0
326	327	353	12	-1	-1	-1	0
344	317	345	12	-1	-1	-1	0
346	318	343	12	-1	-1	-1	0
321	338	348	12	-1	-1	0	0
353	327	329	12	-1	-1	-1	0
346	345	318	12	-1	-1	-1	0
347	319	344	12	-1	-1	-1	0
328	355	329	12	-1	-1	-1	0
330	354	328	12	-1	-1	-1	0
324	350	341	12	-1	-1	-1	0
358	330	331	12	-1	-1	-1	0
359	331	332	12	-1	-1	-1	0
324	349	350	12	-1	-1	-1	0
332	333	361	12	-1	-1	-1	0
325	352	351	12	-1	-1	-1	0
362	333	334	12	-1	-1	-1	0
353	352	326	12	-1	-1	-1	0
366	336	335	12	-1	-1	-1	0
328	354	355	12	-1	-1	-1	0
329	356	353	12	-1	-1	-1	0
337	336	366	12	-1	-1	-1	0
357	329	355	12	-1	-1	-1	0
329	357	356	12	-1	-1	-1	0
354	330	358	12	-1	-1	-1	0
337	368	338	12	-1	-1	-1	0
363	334	347	12	-1	-1	-1	0
339	340	369	12	-1	-1	-1	0
331	360	358	12	-1	-1	-1	0
339	369	342	12	-1	-1	-1	0
360	331	359	12	-1	-1	-1	0
370	340	341	12	-1	-1	-1	0
359	332	361	12	-1	-1	-1	0
368	348	338	12	-1	-1	-1	0
371	343	342	12	-1	-1	-1	0
333	362	361	12	-1	-1	-1	0
362	334	364	12	-1	-1	-1	0
346	343	371	12	-1	-1	-1	0
350	370	341	12	-1	-1	-1	0
363	364	334	12	-1	-1	-1	0
345	372	344	12	-1	-1	-1	0
347	344	372	12	-1	-1	-1	0
373	345	346	12	-1	-1	-1	0
365	366	335	12	-1	-1	0	0
367	337	366	12	-1	-1	-1	0
337	367	368	12	-1	-1	-1	0
349	379	350	12	0	-1	-1	0
369	340	370	12	-1	-1	-1	0
371	342	369	12	-1	-1	-1	0
351	352	381	12	-1	-1	-1	0
347	377	363	12	-1	-1	-1	0
353	382	352	12	-1	-1	-1	0
372	345	373	12	-1	-1	-1	0
371	374	346	12	-1	-1	-1	0
383	353	356	12	-1	-1	-1	0
355	354	385	12	-1	-1	-1	0
346	375	373	12	-1	-1	-1	0
368	378	348	12	-1	0	-1	0
347	372	376	12	-1	-1	-1	0
346	374	375	12	-1	-1	-1	0
354	358	384	12	-1	-1	-1	0
365	367	366	12	-1	-1	-1	0
387	357	355	12	-1	-1	-1	0
370	350	379	12	-1	-1	-1	0
347	376	377	12	-1	-1	-1	0
388	356	357	12	-1	-1	-1	0
390	358	360	12	-1	-1	-1	0
391	359	361	12	-1	-1	-1	0
392	360	359	12	-1	-1	-1	0
351	381	380	12	-1	-1	-1	0
381	352	382	12	-1	-1	-1	0
362	395	361	12	-1	-1	-1	0
383	382	353	12	-1	-1	-1	0
385	354	384	12	-1	-1	-1	0
364	397	362	12	-1	-1	-1	0
363	398	364	12	-1	-1	-1	0
385	386	355	12	-1	-1	-1	0
383	356	388	12	-1	-1	-1	0
387	355	386	12	-1	-1	-1	0
384	358	390	12	-1	-1	-1	0
365	401	367	12	0	-1	-1	0
389	357	387	12	-1	-1	-1	0
357	389	388	12	-1	-1	-1	0
367	402	368	12	-1	-1	-1	0
363	377	398	12	-1	-1	-1	0
392	359	391	12	-1	-1	-1	0
370	404	369	12	-1	-1	-1	0
369	403	371	12	-1	-1	-1	0
390	360	394	12	-1	-1	-1	0
360	392	393	12	-1	-1	-1	0
360	393	394	12	-1	-1	-1	0
396	391	361	12	-1	-1	-1	0
368	402	378	12	-1	-1	-1	0
403	374	371	12	-1	-1	-1	0
372	373	406	12	-1	-1	-1	0
396	361	395	12	-1	-1	-1	0
395	362	397	12	-1	-1	-1	0
372	406	376	12	-1	-1	-1	0
379	405	370	12	-1	-1	-1	0
407	373	375	12	-1	-1	-1	0
397	364	399	12	-1	-1	-1	0
374	408	375	12	-1	-1	-1	0
364	398	400	12	-1	-1	-1	0
399	364	400	12	-1	-1	-1	0
377	376	411	12	-1	-1	-1	0
402	367	401	12	-1	-1	-1	0
404	403	369	12	-1	-1	-1	0
417	380	381	12	-1	-1	-1	0
405	404	370	12	-1	-1	-1	0
417	381	382	12	-1	-1	-1	0
418	382	383	12	-1	-1	-1	0
403	408	374	12	-1	-1	-1	0
373	407	406	12	-1	-1	-1	0
413	398	377	12	-1	-1	-1	0
388	419	383	12	-1	-1	-1	0
421	385	384	12	-1	-1	-1	0
408	409	375	12	-1	-1	-1	0
375	410	407	12	-1	-1	-1	0
376	406	411	12	-1	-1	-1	0
422	386	385	12	-1	-1	-1	0
420	384	390	12	-1	-1	-1	0
378	402	414	12	-1	-1	0	0
375	409	410	12	-1	-1	-1	0
387	386	423	12	-1	-1	-1	0
379	415	405	12	0	-1	-1	0
387	424	389	12	-1	-1	-1	0
411	412	377	12	-1	-1	-1	0
377	412	413	12	-1	-1	-1	0
389	425	388	12	-1	-1	-1	0
390	394	428	12	-1	-1	-1	0
417	416	380	12	-1	-1	-1	0
430	392	391	12	-1	-1	-1	0
429	391	396	12	-1	-1	-1	0
392	432	393	12	-1	-1	-1	0
417	382	418	12	-1	-1	-1	0
418	383	419	12	-1	-1	-1	0
433	394	393	12	-1	-1	-1	0
411	406	407	12	-1	-1	-1	0
421	384	420	12	-1	-1	-1	0
396	395	434	12	-1	-1	-1	0
397	434	395	12	-1	-1	-1	0
422	385	421	12	-1	-1	-1	0
422	423	386	12	-1	-1	-1	0
399	437	397	12	-1	-1	-1	0
426	419	388	12	-1	-1	-1	0
423	424	387	12	-1	-1	-1	0
400	398	438	12	-1	-1	-1	0
399	400	439	12	-1	-1	-1	0
428	420	390	12	-1	-1	-1	0
426	388	425	12	-1	-1	-1	0
424	427	389	12	-1	-1	-1	0
425	389	427	12	-1	-1	-1	0
401	442	402	12	0	-1	-1	0
438	398	413	12	-1	-1	-1	0
430	391	429	12	-1	-1	-1	0
403	404	443	12	-1	-1	-1	0
392	430	431	12	-1	-1	-1	0
444	404	405	12	-1	-1	-1	0
443	408	403	12	-1	-1	-1	0
392	431	432	12	-1	-1	-1	0
433	428	394	12	-1	-1	-1	0
433	393	432	12	-1	-1	-1	0
442	414	402	12	-1	-1	-1	0
435	429	396	12	-1	-1	-1	0
407	410	445	12	-1	-1	-1	0
408	446	409	12	-1	-1	-1	0
407	445	411	12	-1	-1	-1	0
444	405	415	12	-1	-1	-1	0
436	396	434	12	-1	-1	-1	0
436	435	396	12	-1	-1	-1	0
449	410	409	12	-1	-1	-1	0
397	437	434	12	-1	-1	-1	0
412	411	451	12	-1	-1	-1	0
437	399	440	12	-1	-1	-1	0
452	413	412	12	-1	-1	-1	0
399	439	440	12	-1	-1	-1	0
441	400	438	12	-1	-1	-1	0
439	400	441	12	-1	-1	-1	0
417	457	416	12	-1	-1	-1	0
444	443	404	12	-1	-1	-1	0
458	417	418	12	-1	-1	-1	0
459	418	419	12	-1	-1	-1	0
408	443	447	12	-1	-1	-1	0
447	446	408	12	-1	-1	-1	0
461	421	420	12	-1	-1	-1	0
448	409	446	12	-1	-1	-1	0
453	438	413	12	-1	-1	-1	0
426	460	419	12	-1	-1	-1	0
410	450	445	12	-1	-1	-1	0
421	463	422	4	-1	-1	-1	0
409	448	449	12	-1	-1	-1	0
445	451	411	12	-1	-1	-1	0
410	449	450	12	-1	-1	-1	0
422	464	423	4	-1	-1	-1	0
461	420	428	12	-1	-1	-1	0
442	454	414	12	0	0	-1	0
423	465	424	4	-1	-1	-1	0
444	415	455	12	-1	0	-1	0
452	412	451	12	-1	-1	-1	0
465	427	424	4	-1	-1	-1	0
425	466	426	12	-1	-1	-1	0
466	425	427	12	-1	-1	-1	0
457	456	416	12	-1	-1	-1	0
453	413	452	12	-1	-1	-1	0
429	470	430	12	-1	-1	-1	0
433	469	428	12	-1	-1	-1	0
417	458	457	12	-1	-1	-1	0
430	473	431	12	-1	-1	-1	0
435	471	429	12	-1	-1	-1	0
418	459	458	12	-1	-1	-1	0
475	432	431	12	-1	-1	-1	0
419	460	459	12	-1	-1	-1	0
433	432	476	12	-1	-1	-1	0
421	461	462	4	-1	-1	-1	0
462	463	421	4	-1	-1	-1	0
434	478	436	12	-1	-1	-1	0
463	464	422	4	-1	-1	-1	0
478	434	437	12	-1	-1	-1	0
479	435	436	12	-1	-1	-1	0
464	465	423	4	-1	-1	-1	0
467	460	426	12	-1	-1	-1	0
440	481	437	12	-1	-1	-1	0
461	428	469	12	-1	-1	-1	0
466	467	426	12	-1	-1	-1	0
465	468	427	4	-1	-1	-1	0
438	482	441	12	-1	-1	-1	0
427	468	466	4	-1	-1	-1	0
439	484	440	12	-1	-1	-1	0
439	441	483	12	-1	-1	-1	0
471	470	429	12	-1	-1	-1	0
470	472	430	12	-1	-1	-1	0
482	438	453	12	-1	-1	-1	0
487	443	444	12	-1	-1	-1	0
430	472	473	12	-1	-1	-1	0
447	443	487	12	-1	-1	-1	0
431	473	474	12	-1	-1	-1	0
433	477	469	12	-1	-1	-1	0
431	474	475	12	-1	-1	-1	0
447	489	446	12	-1	-1	-1	0
446	489	448	12	-1	-1	-1	0
450	488	445	12	-1	-1	-1	0
432	475	476	12	-1	-1	-1	0
445	488	451	12	-1	-1	-1	0
479	471	435	12	-1	-1	-1	0
455	487	444	12	-1	-1	-1	0
477	433	476	12	-1	-1	-1	0
491	449	448	12	-1	-1	-1	0
449	492	450	12	-1	-1	-1	0
478	480	436	12	-1	-1	-1	0
479	436	480	12	-1	-1	-1	0
481	478	437	12	-1	-1	-1	0
494	452	451	12	-1	-1	-1	0
496	453	452	12	-1	-1	-1	0
485	481	440	12	-1	-1	-1	0
439	483	484	12	-1	-1	-1	0
441	482	486	12	-1	-1	-1	0
485	440	484	12	-1	-1	-1	0
483	441	486	12	-1	-1	-1	0
501	456	457	12	-1	-1	-1	0
457	458	502	12	-1	-1	-1	0
459	504	458	12	-1	-1	-1	0
489	447	487	12	-1	-1	-1	0
505	459	460	12	-1	-1	-1	0
490	448	489	12	-1	-1	-1	0
491	448	490	12	-1	-1	-1	0
488	450	492	12	-1	-1	-1	0
462	461	508	4	-1	-1	-1	0
498	482	453	12	-1	-1	-1	0
467	506	460	12	-1	-1	-1	0
491	493	449	12	-1	-1	-1	0
492	449	493	12	-1	-1	-1	0
462	509	463	4	-1	-1	-1	0
488	495	451	12	-1	-1	-1	0
463	510	464	4	-1	-1	-1	0
508	461	469	4	-1	-1	-1	0
478	481	480	12	-1	-1	-1	0
495	494	451	12	-1	-1	-1	0
465	464	512	4	-1	-1	-1	0
455	499	487	12	0	-1	-1	0
452	494	496	12	-1	-1	-1	0
468	465	513	4	-1	-1	-1	0
453	496	497	12	-1	-1	-1	0
514	467	466	4	-1	-1	-1	0
514	466	468	4	-1	-1	-1	0
498	453	497	12	-1	-1	-1	0
456	501	500	12	-1	-1	-1	0
501	457	502	12	-1	-1	-1	0
470	518	472	12	-1	-1	-1	0
470	471	519	12	-1	-1	-1	0
477	517	469	4	-1	-1	-1	0
458	503	502	12	-1	-1	-1	0
503	458	504	12	-1	-1	-1	0
498	486	482	12	-1	-1	-1	0
472	521	473	12	-1	-1	-1	0
505	504	459	12	-1	-1	-1	0
474	473	521	12	-1	-1	-1	0
520	471	479	12	-1	-1	-1	0
475	474	522	12	-1	-1	-1	0
507	505	460	12	-1	-1	-1	0
460	506	507	12	-1	-1	-1	0
499	489	487	12	-1	-1	-1	0
475	524	476	12	-1	-1	-1	0
477	476	524	12	-1	-1	-1	0
508	509	462	4	-1	-1	-1	0
509	510	463	4	-1	-1	-1	0
480	526	479	12	-1	-1	-1	0
511	464	510	4	-1	-1	-1	0
512	464	511	4	-1	-1	-1	0
515	506	467	4	-1	-1	-1	0
513	465	512	4	-1	-1	-1	0
480	481	529	12	-1	-1	-1	0
469	517	508	4	-1	-1	-1	0
481	485	530	12	-1	-1	-1	0
467	514	515	4	-1	-1	-1	0
513	516	468	4	-1	-1	-1	0
531	484	483	12	-1	-1	-1	0
468	516	514	4	-1	-1	-1	0
532	483	486	12	-1	-1	-1	0
484	533	485	12	-1	-1	-1	0
519	518	470	12	-1	-1	-1	0
471	520	519	12	-1	-1	-1	0
521	472	518	12	-1	-1	-1	0
523	474	521	12	-1	-1	-1	0
539	490	489	12	-1	-1	-1	0
492	538	488	12	-1	-1	-1	0
525	517	477	4	-1	-1	-1	0
523	522	474	12	-1	-1	-1	0
486	498	537	12	-1	-1	-1	0
538	495	488	12	-1	-1	-1	0
490	540	491	12	-1	-1	-1	0
475	522	524	12	-1	-1	-1	0
492	493	538	12	-1	-1	-1	0
493	491	541	12	-1	-1	-1	0
527	520	479	12	-1	-1	-1	0
525	477	524	4	-1	-1	-1	0
539	489	499	12	-1	-1	0	0
527	479	526	12	-1	-1	-1	0
494	495	545	12	-1	-1	-1	0
526	480	528	12	-1	-1	-1	0
546	496	494	12	-1	-1	-1	0
529	528	480	12	-1	-1	-1	0
530	529	481	12	-1	-1	-1	0
497	496	548	12	-1	-1	-1	0
497	549	498	12	-1	-1	-1	0
483	532	531	12	-1	-1	-1	0
531	534	484	12	-1	-1	-1	0
535	530	485	12	-1	-1	-1	0
533	484	534	12	-1	-1	-1	0
551	500	501	12	-1	-1	-1	0
533	535	485	12	-1	-1	-1	0
532	486	536	12	-1	-1	-1	0
552	501	502	12	-1	-1	-1	0
552	502	503	12	-1	-1	-1	0
536	486	537	12	-1	-1	-1	0
553	503	504	12	-1	-1	-1	0
555	504	505	12	-1	-1	-1	0
507	555	505	12	-1	-1	-1	0
556	507	506	4	-1	-1	-1	0
540	490	539	12	-1	-1	0	0
491	540	541	12	-1	-1	-1	0
538	493	543	12	-1	-1	-1	0
509	508	559	4	-1	-1	-1	0
506	515	556	4	-1	-1	-1	0
542	543	493	12	-1	-1	-1	0
541	544	493	12	-1	-1	-1	0
544	542	493	12	-1	-1	-1	0
547	495	538	12	-1	-1	-1	0
510	509	561	4	-1	-1	-1	0
510	562	511	4	-1	-1	-1	0
508	517	559	4	-1	-1	-1	0
549	537	498	12	-1	-1	-1	0
494	545	546	12	-1	-1	-1	0
545	495	547	12	-1	-1	-1	0
512	511	563	4	-1	-1	-1	0
546	548	496	12	-1	-1	-1	0
512	566	513	4	-1	-1	-1	0
548	549	497	12	-1	-1	-1	0
566	516	513	4	-1	-1	-1	0
515	514	567	4	-1	-1	-1	0
567	514	516	4	-1	-1	-1	0
500	551	550	12	-1	-1	-1	0
552	551	501	12	-1	-1	-1	0
518	519	571	12	-1	-1	-1	0
570	521	518	12	-1	-1	-1	0
554	552	503	12	-1	-1	-1	0
554	503	553	12	-1	-1	-1	0
569	517	525	4	-1	-1	-1	0
520	572	519	12	-1	-1	-1	0
504	555	553	12	-1	-1	-1	0
523	521	574	12	-1	-1	-1	0
507	558	555	12	-1	-1	-1	0
573	520	527	12	-1	-1	-1	0
556	557	507	4	-1	-1	-1	0
575	524	522	4	-1	-1	-1	0
522	523	576	4	-1	-1	-1	0
557	558	507	4	-1	-1	-1	0
524	575	525	4	-1	-1	-1	0
538	543	547	12	-1	-1	-1	0
560	509	559	4	-1	-1	-1	0
509	560	561	4	-1	-1	-1	0
527	526	578	12	-1	-1	-1	0
578	526	528	12	-1	-1	-1	0
561	562	510	4	-1	-1	-1	0
528	529	580	12	-1	-1	-1	0
564	511	562	4	-1	-1	-1	0
563	511	564	4	-1	-1	-1	0
556	515	567	4	-1	-1	-1	0
530	581	529	12	-1	-1	-1	0
563	565	512	4	-1	-1	-1	0
566	512	565	4	-1	-1	-1	0
517	569	559	4	-1	-1	-1	0
530	535	582	12	-1	-1	-1	0
584	531	532	12	-1	-1	-1	0
583	534	531	12	-1	-1	-1	0
568	516	566	4	-1	-1	-1	0
568	567	516	4	-1	-1	-1	0
536	585	532	12	-1	-1	-1	0
534	586	533	12	-1	-1	-1	0
586	535	533	12	-1	-1	-1	0
518	571	570	12	-1	-1	-1	0
589	536	537	12	-1	-1	-1	0
519	572	571	12	-1	-1	-1	0
520	573	572	12	-1	-1	-1	0
574	521	570	12	-1	-1	-1	0
555	558	553	12	-1	-1	-1	0
575	569	525	4	-1	-1	-1	0
576	575	522	4	-1	-1	-1	0
541	540	592	12	-1	0	-1	0
523	574	577	4	-1	-1	-1	0
576	523	577	4	-1	-1	-1	0
544	541	592	12	-1	-1	-1	0
549	591	537	12	-1	-1	-1	0
542	593	543	12	-1	-1	-1	0
579	573	527	12	-1	-1	-1	0
594	542	544	12	-1	-1	-1	0
527	578	579	12	-1	-1	-1	0
547	543	595	12	-1	-1	-1	0
528	580	578	12	-1	-1	-1	0
546	545	597	12	-1	-1	-1	0
547	597	545	12	-1	-1	-1	0
580	529	581	12	-1	-1	-1	0
548	546	599	12	-1	-1	-1	0
581	530	582	12	-1	-1	-1	0
583	531	584	12	-1	-1	-1	0
549	548	601	12	-1	-1	-1	0
585	584	532	12	-1	-1	-1	0
534	583	587	12	-1	-1	-1	0
582	535	588	12	-1	-1	-1	0
550	551	605	12	-1	-1	-1	0
587	586	534	12	-1	-1	-1	0
552	606	551	12	-1	-1	-1	0
535	586	588	12	-1	-1	-1	0
585	536	589	12	-1	-1	-1	0
606	552	554	12	-1	-1	-1	0
553	607	554	12	-1	-1	-1	0
590	589	537	12	-1	-1	-1	0
591	590	537	12	-1	-1	-1	0
558	607	553	12	-1	-1	-1	0
557	556	609	4	-1	-1	-1	0
610	558	557	4	-1	-1	-1	0
594	593	542	12	-1	-1	-1	0
559	611	560	4	-1	-1	-1	0
543	593	595	12	-1	-1	-1	0
544	592	596	12	-1	0	-1	0
567	609	556	4	-1	-1	-1	0
561	560	613	4	-1	-1	-1	0
594	544	596	12	-1	-1	-1	0
597	547	595	12	-1	-1	-1	0
616	562	561	4	-1	-1	-1	0
569	611	559	4	-1	-1	-1	0
602	591	549	12	-1	-1	-1	0
617	564	562	4	-1	-1	-1	0
546	598	599	12	-1	-1	-1	0
546	597	600	12	-1	-1	-1	0
598	546	600	12	-1	-1	-1	0
564	618	563	4	-1	-1	-1	0
565	563	619	4	-1	-1	-1	0
548	599	601	12	-1	-1	-1	0
603	549	601	12	-1	-1	-1	0
566	565	622	4	-1	-1	-1	0
549	603	602	12	-1	-1	-1	0
568	566	622	4	-1	-1	-1	0
623	567	568	4	-1	-1	-1	0
605	604	550	12	-1	-1	-1	0
588	586	587	12	-1	-1	-1	0
606	605	551	12	-1	-1	-1	0
571	626	570	12	-1	-1	-1	0
554	608	606	12	-1	-1	-1	0
569	575	625	4	-1	-1	-1	0
607	608	554	12	-1	-1	-1	0
572	627	571	12	-1	-1	-1	0
626	574	570	12	-1	-1	-1	0
572	573	627	12	-1	-1	-1	0
607	558	610	4	-1	-1	-1	0
576	625	575	4	-1	-1	-1	0
610	557	609	4	-1	-1	-1	0
573	579	628	12	-1	-1	-1	0
583	584	613	4	-1	-1	-1	0
574	629	577	4	-1	-1	-1	0
587	583	612	4	-1	-1	-1	0
612	560	611	4	-1	-1	-1	0
615	584	585	4	-1	-1	-1	0
577	631	576	4	-1	-1	-1	0
612	613	560	4	-1	-1	-1	0
587	611	588	4	-1	-1	-1	0
615	561	613	4	-1	-1	-1	0
615	614	561	4	-1	-1	-1	0
633	579	578	12	-1	-1	-1	0
578	580	632	12	-1	-1	-1	0
616	561	614	4	-1	-1	-1	0
595	600	597	12	-1	-1	-1	0
580	581	634	12	-1	-1	-1	0
617	562	616	4	-1	-1	-1	0
582	635	581	12	-1	-1	-1	0
567	623	609	4	-1	-1	-1	0
618	619	563	4	-1	-1	-1	0
618	564	620	4	-1	-1	-1	0
564	617	621	4	-1	-1	-1	0
620	564	621	4	-1	-1	-1	0
611	569	625	4	-1	-1	-1	0
582	588	635	12	-1	-1	-1	0
622	565	619	4	-1	-1	-1	0
583	613	612	4	-1	-1	-1	0
612	611	587	4	-1	-1	-1	0
636	585	589	4	-1	-1	-1	0
584	615	613	4	-1	-1	-1	0
624	568	622	4	-1	-1	-1	0
568	624	623	4	-1	-1	-1	0
589	590	637	4	-1	-1	-1	0
591	638	590	12	-1	-1	-1	0
625	588	611	4	-1	-1	-1	0
627	626	571	12	-1	-1	-1	0
628	627	573	12	-1	-1	-1	0
593	594	642	12	-1	-1	-1	0
593	641	595	12	-1	-1	-1	0
629	574	626	4	-1	-1	-1	0
630	625	576	4	-1	-1	-1	0
640	591	602	12	-1	-1	-1	0
594	596	643	12	-1	-1	-1	0
585	636	615	4	-1	-1	-1	0
576	631	630	4	-1	-1	-1	0
629	631	577	4	-1	-1	-1	0
595	644	600	12	-1	-1	-1	0
628	579	633	12	-1	-1	-1	0
632	633	578	12	-1	-1	-1	0
598	646	599	12	-1	-1	-1	0
647	598	600	12	-1	-1	-1	0
580	634	632	12	-1	-1	-1	0
599	648	601	12	-1	-1	-1	0
588	625	635	4	-1	-1	-1	0
635	634	581	12	-1	-1	-1	0
650	603	601	12	-1	-1	-1	0
603	651	602	12	-1	-1	-1	0
637	636	589	4	-1	-1	-1	0
605	654	604	12	-1	-1	-1	0
614	615	636	4	-1	-1	-1	0
637	590	639	4	-1	-1	-1	0
606	655	605	12	-1	-1	-1	0
639	590	638	4	-1	-1	-1	0
591	640	638	12	-1	-1	-1	0
606	608	655	12	-1	-1	-1	0
607	656	608	4	-1	-1	-1	0
607	610	656	4	-1	-1	-1	0
641	593	642	12	-1	-1	-1	0
609	658	610	4	-1	-1	-1	0
642	594	643	12	-1	-1	-1	0
644	595	641	12	-1	-1	-1	0
626	627	628	4	-1	-1	-1	0
628	629	626	4	-1	-1	-1	0
643	596	645	12	-1	0	-1	0
630	634	625	4	-1	-1	-1	0
628	633	629	4	-1	-1	-1	0
609	623	658	4	-1	-1	-1	0
614	660	616	4	-1	-1	-1	0
598	647	646	12	-1	-1	-1	0
631	629	633	4	-1	-1	-1	0
648	599	646	12	-1	-1	-1	0
632	630	631	4	-1	-1	-1	0
600	644	649	12	-1	-1	-1	0
651	640	602	12	-1	-1	-1	0
617	616	661	4	-1	-1	-1	0
635	625	634	4	-1	-1	-1	0
634	630	632	4	-1	-1	-1	0
600	649	647	12	-1	-1	-1	0
633	632	631	4	-1	-1	-1	0
648	650	601	12	-1	-1	-1	0
621	617	661	4	-1	-1	-1	0
618	662	619	4	-1	-1	-1	0
620	662	618	4	-1	-1	-1	0
622	619	662	4	-1	-1	-1	0
652	603	650	12	-1	-1	-1	0
665	620	621	4	-1	-1	-1	0
652	651	603	12	-1	-1	-1	0
660	614	636	4	-1	-1	-1	0
654	653	604	12	-1	-1	-1	0
624	622	668	4	-1	-1	-1	0
605	655	654	12	-1	-1	-1	0
624	669	623	4	-1	-1	-1	0
657	655	608	4	-1	-1	-1	0
657	608	656	4	-1	-1	-1	0
656	610	659	4	-1	-1	-1	0
658	659	610	4	-1	-1	-1	0
636	637	660	4	-1	-1	-1	0
616	660	661	4	-1	-1	-1	0
663	662	620	4	-1	-1	-1	0
664	663	620	4	-1	-1	-1	0
639	672	637	4	-1	-1	-1	0
665	664	620	4	-1	-1	-1	0
661	667	621	4	-1	-1	-1	0
669	658	623	4	-1	-1	-1	0
638	673	639	4	-1	-1	-1	0
622	662	668	4	-1	-1	-1	0
674	638	640	12	-1	-1	-1	0
666	665	621	4	-1	-1	-1	0
667	666	621	4	-1	-1	-1	0
641	642	678	12	-1	-1	-1	0
668	670	624	4	-1	-1	-1	0
679	644	641	12	-1	-1	-1	0
669	624	671	4	-1	-1	-1	0
680	642	643	12	-1	-1	-1	0
671	624	670	4	-1	-1	-1	0
645	680	643	12	-1	-1	-1	0
640	651	677	12	-1	-1	-1	0
637	672	660	4	-1	-1	-1	0
656	659	657	4	-1	-1	-1	0
649	644	681	12	-1	-1	-1	0
646	647	684	12	-1	-1	-1	0
648	646	684	12	-1	-1	-1	0
649	685	647	12	-1	-1	-1	0
650	648	686	12	-1	-1	-1	0
673	638	674	4	-1	-1	-1	0
672	639	675	4	-1	-1	-1	0
676	639	673	4	-1	-1	-1	0
676	675	639	4	-1	-1	-1	0
652	650	689	12	-1	-1	-1	0
677	674	640	12	-1	-1	-1	0
672	661	660	4	-1	-1	-1	0
651	652	691	12	-1	-1	-1	0
641	678	679	12	-1	-1	-1	0
654	693	653	4	-1	-1	-1	0
672	667	661	4	-1	-1	-1	0
642	680	678	12	-1	-1	-1	0
655	694	654	4	-1	-1	-1	0
681	644	679	12	-1	-1	-1	0
657	694	655	4	-1	-1	-1	0
680	645	683	12	-1	-1	-1	0
645	682	683	12	0	-1	-1	0
657	659	696	4	-1	-1	-1	0
658	696	659	4	-1	-1	-1	0
685	684	647	12	-1	-1	-1	0
648	684	686	12	-1	-1	-1	0
649	681	688	12	-1	-1	-1	0
691	677	651	12	-1	-1	-1	0
685	649	687	12	-1	-1	-1	0
663	698	662	4	-1	-1	-1	0
658	669	697	4	-1	-1	-1	0
688	687	649	12	-1	-1	-1	0
690	650	686	12	-1	-1	-1	0
698	668	662	4	-1	-1	-1	0
699	664	665	4	-1	-1	-1	0
690	689	650	12	-1	-1	-1	0
666	699	665	4	-1	-1	-1	0
692	652	689	12	-1	-1	-1	0
666	667	700	4	-1	-1	-1	0
652	692	691	12	-1	-1	-1	0
671	697	669	4	-1	-1	-1	0
702	670	668	4	-1	-1	-1	0
683	679	678	12	-1	-1	-1	0
672	701	667	4	-1	-1	-1	0
693	654	694	4	-1	-1	-1	0
683	678	680	12	-1	-1	-1	0
671	670	703	4	-1	-1	-1	0
695	694	657	4	-1	-1	-1	0
675	701	672	4	-1	-1	-1	0
695	657	696	4	-1	-1	-1	0
696	658	697	4	-1	-1	-1	0
673	674	706	4	-1	-1	-1	0
705	676	673	4	-1	-1	-1	0
707	674	677	12	-1	-1	-1	0
675	676	708	4	-1	-1	-1	0
699	666	700	4	-1	-1	-1	0
668	698	702	4	-1	-1	-1	0
701	700	667	4	-1	-1	-1	0
671	704	697	4	-1	-1	-1	0
713	679	683	12	-1	-1	-1	0
713	681	679	12	-1	-1	-1	0
702	703	670	4	-1	-1	-1	0
704	671	703	4	-1	-1	-1	0
683	682	714	12	-1	-1	-1	0
712	677	691	12	-1	-1	-1	0
681	713	688	12	-1	-1	-1	0
705	673	706	4	-1	-1	-1	0
684	685	716	12	-1	-1	-1	0
709	701	675	4	-1	-1	-1	0
684	716	686	12	-1	-1	-1	0
707	706	674	4	-1	-1	-1	0
687	718	685	12	-1	-1	-1	0
711	676	705	4	-1	-1	-1	0
708	709	675	4	-1	-1	-1	0
710	708	676	4	-1	-1	-1	0
687	688	721	12	-1	-1	-1	0
720	690	686	12	-1	-1	-1	0
712	707	677	12	-1	-1	-1	0
711	710	676	4	-1	-1	-1	0
724	689	690	12	-1	-1	-1	0
725	692	689	12	-1	-1	-1	0
713	683	714	12	-1	-1	-1	0
728	691	692	12	-1	-1	-1	0
715	714	682	12	-1	-1	0	0
730	693	694	4	-1	-1	-1	0
685	717	716	12	-1	-1	-1	0
730	694	695	4	-1	-1	-1	0
718	717	685	12	-1	-1	-1	0
716	719	686	12	-1	-1	-1	0
695	696	731	4	-1	-1	-1	0
713	723	688	12	-1	-1	-1	0
697	732	696	4	-1	-1	-1	0
686	719	720	12	-1	-1	-1	0
721	718	687	12	-1	-1	-1	0
712	691	727	12	-1	-1	-1	0
688	722	721	12	-1	-1	-1	0
733	699	700	4	-1	-1	-1	0
704	732	697	4	-1	-1	-1	0
723	722	688	12	-1	-1	-1	0
700	701	733	4	-1	-1	-1	0
690	720	726	12	-1	-1	-1	0
689	724	725	12	-1	-1	-1	0
726	724	690	12	-1	-1	-1	0
709	734	701	4	-1	-1	-1	0
725	729	692	12	-1	-1	-1	0
727	691	728	12	-1	-1	-1	0
705	706	735	4	-1	-1	-1	0
692	729	728	12	-1	-1	-1	0
707	737	706	4	-1	-1	-1	0
705	736	711	4	-1	-1	-1	0
731	730	695	4	-1	-1	-1	0
712	738	707	12	-1	-1	-1	0
710	739	708	4	-1	-1	-1	0
740	709	708	4	-1	-1	-1	0
732	731	696	4	-1	-1	-1	0
710	711	742	4	-1	-1	-1	0
734	733	701	4	-1	-1	-1	0
713	714	745	12	-1	-1	-1	0
715	745	714	12	-1	-1	-1	0
735	736	705	4	-1	-1	-1	0
737	735	706	4	-1	-1	-1	0
713	745	723	12	-1	-1	-1	0
717	748	716	12	-1	-1	-1	0
738	737	707	4	-1	-1	-1	0
748	719	716	12	-1	-1	-1	0
727	744	712	12	-1	-1	-1	0
749	717	718	12	-1	-1	-1	0
741	734	709	4	-1	-1	-1	0
708	739	740	4	-1	-1	-1	0
741	709	740	4	-1	-1	-1	0
743	711	736	4	-1	-1	-1	0
718	721	751	12	-1	-1	-1	0
720	719	752	12	-1	-1	-1	0
739	710	742	4	-1	-1	-1	0
738	712	744	12	-1	-1	-1	0
742	711	743	4	-1	-1	-1	0
722	755	721	12	-1	-1	-1	0
753	726	720	12	-1	-1	-1	0
756	722	723	12	-1	-1	-1	0
746	745	715	12	-1	-1	-1	0
758	725	724	12	-1	-1	-1	0
724	726	758	12	-1	-1	-1	0
746	715	747	12	-1	0	-1	0
729	725	759	12	-1	-1	-1	0
717	750	748	12	-1	-1	-1	0
717	749	750	12	-1	-1	-1	0
727	728	762	12	-1	-1	-1	0
751	749	718	12	-1	-1	-1	0
748	752	719	12	-1	-1	-1	0
728	729	765	12	-1	-1	-1	0
757	723	745	12	-1	-1	-1	0
752	754	720	12	-1	-1	-1	0
755	751	721	12	-1	-1	-1	0
720	754	753	12	-1	-1	-1	0
744	727	761	12	-1	-1	-1	0
755	722	756	12	-1	-1	-1	0
757	756	723	12	-1	-1	-1	0
735	766	736	4	-1	-1	-1	0
766	735	737	4	-1	-1	-1	0
760	726	753	12	-1	-1	-1	0
759	725	758	12	-1	-1	-1	0
760	758	726	12	-1	-1	-1	0
769	737	738	4	-1	-1	-1	0
767	743	736	4	-1	-1	-1	0
746	757	745	12	-1	-1	-1	0
739	771	740	4	-1	-1	-1	0
744	769	738	12	-1	-1	-1	0
763	761	727	12	-1	-1	-1	0
759	765	729	12	-1	-1	-1	0
727	762	763	12	-1	-1	-1	0
742	773	739	4	-1	-1	-1	0
728	764	762	12	-1	-1	-1	0
774	741	740	4	-1	-1	-1	0
764	728	765	12	-1	-1	-1	0
743	773	742	4	-1	-1	-1	0
746	747	777	12	-1	-1	-1	0
736	766	768	4	-1	-1	-1	0
768	767	736	4	-1	-1	-1	0
737	770	766	4	-1	-1	-1	0
744	761	769	12	-1	-1	-1	0
770	737	769	4	-1	-1	-1	0
781	748	750	12	-1	-1	-1	0
777	757	746	12	-1	-1	-1	0
780	752	748	12	-1	-1	-1	0
751	782	749	12	-1	-1	-1	0
783	750	749	12	-1	-1	-1	0
772	771	739	4	-1	-1	-1	0
739	773	772	4	-1	-1	-1	0
776	743	767	4	-1	-1	-1	0
771	775	740	4	-1	-1	-1	0
774	740	775	4	-1	-1	-1	0
751	755	785	12	-1	-1	-1	0
743	776	773	4	-1	-1	-1	0
752	788	754	12	-1	-1	-1	0
756	785	755	12	-1	-1	-1	0
754	789	753	12	-1	-1	-1	0
760	753	789	12	-1	-1	-1	0
747	779	777	12	-1	-1	-1	0
779	747	778	12	-1	0	-1	0
766	770	768	4	-1	-1	-1	0
756	757	793	12	-1	-1	-1	0
748	781	780	12	-1	-1	-1	0
794	759	758	12	-1	-1	-1	0
794	758	760	12	-1	-1	-1	0
783	749	782	12	-1	-1	-1	0
750	784	781	12	-1	-1	-1	0
784	750	783	12	-1	-1	-1	0
751	786	782	12	-1	-1	-1	0
759	795	765	12	-1	-1	-1	0
788	752	780	12	-1	-1	-1	0
797	761	763	12	-1	-1	-1	0
751	785	787	12	-1	-1	-1	0
786	751	787	12	-1	-1	-1	0
762	764	798	12	-1	-1	-1	0
799	763	762	12	-1	-1	-1	0
793	757	777	12	-1	-1	-1	0
769	761	797	12	-1	-1	-1	0
765	802	764	12	-1	-1	-1	0
754	788	790	12	-1	-1	-1	0
790	789	754	12	-1	-1	-1	0
756	792	785	12	-1	-1	-1	0
770	769	797	4	-1	-1	-1	0
767	768	804	4	-1	-1	-1	0
756	791	792	12	-1	-1	-1	0
791	756	793	12	-1	-1	-1	0
806	768	770	4	-1	-1	-1	0
796	760	789	12	-1	-1	-1	0
776	767	803	4	-1	-1	-1	0
794	795	759	12	-1	-1	-1	0
779	793	777	12	-1	-1	-1	0
796	794	760	12	-1	-1	-1	0
772	808	771	4	-1	-1	-1	0
775	771	808	4	-1	-1	-1	0
810	772	773	4	-1	-1	-1	0
799	762	798	12	-1	-1	-1	0
763	800	797	12	-1	-1	-1	0
776	811	773	4	-1	-1	-1	0
812	774	775	4	-1	-1	-1	0
799	800	763	12	-1	-1	-1	0
795	802	765	12	-1	-1	-1	0
764	801	798	12	-1	-1	-1	0
792	787	785	12	-1	-1	-1	0
802	801	764	12	-1	-1	-1	0
817	779	778	12	-1	-1	-1	0
807	770	797	4	-1	-1	-1	0
767	804	803	4	-1	-1	-1	0
768	805	804	4	-1	-1	-1	0
805	768	806	4	-1	-1	-1	0
819	780	781	12	-1	-1	-1	0
806	770	807	4	-1	-1	-1	0
784	820	781	12	-1	-1	-1	0
794	796	795	12	-1	-1	-1	0
783	782	821	12	-1	-1	-1	0
819	788	780	12	-1	-1	-1	0
809	808	772	4	-1	-1	-1	0
821	782	786	12	-1	-1	-1	0
823	784	783	12	-1	-1	-1	0
818	793	779	12	-1	-1	-1	0
809	772	810	4	-1	-1	-1	0
803	815	776	4	-1	-1	-1	0
811	810	773	4	-1	-1	-1	0
813	775	808	4	-1	-1	-1	0
787	825	786	12	-1	-1	-1	0
814	812	775	4	-1	-1	-1	0
775	813	814	4	-1	-1	-1	0
791	793	818	12	-1	-1	-1	0
815	811	776	4	-1	-1	-1	0
800	807	797	4	-1	-1	-1	0
826	787	792	12	-1	-1	-1	0
788	828	790	12	-1	-1	-1	0
829	789	790	12	-1	-1	-1	0
817	778	816	12	-1	0	-1	0
796	789	829	12	-1	-1	-1	0
779	817	818	12	-1	-1	-1	0
791	831	792	12	-1	-1	-1	0
819	781	820	12	-1	-1	-1	0
795	796	832	12	-1	-1	-1	0
821	822	783	12	-1	-1	-1	0
823	820	784	12	-1	-1	-1	0
823	783	822	12	-1	-1	-1	0
832	802	795	12	-1	-1	-1	0
799	798	834	12	-1	-1	-1	0
824	821	786	12	-1	-1	-1	0
798	801	835	12	-1	-1	-1	0
819	827	788	12	-1	-1	-1	0
786	825	824	12	-1	-1	-1	0
800	799	836	12	-1	-1	-1	0
825	787	826	12	-1	-1	-1	0
791	818	831	12	-1	-1	-1	0
802	840	801	12	-1	-1	-1	0
828	788	827	12	-1	-1	-1	0
838	807	800	4	-1	-1	-1	0
830	790	828	12	-1	-1	-1	0
829	790	830	12	-1	-1	-1	0
803	804	842	4	-1	-1	-1	0
826	792	831	12	-1	-1	-1	0
838	806	807	4	-1	-1	-1	0
844	804	805	4	-1	-1	-1	0
845	805	806	4	-1	-1	-1	0
829	833	796	12	-1	-1	-1	0
842	815	803	4	-1	-1	-1	0
833	832	796	12	-1	-1	-1	0
847	808	809	4	-1	-1	-1	0
798	835	834	12	-1	-1	-1	0
847	813	808	4	-1	-1	-1	0
810	849	809	5	-1	-1	-1	0
834	837	799	12	-1	-1	-1	0
850	810	811	5	-1	-1	-1	0
836	799	837	12	-1	-1	-1	0
838	800	836	4	-1	-1	-1	0
832	841	802	12	-1	-1	-1	0
839	835	801	12	-1	-1	-1	0
851	811	815	5	-1	-1	-1	0
812	814	852	4	-1	-1	-1	0
839	801	840	12	-1	-1	-1	0
854	814	813	4	-1	-1	-1	0
840	802	841	12	-1	-1	-1	0
842	804	843	4	-1	-1	-1	0
806	838	846	4	-1	-1	-1	0
817	816	858	12	-1	-1	-1	0
804	844	843	4	-1	-1	-1	0
833	829	830	12	-1	-1	-1	0
845	844	805	4	-1	-1	-1	0
859	818	817	12	-1	-1	-1	0
806	846	845	4	-1	-1	-1	0
820	861	819	12	-1	-1	-1	0
848	847	809	5	-1	-1	-1	0
823	862	820	12	-1	-1	-1	0
848	809	849	5	-1	-1	-1	0
821	863	822	12	-1	-1	-1	0
827	819	860	12	-1	-1	-1	0
818	859	831	12	-1	-1	-1	0
849	810	850	5	-1	-1	-1	0
864	821	824	12	-1	-1	-1	0
822	866	823	12	-1	-1	-1	0
811	851	850	5	-1	-1	-1	0
853	813	847	4	-1	-1	-1	0
815	842	856	5	-1	-1	-1	0
869	824	825	12	-1	-1	-1	0
853	854	813	4	-1	-1	-1	0
855	852	814	4	-1	-1	-1	0
871	825	826	12	-1	-1	-1	0
815	856	851	5	-1	-1	-1	0
814	854	855	4	-1	-1	-1	0
873	828	827	12	-1	-1	-1	0
826	831	872	12	-1	-1	-1	0
816	857	858	12	0	-1	-1	0
874	830	828	12	-1	-1	-1	0
859	817	858	12	-1	-1	-1	0
875	833	830	12	-1	-1	-1	0
860	819	861	12	-1	-1	-1	0
833	876	832	12	-1	-1	-1	0
861	820	862	12	-1	-1	-1	0
878	834	835	12	-1	-1	-1	0
863	821	864	12	-1	-1	-1	0
837	834	877	12	-1	-1	-1	0
876	841	832	12	-1	-1	-1	0
822	863	865	12	-1	-1	-1	0
823	867	862	12	-1	-1	-1	0
865	866	822	12	-1	-1	-1	0
839	879	835	12	-1	-1	-1	0
881	836	837	4	-1	-1	-1	0
838	836	881	4	-1	-1	-1	0
864	824	868	12	-1	-1	-1	0
867	823	866	12	-1	-1	-1	0
873	827	860	12	-1	-1	-1	0
868	824	869	12	-1	-1	-1	0
872	831	859	12	-1	-1	-1	0
839	840	883	12	-1	-1	-1	0
869	825	870	12	-1	-1	-1	0
838	881	846	4	-1	-1	-1	0
840	841	885	12	-1	-1	-1	0
870	825	871	12	-1	-1	-1	0
826	872	871	12	-1	-1	-1	0
889	842	843	5	-1	-1	-1	0
828	873	874	12	-1	-1	-1	0
844	890	843	4	-1	-1	-1	0
874	875	830	12	-1	-1	-1	0
844	845	892	4	-1	-1	-1	0
893	845	846	4	-1	-1	-1	0
876	833	875	12	-1	-1	-1	0
842	889	856	5	-1	-1	-1	0
878	877	834	12	-1	-1	-1	0
896	847	848	5	-1	-1	-1	0
835	880	878	12	-1	-1	-1	0
879	880	835	12	-1	-1	-1	0
897	848	849	5	-1	-1	-1	0
877	882	837	4	-1	-1	-1	0
847	896	853	5	-1	-1	-1	0
849	850	900	5	-1	-1	-1	0
881	837	882	4	-1	-1	-1	0
850	851	900	5	-1	-1	-1	0
879	839	884	12	-1	-1	-1	0
841	876	886	12	-1	-1	-1	0
839	883	884	12	-1	-1	-1	0
885	883	840	12	-1	-1	-1	0
902	851	856	5	-1	-1	-1	0
852	855	904	4	-1	-1	-1	0
853	906	854	4	-1	-1	-1	0
841	887	885	12	-1	-1	-1	0
841	886	888	12	-1	-1	-1	0
841	888	887	12	-1	-1	-1	0
854	908	855	4	-1	-1	-1	0
895	846	881	4	-1	-1	-1	0
843	891	889	5	-1	-1	-1	0
890	891	843	5	-1	-1	-1	0
857	910	858	12	-1	-1	-1	0
844	892	890	4	-1	-1	-1	0
858	912	859	12	-1	-1	-1	0
845	894	892	4	-1	-1	-1	0
845	893	894	4	-1	-1	-1	0
895	893	846	4	-1	-1	-1	0
913	860	861	12	-1	-1	-1	0
886	876	875	12	-1	-1	-1	0
862	914	861	12	-1	-1	-1	0
848	898	896	5	-1	-1	-1	0
872	859	912	12	-1	-1	-1	0
863	864	917	12	-1	-1	-1	0
848	897	899	5	-1	-1	-1	0
867	916	862	12	-1	-1	-1	0
865	863	917	12	-1	-1	-1	0
898	848	899	5	-1	-1	-1	0
860	913	873	12	-1	-1	-1	0
889	902	856	5	-1	-1	-1	0
901	897	849	5	-1	-1	-1	0
900	901	849	5	-1	-1	-1	0
919	866	865	12	-1	-1	-1	0
868	918	864	12	-1	-1	-1	0
905	853	896	5	-1	-1	-1	0
921	867	866	12	-1	-1	-1	0
900	851	903	5	-1	-1	-1	0
851	902	903	5	-1	-1	-1	0
882	895	881	4	-1	-1	-1	0
869	924	868	12	-1	-1	-1	0
870	925	869	12	-1	-1	-1	0
853	905	906	5	-1	-1	-1	0
854	906	907	4	-1	-1	-1	0
926	870	871	12	-1	-1	-1	0
904	855	908	4	-1	-1	-1	0
907	908	854	4	-1	-1	-1	0
872	928	871	12	-1	-1	-1	0
874	873	929	12	-1	-1	-1	0
911	857	909	12	-1	0	-1	0
857	911	910	12	-1	-1	-1	0
858	910	912	12	-1	-1	-1	0
874	931	875	12	-1	-1	-1	0
877	878	933	12	-1	-1	-1	0
861	915	913	12	-1	-1	-1	0
915	861	914	12	-1	-1	-1	0
862	916	914	12	-1	-1	-1	0
886	875	931	12	-1	-1	-1	0
882	877	934	4	-1	-1	-1	0
935	878	880	12	-1	-1	-1	0
880	879	936	12	-1	-1	-1	0
864	918	917	12	-1	-1	-1	0
884	936	879	12	-1	-1	-1	0
917	920	865	12	-1	-1	-1	0
919	865	920	12	-1	-1	-1	0
931	888	886	12	-1	-1	-1	0
867	922	916	12	-1	-1	-1	0
921	866	919	12	-1	-1	-1	0
939	883	885	12	-1	-1	-1	0
884	883	940	12	-1	-1	-1	0
868	923	918	12	-1	-1	-1	0
922	867	921	12	-1	-1	-1	0
872	912	928	12	-1	-1	-1	0
943	885	887	12	-1	-1	-1	0
938	895	882	4	-1	-1	-1	0
873	913	929	12	-1	-1	-1	0
868	924	923	12	-1	-1	-1	0
925	924	869	12	-1	-1	-1	0
944	887	888	12	-1	-1	-1	0
925	870	926	12	-1	-1	-1	0
926	871	927	12	-1	-1	-1	0
927	871	928	12	-1	-1	-1	0
947	889	891	5	-1	-1	-1	0
950	891	890	5	-1	-1	-1	0
949	890	892	4	-1	-1	-1	0
892	894	949	4	-1	-1	-1	0
931	874	930	12	-1	-1	-1	0
874	929	932	12	-1	-1	-1	0
930	874	932	12	-1	-1	-1	0
948	902	889	5	-1	-1	-1	0
952	894	893	4	-1	-1	-1	0
953	893	895	4	-1	-1	-1	0
934	877	933	4	-1	-1	-1	0
878	935	933	12	-1	-1	-1	0
955	896	898	5	-1	-1	-1	0
880	937	935	12	-1	-1	-1	0
956	899	897	5	-1	-1	-1	0
936	937	880	12	-1	-1	-1	0
934	938	882	4	-1	-1	-1	0
901	956	897	5	-1	-1	-1	0
957	898	899	5	-1	-1	-1	0
955	905	896	5	-1	-1	-1	0
960	901	900	5	-1	-1	-1	0
884	942	936	12	-1	-1	-1	0
939	940	883	12	-1	-1	-1	0
900	903	960	5	-1	-1	-1	0
946	888	931	12	-1	-1	-1	0
884	940	941	12	-1	-1	-1	0
903	902	962	5	-1	-1	-1	0
884	941	942	12	-1	-1	-1	0
943	939	885	12	-1	-1	-1	0
887	945	943	12	-1	-1	-1	0
905	965	906	5	-1	-1	-1	0
964	904	908	4	-1	-1	-1	0
944	945	887	12	-1	-1	-1	0
888	946	944	12	-1	-1	-1	0
906	966	907	4	-1	-1	-1	0
967	908	907	4	-1	-1	-1	0
948	889	947	5	-1	-1	-1	0
895	938	953	4	-1	-1	-1	0
951	947	891	5	-1	-1	-1	0
909	969	911	12	-1	-1	-1	0
949	950	890	5	-1	-1	-1	0
911	970	910	12	-1	-1	-1	0
951	891	950	5	-1	-1	-1	0
910	970	912	12	-1	-1	-1	0
894	954	949	4	-1	-1	-1	0
953	952	893	4	-1	-1	-1	0
972	913	915	12	-1	-1	-1	0
954	894	952	4	-1	-1	-1	0
973	915	914	5	-1	-1	-1	0
914	916	974	5	-1	-1	-1	0
930	946	931	12	-1	-1	-1	0
912	970	928	12	-1	-1	-1	0
898	958	955	5	-1	-1	-1	0
902	948	962	5	-1	-1	-1	0
978	917	918	12	-1	-1	-1	0
898	957	958	5	-1	-1	-1	0
959	899	956	5	-1	-1	-1	0
913	972	929	12	-1	-1	-1	0
922	977	916	5	-1	-1	-1	0
957	899	959	5	-1	-1	-1	0
920	917	978	12	-1	-1	-1	0
956	901	961	5	-1	-1	-1	0
919	980	921	12	-1	-1	-1	0
923	979	918	12	-1	-1	-1	0
982	919	920	12	-1	-1	-1	0
961	901	960	5	-1	-1	-1	0
905	955	965	5	-1	-1	-1	0
960	903	963	5	-1	-1	-1	0
921	985	922	12	-1	-1	-1	0
963	903	962	5	-1	-1	-1	0
972	932	929	12	-1	-1	-1	0
987	923	924	12	-1	-1	-1	0
965	966	906	5	-1	-1	-1	0
925	990	924	12	-1	-1	-1	0
964	908	967	4	-1	-1	-1	0
967	907	966	4	-1	-1	-1	0
992	925	926	12	-1	-1	-1	0
927	993	926	12	-1	-1	-1	0
909	968	969	12	0	-1	-1	0
928	994	927	12	-1	-1	-1	0
969	971	911	12	-1	-1	-1	0
970	911	971	12	-1	-1	-1	0
996	930	932	12	-1	-1	-1	0
914	974	973	5	-1	-1	-1	0
915	975	972	12	-1	-1	-1	0
915	973	976	5	-1	-1	-1	0
915	976	975	5	-1	-1	-1	0
998	933	935	12	-1	-1	-1	0
999	934	933	4	-1	-1	-1	0
977	974	916	5	-1	-1	-1	0
935	937	998	12	-1	-1	-1	0
996	946	930	12	-1	-1	-1	0
934	1001	938	4	-1	-1	-1	0
937	936	1002	12	-1	-1	-1	0
978	918	979	12	-1	-1	-1	0
981	980	919	12	-1	-1	-1	0
1003	936	942	12	-1	-1	-1	0
978	983	920	12	-1	-1	-1	0
919	982	981	12	-1	-1	-1	0
940	939	1005	12	-1	-1	-1	0
977	922	986	5	-1	-1	-1	0
984	982	920	12	-1	-1	-1	0
985	921	980	12	-1	-1	-1	0
920	983	984	12	-1	-1	-1	0
1006	939	943	12	-1	-1	-1	0
941	940	1008	12	-1	-1	-1	0
979	923	988	12	-1	-1	-1	0
928	970	994	12	-1	-1	-1	0
1009	942	941	12	-1	-1	-1	0
953	938	1001	4	-1	-1	-1	0
985	986	922	5	-1	-1	-1	0
923	987	988	12	-1	-1	-1	0
1011	943	945	12	-1	-1	-1	0
924	989	987	12	-1	-1	-1	0
1012	945	944	12	-1	-1	-1	0
932	972	997	12	-1	-1	-1	0
944	946	1012	12	-1	-1	-1	0
990	989	924	12	-1	-1	-1	0
991	990	925	12	-1	-1	-1	0
925	992	991	12	-1	-1	-1	0
1014	948	947	5	-1	-1	-1	0
993	992	926	12	-1	-1	-1	0
973	963	976	5	-1	-1	-1	0
951	1015	947	5	-1	-1	-1	0
993	927	995	12	-1	-1	-1	0
994	995	927	12	-1	-1	-1	0
949	1017	950	5	-1	-1	-1	0
951	950	1018	5	-1	-1	-1	0
954	1017	949	5	-1	-1	-1	0
996	932	997	12	-1	-1	-1	0
962	948	1016	5	-1	-1	-1	0
953	1021	952	4	-1	-1	-1	0
952	1021	954	4	-1	-1	-1	0
933	998	999	4	-1	-1	-1	0
999	1000	934	4	-1	-1	-1	0
971	994	970	12	-1	-1	-1	0
934	1000	1001	4	-1	-1	-1	0
1025	955	958	5	-1	-1	-1	0
937	1004	998	12	-1	-1	-1	0
1002	936	1003	12	-1	-1	-1	0
956	1027	959	5	-1	-1	-1	0
1004	937	1002	12	-1	-1	-1	0
1027	956	961	5	-1	-1	-1	0
975	997	972	12	-1	-1	-1	0
1026	965	955	5	-1	-1	-1	0
960	1028	961	5	-1	-1	-1	0
1005	939	1006	12	-1	-1	-1	0
960	963	1029	5	-1	-1	-1	0
1007	940	1005	12	-1	-1	-1	0
946	996	1012	12	-1	-1	-1	0
1008	940	1007	12	-1	-1	-1	0
1003	942	1010	12	-1	-1	-1	0
963	962	1031	5	-1	-1	-1	0
1008	1009	941	12	-1	-1	-1	0
943	1011	1006	12	-1	-1	-1	0
1009	1010	942	12	-1	-1	-1	0
1032	964	967	4	-1	-1	-1	0
965	1033	966	5	-1	-1	-1	0
973	1029	963	5	-1	-1	-1	0
1034	967	966	4	-1	-1	-1	0
945	1013	1011	12	-1	-1	-1	0
1013	945	1012	12	-1	-1	-1	0
963	1031	976	5	-1	-1	-1	0
969	968	1037	12	-1	-1	-1	0
974	1029	973	5	-1	-1	-1	0
1014	947	1015	5	-1	-1	-1	0
1001	1023	953	4	-1	-1	-1	0
1014	1016	948	5	-1	-1	-1	0
971	969	1038	12	-1	-1	-1	0
1017	1018	950	5	-1	-1	-1	0
1020	1015	951	5	-1	-1	-1	0
1018	1019	951	5	-1	-1	-1	0
1020	951	1019	5	-1	-1	-1	0
977	1040	974	5	-1	-1	-1	0
1042	975	976	5	-1	-1	-1	0
1017	954	1024	5	-1	-1	-1	0
1021	953	1022	4	-1	-1	-1	0
1022	953	1023	4	-1	-1	-1	0
1021	1024	954	5	-1	-1	-1	0
979	1044	978	12	-1	-1	-1	0
986	1040	977	5	-1	-1	-1	0
1039	994	971	12	-1	-1	-1	0
1044	983	978	12	-1	-1	-1	0
1026	955	1025	5	-1	-1	-1	0
981	1047	980	12	-1	-1	-1	0
962	1016	1031	5	-1	-1	-1	0
1048	981	982	12	-1	-1	-1	0
980	1047	985	12	-1	-1	-1	0
979	988	1046	12	-1	-1	-1	0
1043	997	975	12	-1	-1	-1	0
982	984	1050	12	-1	-1	-1	0
1028	960	1029	5	-1	-1	-1	0
1027	961	1030	5	-1	-1	-1	0
984	983	1052	12	-1	-1	-1	0
1030	961	1028	5	-1	-1	-1	0
1026	1033	965	5	-1	-1	-1	0
986	985	1055	5	-1	-1	-1	0
994	1039	995	12	-1	-1	-1	0
967	1034	1032	4	-1	-1	-1	0
966	1033	1034	5	-1	-1	-1	0
988	987	1058	12	-1	-1	-1	0
1059	987	989	12	-1	-1	-1	0
997	1043	996	12	-1	-1	-1	0
968	1035	1036	12	0	-1	-1	0
1037	968	1036	12	-1	-1	-1	0
990	1063	989	12	-1	-1	-1	0
1029	974	1041	5	-1	-1	-1	0
1038	969	1037	12	-1	-1	-1	0
991	1064	990	12	-1	-1	-1	0
992	1065	991	12	-1	-1	-1	0
1038	1039	971	12	-1	-1	-1	0
1042	976	1031	5	-1	-1	-1	0
1012	996	1043	12	-1	-1	-1	0
1066	992	993	12	-1	-1	-1	0
1040	1041	974	5	-1	-1	-1	0
995	1067	993	12	-1	-1	-1	0
1024	1018	1017	5	-1	-1	-1	0
1042	1043	975	5	-1	-1	-1	0
999	998	1070	4	-1	-1	-1	0
1012	1043	1013	12	-1	-1	-1	0
979	1045	1044	12	-1	-1	-1	0
999	1071	1000	4	-1	-1	-1	0
979	1046	1045	12	-1	-1	-1	0
998	1004	1070	4	-1	-1	-1	0
1072	1001	1000	4	-1	-1	-1	0
981	1049	1047	12	-1	-1	-1	0
1049	981	1048	12	-1	-1	-1	0
1003	1074	1002	12	-1	-1	-1	0
1044	1052	983	12	-1	-1	-1	0
1004	1002	1074	12	-1	-1	-1	0
982	1051	1048	12	-1	-1	-1	0
1050	1051	982	12	-1	-1	-1	0
1057	1040	986	5	-1	-1	-1	0
1005	1006	1075	5	-1	-1	-1	0
1050	984	1053	12	-1	-1	-1	0
985	1047	1055	5	-1	-1	-1	0
1010	1074	1003	12	-1	-1	-1	0
1005	1076	1007	5	-1	-1	-1	0
1042	1031	1016	5	-1	-1	-1	0
1054	984	1052	12	-1	-1	-1	0
1053	984	1054	12	-1	-1	-1	0
1079	1008	1007	5	-1	-1	-1	0
1060	1046	988	12	-1	-1	-1	0
1078	1006	1011	5	-1	-1	-1	0
1023	1001	1073	4	-1	-1	-1	0
1008	1080	1009	5	-1	-1	-1	0
1055	1056	986	5	-1	-1	-1	0
1029	1041	1028	5	-1	-1	-1	0
1056	1057	986	5	-1	-1	-1	0
1081	1010	1009	5	-1	-1	-1	0
1068	995	1039	12	-1	-1	-1	0
1058	987	1059	12	-1	-1	-1	0
988	1058	1061	12	-1	-1	-1	0
1011	1013	1083	5	-1	-1	-1	0
1061	1060	988	12	-1	-1	-1	0
989	1062	1059	12	-1	-1	-1	0
1014	1015	1083	5	-1	-1	-1	0
1084	1016	1014	5	-1	-1	-1	0
1062	989	1063	12	-1	-1	-1	0
990	1064	1063	12	-1	-1	-1	0
1085	1015	1020	5	-1	-1	-1	0
991	1065	1064	12	-1	-1	-1	0
992	1066	1065	12	-1	-1	-1	0
1019	1018	1086	5	-1	-1	-1	0
1066	993	1067	12	-1	-1	-1	0
1020	1019	1087	5	-1	-1	-1	0
1086	1018	1024	5	-1	-1	-1	0
1067	995	1069	12	-1	-1	-1	0
995	1068	1069	12	-1	-1	-1	0
1021	1022	1089	5	-1	-1	-1	0
1021	1089	1024	5	-1	-1	-1	0
1022	1023	1090	5	-1	-1	-1	0
1070	1071	999	4	-1	-1	-1	0
1084	1013	1043	5	-1	-1	-1	0
1042	1016	1084	5	-1	-1	-1	0
1000	1071	1072	4	-1	-1	-1	0
1025	1092	1026	5	-1	-1	-1	0
1073	1001	1072	4	-1	-1	-1	0
1004	1074	1070	5	-1	-1	-1	0
1027	1030	1093	5	-1	-1	-1	0
1092	1033	1026	5	-1	-1	-1	0
1094	1030	1028	5	-1	-1	-1	0
1076	1005	1075	5	-1	-1	-1	0
1006	1077	1075	5	-1	-1	-1	0
1006	1078	1077	5	-1	-1	-1	0
1095	1032	1034	4	-1	-1	-1	0
1007	1076	1079	5	-1	-1	-1	0
1096	1034	1033	5	-1	-1	-1	0
1041	1094	1028	5	-1	-1	-1	0
1082	1074	1010	5	-1	-1	-1	0
1008	1079	1080	5	-1	-1	-1	0
1097	1036	1035	12	-1	-1	-1	0
1084	1043	1042	5	-1	-1	-1	0
1081	1009	1080	5	-1	-1	-1	0
1083	1078	1011	5	-1	-1	-1	0
1036	1099	1037	12	-1	-1	-1	0
1010	1081	1082	5	-1	-1	-1	0
1038	1037	1100	12	-1	-1	-1	0
1015	1078	1083	5	-1	-1	-1	0
1101	1039	1038	12	-1	-1	-1	0
1078	1015	1085	5	-1	-1	-1	0
1013	1084	1083	5	-1	-1	-1	0
1083	1084	1014	5	-1	-1	-1	0
1041	1040	1102	5	-1	-1	-1	0
1073	1091	1023	5	-1	-1	-1	0
1086	1087	1019	5	-1	-1	-1	0
1085	1020	1088	5	-1	-1	-1	0
1045	1104	1044	12	-1	-1	-1	0
1020	1087	1088	5	-1	-1	-1	0
1045	1046	1105	12	-1	-1	-1	0
1086	1024	1089	5	-1	-1	-1	0
1102	1040	1057	5	-1	-1	-1	0
1052	1044	1103	12	-1	-1	-1	0
1022	1090	1089	5	-1	-1	-1	0
1091	1090	1023	5	-1	-1	-1	0
1047	1049	1109	5	-1	-1	-1	0
1048	1110	1049	12	-1	-1	-1	0
1101	1068	1039	12	-1	-1	-1	0
1110	1048	1051	12	-1	-1	-1	0
1109	1055	1047	5	-1	-1	-1	0
1112	1051	1050	12	-1	-1	-1	0
1046	1060	1108	12	-1	-1	-1	0
1113	1050	1053	12	-1	-1	-1	0
1093	1030	1094	5	-1	-1	-1	0
1092	1096	1033	5	-1	-1	-1	0
1054	1052	1115	12	-1	-1	-1	0
1071	1070	1082	5	-1	-1	-1	0
1054	1117	1053	12	-1	-1	-1	0
1096	1095	1034	5	-1	-1	-1	0
1070	1074	1082	5	-1	-1	-1	0
1056	1055	1119	5	-1	-1	-1	0
1098	1097	1035	12	-1	-1	0	0
1036	1097	1099	12	-1	-1	-1	0
1056	1120	1057	5	-1	-1	-1	0
1100	1037	1099	12	-1	-1	-1	0
1094	1041	1102	5	-1	-1	-1	0
1101	1038	1100	12	-1	-1	-1	0
1078	1085	1077	5	-1	-1	-1	0
1123	1058	1059	12	-1	-1	-1	0
1061	1058	1124	12	-1	-1	-1	0
1059	1062	1125	12	-1	-1	-1	0
1060	1061	1127	0	-1	-1	-1	0
1104	1103	1044	12	-1	-1	-1	0
1106	1104	1045	12	-1	-1	-1	0
1063	1131	1062	12	-1	-1	-1	0
1045	1105	1106	12	-1	-1	-1	0
1105	1046	1107	12	-1	-1	-1	0
1063	1064	1133	12	-1	-1	-1	0
1108	1107	1046	12	-1	-1	-1	0
1065	1134	1064	12	-1	-1	-1	0
1066	1135	1065	12	-1	-1	-1	0
1109	1049	1111	5	-1	-1	-1	0
1136	1066	1067	12	-1	-1	-1	0
1049	1110	1111	5	-1	-1	-1	0
1116	1052	1103	12	-1	-1	-1	0
1137	1067	1069	12	-1	-1	-1	0
1113	1112	1050	12	-1	-1	-1	0
1110	1051	1114	12	-1	-1	-1	0
1139	1069	1068	12	-1	-1	-1	0
1112	1114	1051	12	-1	-1	-1	0
1057	1122	1102	5	-1	-1	-1	0
1055	1109	1119	5	-1	-1	-1	0
1117	1113	1053	12	-1	-1	-1	0
1116	1115	1052	12	-1	-1	-1	0
1072	1071	1142	5	-1	-1	-1	0
1118	1054	1115	12	-1	-1	-1	0
1073	1072	1143	5	-1	-1	-1	0
1117	1054	1118	12	-1	-1	-1	0
1119	1120	1056	5	-1	-1	-1	0
1144	1076	1075	5	-1	-1	-1	0
1071	1082	1142	5	-1	-1	-1	0
1077	1144	1075	5	-1	-1	-1	0
1108	1060	1128	0	-1	-1	-1	0
1120	1121	1057	5	-1	-1	-1	0
1057	1121	1122	5	-1	-1	-1	0
1145	1079	1076	5	-1	-1	-1	0
1081	1142	1082	5	-1	-1	-1	0
1058	1123	1124	12	-1	-1	-1	0
1146	1080	1079	5	-1	-1	-1	0
1085	1144	1077	5	-1	-1	-1	0
1101	1138	1068	12	-1	-1	-1	0
1091	1073	1143	5	-1	-1	-1	0
1081	1080	1147	5	-1	-1	-1	0
1126	1123	1059	12	-1	-1	-1	0
1059	1125	1126	12	-1	-1	-1	0
1060	1127	1128	0	-1	-1	-1	0
1061	1124	1130	0	-1	-1	-1	0
1061	1129	1127	0	-1	-1	-1	0
1085	1088	1144	5	-1	-1	-1	0
1062	1132	1125	12	-1	-1	-1	0
1087	1145	1088	5	-1	-1	-1	0
1130	1129	1061	0	-1	-1	-1	0
1086	1149	1087	5	-1	-1	-1	0
1149	1086	1089	5	-1	-1	-1	0
1062	1131	1132	12	-1	-1	-1	0
1131	1063	1133	12	-1	-1	-1	0
1089	1090	1149	5	-1	-1	-1	0
1064	1134	1133	12	-1	-1	-1	0
1151	1090	1091	5	-1	-1	-1	0
1065	1135	1134	12	-1	-1	-1	0
1066	1136	1135	12	-1	-1	-1	0
1138	1101	1100	12	-1	-1	-1	0
1093	1094	1153	5	-1	-1	-1	0
1067	1137	1136	12	-1	-1	-1	0
1068	1138	1139	12	-1	-1	-1	0
1137	1069	1141	12	-1	-1	-1	0
1069	1139	1140	12	-1	-1	-1	0
1097	1098	1154	12	-1	-1	-1	0
1094	1102	1153	5	-1	-1	-1	0
1154	1099	1097	12	-1	-1	-1	0
1140	1141	1069	12	-1	-1	-1	0
1100	1099	1158	12	-1	-1	-1	0
1072	1142	1143	5	-1	-1	-1	0
1145	1076	1144	5	-1	-1	-1	0
1104	1159	1103	12	-1	-1	-1	0
1160	1104	1106	12	-1	-1	-1	0
1145	1146	1079	5	-1	-1	-1	0
1142	1081	1148	5	-1	-1	-1	0
1161	1106	1105	12	-1	-1	-1	0
1080	1146	1147	5	-1	-1	-1	0
1105	1107	1161	12	-1	-1	-1	0
1081	1147	1148	5	-1	-1	-1	0
1153	1102	1122	5	-1	-1	-1	0
1145	1144	1088	5	-1	-1	-1	0
1103	1159	1116	12	-1	-1	-1	0
1164	1107	1108	12	-1	-1	-1	0
1150	1145	1087	5	-1	-1	-1	0
1150	1087	1149	5	-1	-1	-1	0
1152	1091	1143	5	-1	-1	-1	0
1167	1109	1111	5	-1	-1	-1	0
1111	1110	1168	5	-1	-1	-1	0
1151	1149	1090	5	-1	-1	-1	0
1110	1114	1168	5	-1	-1	-1	0
1113	1169	1112	12	-1	-1	-1	0
1091	1152	1151	5	-1	-1	-1	0
1167	1119	1109	5	-1	-1	-1	0
1100	1158	1138	12	-1	-1	-1	0
1170	1114	1112	12	-1	-1	-1	0
1113	1117	1171	12	-1	-1	-1	0
1108	1128	1166	0	-1	-1	-1	0
1116	1173	1115	12	-1	-1	-1	0
1174	1118	1115	12	-1	-1	-1	0
1098	1155	1156	12	0	-1	-1	0
1154	1098	1157	12	-1	-1	-1	0
1158	1099	1154	12	-1	-1	-1	0
1098	1156	1157	12	-1	-1	-1	0
1118	1177	1117	12	-1	-1	-1	0
1179	1120	1119	5	-1	-1	-1	0
1121	1120	1181	5	-1	-1	-1	0
1160	1159	1104	12	-1	-1	-1	0
1182	1122	1121	5	-1	-1	-1	0
1106	1162	1160	12	-1	-1	-1	0
1161	1162	1106	12	-1	-1	-1	0
1163	1161	1107	12	-1	-1	-1	0
1124	1123	1186	12	-1	-1	-1	0
1142	1148	1143	5	-1	-1	-1	0
1123	1126	1185	12	-1	-1	-1	0
1164	1163	1107	12	-1	-1	-1	0
1164	1108	1165	0	-1	-1	-1	0
1166	1165	1108	0	-1	-1	-1	0
1126	1125	1189	12	-1	-1	-1	0
1146	1145	1150	5	-1	-1	-1	0
1124	1187	1130	0	-1	-1	-1	0
1143	1148	1152	5	-1	-1	-1	0
1125	1132	1188	12	-1	-1	-1	0
1168	1167	1111	5	-1	-1	-1	0
1127	1192	1128	0	-1	-1	-1	0
1191	1127	1129	0	-1	-1	-1	0
1150	1149	1151	5	-1	-1	-1	0
1175	1116	1159	12	-1	-1	-1	0
1169	1170	1112	12	-1	-1	-1	0
1171	1169	1113	12	-1	-1	-1	0
1114	1172	1168	5	-1	-1	-1	0
1129	1130	1196	0	-1	-1	-1	0
1170	1172	1114	5	-1	-1	-1	0
1153	1122	1183	5	-1	-1	-1	0
1198	1132	1131	12	-1	-1	-1	0
1115	1173	1174	12	-1	-1	-1	0
1131	1133	1198	12	-1	-1	-1	0
1171	1117	1176	12	-1	-1	-1	0
1175	1173	1116	12	-1	-1	-1	0
1179	1119	1167	5	-1	-1	-1	0
1200	1133	1134	12	-1	-1	-1	0
1117	1177	1176	12	-1	-1	-1	0
1178	1118	1174	12	-1	-1	-1	0
1135	1201	1134	12	-1	-1	-1	0
1136	1202	1135	12	-1	-1	-1	0
1177	1118	1178	12	-1	-1	-1	0
1137	1204	1136	12	-1	-1	-1	0
1180	1120	1179	5	-1	-1	-1	0
1120	1180	1181	5	-1	-1	-1	0
1141	1205	1137	12	-1	-1	-1	0
1181	1182	1121	5	-1	-1	-1	0
1208	1139	1138	12	-1	-1	-1	0
1182	1184	1122	5	-1	-1	-1	0
1128	1194	1166	0	-1	-1	-1	0
1139	1209	1140	12	-1	-1	-1	0
1184	1183	1122	5	-1	-1	-1	0
1141	1140	1212	12	-1	-1	-1	0
1185	1186	1123	12	-1	-1	-1	0
1187	1124	1186	0	-1	-1	-1	0
1190	1185	1126	12	-1	-1	-1	0
1125	1188	1189	12	-1	-1	-1	0
1138	1158	1208	12	-1	-1	-1	0
1189	1190	1126	12	-1	-1	-1	0
1147	1146	1215	5	-1	-1	-1	0
1147	1215	1148	5	-1	-1	-1	0
1127	1191	1192	0	-1	-1	-1	0
1150	1215	1146	5	-1	-1	-1	0
1128	1192	1193	0	-1	-1	-1	0
1197	1130	1187	0	-1	-1	-1	0
1128	1193	1194	0	-1	-1	-1	0
1129	1195	1191	0	-1	-1	-1	0
1215	1152	1148	5	-1	-1	-1	0
1151	1215	1150	5	-1	-1	-1	0
1151	1152	1215	5	-1	-1	-1	0
1132	1199	1188	12	-1	-1	-1	0
1129	1196	1195	0	-1	-1	-1	0
1196	1130	1197	0	-1	-1	-1	0
1157	1216	1154	12	-1	-1	-1	0
1158	1154	1216	12	-1	-1	-1	0
1199	1132	1198	12	-1	-1	-1	0
1156	1155	1218	12	-1	-1	-1	0
1200	1198	1133	12	-1	-1	-1	0
1219	1157	1156	12	-1	-1	-1	0
1201	1200	1134	12	-1	-1	-1	0
1203	1201	1135	12	-1	-1	-1	0
1203	1135	1202	12	-1	-1	-1	0
1204	1202	1136	12	-1	-1	-1	0
1160	1225	1159	12	-1	-1	-1	0
1204	1137	1206	12	-1	-1	-1	0
1226	1160	1162	12	-1	-1	-1	0
1205	1207	1137	12	-1	-1	-1	0
1137	1207	1206	12	-1	-1	-1	0
1162	1161	1228	12	-1	-1	-1	0
1163	1227	1161	12	-1	-1	-1	0
1208	1210	1139	12	-1	-1	-1	0
1139	1210	1209	12	-1	-1	-1	0
1163	1164	1231	12	-1	-1	-1	0
1175	1159	1224	12	-1	-1	-1	0
1211	1140	1209	12	-1	-1	-1	0
1141	1214	1205	12	-1	-1	-1	0
1164	1165	1232	0	-1	-1	-1	0
1140	1211	1212	12	-1	-1	-1	0
1165	1166	1233	0	-1	-1	-1	0
1141	1212	1213	12	-1	-1	-1	0
1141	1213	1214	12	-1	-1	-1	0
1236	1167	1168	5	-1	-1	-1	0
1172	1236	1168	5	-1	-1	-1	0
1169	1238	1170	12	-1	-1	-1	0
1171	1238	1169	12	-1	-1	-1	0
1239	1172	1170	5	-1	-1	-1	0
1237	1179	1167	5	-1	-1	-1	0
1176	1241	1171	12	-1	-1	-1	0
1223	1208	1158	12	-1	-1	-1	0
1155	1217	1218	12	0	-1	-1	0
1245	1174	1173	12	-1	-1	-1	0
1175	1244	1173	12	-1	-1	-1	0
1220	1156	1218	12	-1	-1	-1	0
1216	1157	1221	12	-1	-1	-1	0
1194	1235	1166	0	-1	-1	-1	0
1220	1219	1156	12	-1	-1	-1	0
1237	1180	1179	5	-1	-1	-1	0
1216	1223	1158	12	-1	-1	-1	0
1246	1178	1174	12	-1	-1	-1	0
1222	1157	1219	12	-1	-1	-1	0
1222	1221	1157	12	-1	-1	-1	0
1250	1176	1177	12	-1	-1	-1	0
1178	1251	1177	12	-1	-1	-1	0
1225	1224	1159	12	-1	-1	-1	0
1225	1160	1226	12	-1	-1	-1	0
1161	1227	1228	12	-1	-1	-1	0
1226	1162	1229	12	-1	-1	-1	0
1180	1256	1181	5	-1	-1	-1	0
1162	1228	1229	12	-1	-1	-1	0
1230	1227	1163	12	-1	-1	-1	0
1181	1258	1182	5	-1	-1	-1	0
1231	1230	1163	12	-1	-1	-1	0
1259	1184	1182	5	-1	-1	-1	0
1260	1183	1184	5	-1	-1	-1	0
1164	1232	1231	0	-1	-1	-1	0
1232	1165	1234	0	-1	-1	-1	0
1165	1233	1234	0	-1	-1	-1	0
1262	1186	1185	12	-1	-1	-1	0
1235	1233	1166	0	-1	-1	-1	0
1186	1263	1187	0	-1	-1	-1	0
1185	1190	1262	12	-1	-1	-1	0
1167	1236	1237	5	-1	-1	-1	0
1266	1189	1188	12	-1	-1	-1	0
1267	1190	1189	12	-1	-1	-1	0
1170	1238	1239	5	-1	-1	-1	0
1249	1175	1224	12	-1	-1	-1	0
1187	1264	1197	0	-1	-1	-1	0
1171	1240	1238	12	-1	-1	-1	0
1242	1236	1172	5	-1	-1	-1	0
1240	1171	1241	12	-1	-1	-1	0
1265	1188	1199	12	-1	-1	-1	0
1191	1269	1192	0	-1	-1	-1	0
1239	1243	1172	5	-1	-1	-1	0
1270	1191	1195	0	-1	-1	-1	0
1172	1243	1242	5	-1	-1	-1	0
1193	1192	1272	0	-1	-1	-1	0
1223	1216	1221	12	-1	-1	-1	0
1274	1194	1193	0	-1	-1	-1	0
1244	1245	1173	12	-1	-1	-1	0
1246	1174	1245	12	-1	-1	-1	0
1247	1244	1175	12	-1	-1	-1	0
1241	1176	1250	12	-1	-1	-1	0
1195	1196	1277	0	-1	-1	-1	0
1248	1247	1175	12	-1	-1	-1	0
1197	1278	1196	0	-1	-1	-1	0
1237	1254	1180	5	-1	-1	-1	0
1249	1248	1175	12	-1	-1	-1	0
1253	1178	1246	12	-1	-1	-1	0
1280	1198	1200	12	-1	-1	-1	0
1177	1251	1250	12	-1	-1	-1	0
1281	1199	1198	12	-1	-1	-1	0
1252	1251	1178	12	-1	-1	-1	0
1253	1252	1178	12	-1	-1	-1	0
1283	1200	1201	12	-1	-1	-1	0
1203	1283	1201	12	-1	-1	-1	0
1180	1254	1255	5	-1	-1	-1	0
1202	1285	1203	12	-1	-1	-1	0
1180	1255	1256	5	-1	-1	-1	0
1202	1204	1286	12	-1	-1	-1	0
1256	1257	1181	5	-1	-1	-1	0
1286	1204	1206	12	-1	-1	-1	0
1181	1257	1258	5	-1	-1	-1	0
1259	1182	1258	5	-1	-1	-1	0
1289	1207	1205	12	-1	-1	-1	0
1259	1261	1184	5	-1	-1	-1	0
1194	1275	1235	0	-1	-1	-1	0
1207	1291	1206	12	-1	-1	-1	0
1260	1184	1261	5	-1	-1	-1	0
1289	1205	1214	12	-1	-1	-1	0
1208	1293	1210	12	-1	-1	-1	0
1263	1186	1262	0	-1	-1	-1	0
1211	1209	1294	12	-1	-1	-1	0
1209	1210	1295	12	-1	-1	-1	0
1187	1263	1264	0	-1	-1	-1	0
1265	1266	1188	12	-1	-1	-1	0
1268	1262	1190	12	-1	-1	-1	0
1298	1212	1211	12	-1	-1	-1	0
1266	1267	1189	12	-1	-1	-1	0
1208	1223	1293	12	-1	-1	-1	0
1212	1299	1213	12	-1	-1	-1	0
1267	1268	1190	12	-1	-1	-1	0
1213	1300	1214	12	-1	-1	-1	0
1191	1271	1269	0	-1	-1	-1	0
1270	1271	1191	0	-1	-1	-1	0
1192	1269	1273	0	-1	-1	-1	0
1192	1273	1272	0	-1	-1	-1	0
1303	1218	1217	12	-1	-1	-1	0
1274	1193	1272	0	-1	-1	-1	0
1264	1279	1197	0	-1	-1	-1	0
1218	1303	1220	12	-1	-1	-1	0
1195	1277	1270	0	-1	-1	-1	0
1219	1220	1304	12	-1	-1	-1	0
1194	1274	1276	0	-1	-1	-1	0
1276	1275	1194	0	-1	-1	-1	0
1304	1222	1219	12	-1	-1	-1	0
1265	1199	1282	12	-1	-1	-1	0
1222	1306	1221	12	-1	-1	-1	0
1221	1306	1223	12	-1	-1	-1	0
1278	1277	1196	0	-1	-1	-1	0
1279	1278	1197	0	-1	-1	-1	0
1224	1225	1309	12	-1	-1	-1	0
1281	1198	1280	12	-1	-1	-1	0
1225	1226	1310	12	-1	-1	-1	0
1282	1199	1281	12	-1	-1	-1	0
1284	1280	1200	12	-1	-1	-1	0
1226	1229	1311	12	-1	-1	-1	0
1312	1228	1227	12	-1	-1	-1	0
1200	1283	1284	12	-1	-1	-1	0
1230	1313	1227	12	-1	-1	-1	0
1228	1314	1229	12	-1	-1	-1	0
1286	1285	1202	12	-1	-1	-1	0
1287	1283	1203	12	-1	-1	-1	0
1285	1288	1203	12	-1	-1	-1	0
1316	1230	1231	12	-1	-1	-1	0
1287	1203	1288	12	-1	-1	-1	0
1232	1317	1231	0	-1	-1	-1	0
1290	1286	1206	12	-1	-1	-1	0
1309	1249	1224	12	-1	-1	-1	0
1318	1232	1234	0	-1	-1	-1	0
1319	1234	1233	0	-1	-1	-1	0
1290	1206	1291	12	-1	-1	-1	0
1320	1233	1235	0	-1	-1	-1	0
1207	1289	1292	12	-1	-1	-1	0
1207	1292	1291	12	-1	-1	-1	0
1322	1237	1236	5	-1	-1	-1	0
1294	1209	1295	12	-1	-1	-1	0
1293	1296	1210	12	-1	-1	-1	0
1236	1242	1322	5	-1	-1	-1	0
1238	1323	1239	5	-1	-1	-1	0
1238	1240	1323	5	-1	-1	-1	0
1210	1297	1295	12	-1	-1	-1	0
1296	1297	1210	12	-1	-1	-1	0
1211	1294	1298	12	-1	-1	-1	0
1301	1289	1214	12	-1	-1	-1	0
1324	1243	1239	5	-1	-1	-1	0
1240	1241	1325	12	-1	-1	-1	0
1299	1212	1298	12	-1	-1	-1	0
1299	1300	1213	12	-1	-1	-1	0
1254	1237	1322	5	-1	-1	-1	0
1242	1243	1330	5	-1	-1	-1	0
1301	1214	1300	12	-1	-1	-1	0
1250	1327	1241	12	-1	-1	-1	0
1223	1306	1293	12	-1	-1	-1	0
1303	1217	1302	12	-1	0	-1	0
1244	1333	1245	12	-1	-1	-1	0
1332	1244	1247	12	-1	-1	-1	0
1335	1246	1245	12	-1	-1	-1	0
1220	1303	1305	12	-1	-1	-1	0
1220	1305	1304	12	-1	-1	-1	0
1320	1235	1275	0	-1	-1	-1	0
1247	1248	1337	12	-1	-1	-1	0
1222	1304	1307	12	-1	-1	-1	0
1338	1248	1249	12	-1	-1	-1	0
1246	1336	1253	12	-1	-1	-1	0
1270	1277	1288	0	-1	-1	-1	0
1306	1222	1308	12	-1	-1	-1	0
1308	1222	1307	12	-1	-1	-1	0
1251	1341	1250	12	-1	-1	-1	0
1277	1278	1287	0	-1	-1	-1	0
1341	1251	1252	12	-1	-1	-1	0
1225	1310	1309	12	-1	-1	-1	0
1311	1310	1226	12	-1	-1	-1	0
1252	1253	1342	12	-1	-1	-1	0
1312	1227	1313	12	-1	-1	-1	0
1277	1287	1288	0	-1	-1	-1	0
1229	1314	1311	12	-1	-1	-1	0
1255	1254	1345	5	-1	-1	-1	0
1312	1315	1228	12	-1	-1	-1	0
1315	1314	1228	12	-1	-1	-1	0
1256	1255	1347	5	-1	-1	-1	0
1313	1230	1316	12	-1	-1	-1	0
1257	1256	1348	5	-1	-1	-1	0
1231	1317	1316	0	-1	-1	-1	0
1257	1349	1258	5	-1	-1	-1	0
1258	1350	1259	5	-1	-1	-1	0
1317	1232	1318	0	-1	-1	-1	0
1259	1350	1261	5	-1	-1	-1	0
1319	1233	1320	0	-1	-1	-1	0
1352	1260	1261	5	-1	-1	-1	0
1234	1321	1318	0	-1	-1	-1	0
1234	1319	1321	0	-1	-1	-1	0
1262	1355	1263	0	-1	-1	-1	0
1356	1264	1263	0	-1	-1	-1	0
1268	1355	1262	0	-1	-1	-1	0
1239	1323	1324	5	-1	-1	-1	0
1357	1266	1265	12	-1	-1	-1	0
1240	1326	1323	5	-1	-1	-1	0
1267	1266	1358	12	-1	-1	-1	0
1325	1326	1240	5	-1	-1	-1	0
1268	1267	1358	12	-1	-1	-1	0
1322	1242	1329	5	-1	-1	-1	0
1328	1325	1241	12	-1	-1	-1	0
1327	1328	1241	12	-1	-1	-1	0
1339	1249	1309	12	-1	-1	-1	0
1243	1324	1331	5	-1	-1	-1	0
1279	1264	1356	0	-1	-1	-1	0
1271	1360	1269	0	-1	-1	-1	0
1330	1329	1242	5	-1	-1	-1	0
1361	1271	1270	0	-1	-1	-1	0
1360	1273	1269	0	-1	-1	-1	0
1243	1331	1330	5	-1	-1	-1	0
1282	1357	1265	12	-1	-1	-1	0
1362	1272	1273	0	-1	-1	-1	0
1274	1272	1363	0	-1	-1	-1	0
1332	1333	1244	12	-1	-1	-1	0
1333	1334	1245	12	-1	-1	-1	0
1274	1363	1276	0	-1	-1	-1	0
1335	1245	1334	12	-1	-1	-1	0
1337	1332	1247	12	-1	-1	-1	0
1327	1250	1340	12	-1	-1	-1	0
1275	1276	1366	0	-1	-1	-1	0
1336	1246	1335	12	-1	-1	-1	0
1361	1270	1288	0	-1	-1	-1	0
1271	1290	1360	0	-1	-1	-1	0
1254	1322	1345	5	-1	-1	-1	0
1271	1361	1290	0	-1	-1	-1	0
1338	1337	1248	12	-1	-1	-1	0
1279	1369	1278	0	-1	-1	-1	0
1339	1338	1249	12	-1	-1	-1	0
1340	1250	1341	12	-1	-1	-1	0
1285	1286	1361	12	-1	-1	-1	0
1280	1371	1281	12	-1	-1	-1	0
1344	1253	1336	12	-1	-1	-1	0
1278	1369	1287	0	-1	-1	-1	0
1361	1288	1285	12	-1	-1	-1	0
1280	1284	1371	12	-1	-1	-1	0
1372	1282	1281	12	-1	-1	-1	0
1369	1284	1283	12	-1	-1	-1	0
1343	1341	1252	12	-1	-1	-1	0
1290	1361	1286	12	-1	-1	-1	0
1343	1252	1342	12	-1	-1	-1	0
1287	1369	1283	12	-1	-1	-1	0
1344	1342	1253	12	-1	-1	-1	0
1291	1360	1290	0	-1	-1	-1	0
1255	1345	1346	5	-1	-1	-1	0
1347	1255	1346	5	-1	-1	-1	0
1292	1365	1291	0	-1	-1	-1	0
1347	1348	1256	5	-1	-1	-1	0
1349	1257	1348	5	-1	-1	-1	0
1289	1374	1292	12	-1	-1	-1	0
1258	1349	1351	5	-1	-1	-1	0
1351	1350	1258	5	-1	-1	-1	0
1275	1367	1320	0	-1	-1	-1	0
1289	1301	1374	12	-1	-1	-1	0
1354	1261	1350	5	-1	-1	-1	0
1376	1296	1293	12	-1	-1	-1	0
1353	1352	1261	5	-1	-1	-1	0
1379	1294	1295	12	-1	-1	-1	0
1354	1353	1261	5	-1	-1	-1	0
1378	1298	1294	12	-1	-1	-1	0
1297	1380	1295	12	-1	-1	-1	0
1355	1356	1263	0	-1	-1	-1	0
1297	1296	1382	12	-1	-1	-1	0
1306	1376	1293	12	-1	-1	-1	0
1326	1325	1328	5	-1	-1	-1	0
1266	1357	1358	12	-1	-1	-1	0
1355	1268	1359	0	-1	-1	-1	0
1298	1385	1299	12	-1	-1	-1	0
1300	1299	1386	12	-1	-1	-1	0
1268	1358	1359	0	-1	-1	-1	0
1387	1301	1300	12	-1	-1	-1	0
1376	1306	1308	12	-1	-1	-1	0
1303	1302	1389	12	-1	-1	-1	0
1272	1362	1363	0	-1	-1	-1	0
1273	1360	1365	0	-1	-1	-1	0
1362	1273	1364	0	-1	-1	-1	0
1392	1305	1303	12	-1	-1	-1	0
1273	1365	1364	0	-1	-1	-1	0
1304	1305	1393	12	-1	-1	-1	0
1304	1393	1307	12	-1	-1	-1	0
1356	1370	1279	0	-1	-1	-1	0
1368	1276	1363	0	-1	-1	-1	0
1275	1366	1367	0	-1	-1	-1	0
1307	1394	1308	12	-1	-1	-1	0
1368	1366	1276	0	-1	-1	-1	0
1373	1357	1282	12	-1	-1	-1	0
1309	1310	1397	12	-1	-1	-1	0
1291	1365	1360	0	-1	-1	-1	0
1370	1369	1279	0	-1	-1	-1	0
1310	1311	1400	12	-1	-1	-1	0
1369	1370	1284	12	-1	-1	-1	0
1281	1371	1372	12	-1	-1	-1	0
1371	1284	1370	12	-1	-1	-1	0
1311	1314	1401	12	-1	-1	-1	0
1282	1372	1373	12	-1	-1	-1	0
1313	1402	1312	12	-1	-1	-1	0
1315	1312	1403	12	-1	-1	-1	0
1292	1375	1365	0	-1	-1	-1	0
1313	1316	1404	12	-1	-1	-1	0
1405	1314	1315	12	-1	-1	-1	0
1317	1407	1316	0	-1	-1	-1	0
1292	1374	1375	0	-1	-1	-1	0
1318	1408	1317	0	-1	-1	-1	0
1309	1397	1339	12	-1	-1	-1	0
1408	1318	1321	0	-1	-1	-1	0
1319	1320	1410	0	-1	-1	-1	0
1377	1378	1294	12	-1	-1	-1	0
1321	1319	1409	0	-1	-1	-1	0
1379	1377	1294	12	-1	-1	-1	0
1376	1382	1296	12	-1	-1	-1	0
1295	1381	1379	12	-1	-1	-1	0
1380	1381	1295	12	-1	-1	-1	0
1413	1324	1323	5	-1	-1	-1	0
1297	1383	1380	12	-1	-1	-1	0
1298	1378	1384	12	-1	-1	-1	0
1297	1382	1383	12	-1	-1	-1	0
1301	1387	1374	12	-1	-1	-1	0
1413	1323	1326	5	-1	-1	-1	0
1322	1329	1412	5	-1	-1	-1	0
1298	1384	1385	12	-1	-1	-1	0
1324	1414	1331	5	-1	-1	-1	0
1415	1326	1328	5	-1	-1	-1	0
1356	1355	1359	0	-1	-1	-1	0
1385	1386	1299	12	-1	-1	-1	0
1328	1327	1416	12	-1	-1	-1	0
1386	1388	1300	12	-1	-1	-1	0
1387	1300	1388	12	-1	-1	-1	0
1329	1330	1418	5	-1	-1	-1	0
1395	1376	1308	12	-1	-1	-1	0
1412	1345	1322	5	-1	-1	-1	0
1330	1331	1419	5	-1	-1	-1	0
1390	1389	1302	12	-1	-1	0	0
1303	1389	1391	12	-1	-1	-1	0
1340	1416	1327	12	-1	-1	-1	0
1392	1303	1391	12	-1	-1	-1	0
1422	1333	1332	6	-1	-1	-1	0
1373	1358	1357	0	-1	-1	-1	0
1305	1392	1393	12	-1	-1	-1	0
1359	1358	1373	0	-1	-1	-1	0
1424	1334	1333	6	-1	-1	-1	0
1423	1332	1337	6	-1	-1	-1	0
1425	1335	1334	6	-1	-1	-1	0
1394	1307	1393	12	-1	-1	-1	0
1336	1335	1426	6	-1	-1	-1	0
1367	1410	1320	0	-1	-1	-1	0
1308	1394	1396	12	-1	-1	-1	0
1395	1308	1396	12	-1	-1	-1	0
1337	1338	1429	12	-1	-1	-1	0
1310	1398	1397	12	-1	-1	-1	0
1399	1398	1310	12	-1	-1	-1	0
1344	1336	1427	6	-1	-1	-1	0
1339	1430	1338	12	-1	-1	-1	0
1399	1310	1400	12	-1	-1	-1	0
1431	1340	1341	12	-1	-1	-1	0
1311	1401	1400	12	-1	-1	-1	0
1403	1312	1402	12	-1	-1	-1	0
1343	1433	1341	12	-1	-1	-1	0
1343	1342	1434	12	-1	-1	-1	0
1313	1404	1402	12	-1	-1	-1	0
1434	1342	1344	12	-1	-1	-1	0
1401	1314	1405	12	-1	-1	-1	0
1403	1406	1315	12	-1	-1	-1	0
1406	1405	1315	12	-1	-1	-1	0
1316	1407	1404	0	-1	-1	-1	0
1345	1437	1346	5	-1	-1	-1	0
1347	1346	1439	6	-1	-1	-1	0
1408	1407	1317	0	-1	-1	-1	0
1347	1440	1348	6	-1	-1	-1	0
1409	1319	1410	0	-1	-1	-1	0
1348	1442	1349	6	-1	-1	-1	0
1408	1321	1411	0	-1	-1	-1	0
1321	1409	1411	0	-1	-1	-1	0
1349	1443	1351	6	-1	-1	-1	0
1351	1444	1350	5	-1	-1	-1	0
1444	1354	1350	5	-1	-1	-1	0
1352	1353	1446	5	-1	-1	-1	0
1413	1414	1324	5	-1	-1	-1	0
1326	1415	1413	5	-1	-1	-1	0
1448	1353	1354	5	-1	-1	-1	0
1412	1329	1418	5	-1	-1	-1	0
1415	1328	1417	5	-1	-1	-1	0
1328	1416	1417	5	-1	-1	-1	0
1356	1359	1450	0	-1	-1	-1	0
1397	1430	1339	12	-1	-1	-1	0
1331	1414	1421	5	-1	-1	-1	0
1420	1418	1330	5	-1	-1	-1	0
1330	1419	1420	5	-1	-1	-1	0
1331	1421	1419	5	-1	-1	-1	0
1450	1370	1356	0	-1	-1	-1	0
1451	1362	1364	0	-1	-1	-1	0
1423	1422	1332	6	-1	-1	-1	0
1363	1362	1452	0	-1	-1	-1	0
1333	1422	1424	6	-1	-1	-1	0
1373	1450	1359	0	-1	-1	-1	0
1364	1365	1454	0	-1	-1	-1	0
1334	1424	1425	6	-1	-1	-1	0
1368	1363	1453	0	-1	-1	-1	0
1426	1335	1425	6	-1	-1	-1	0
1337	1428	1423	6	-1	-1	-1	0
1340	1432	1416	12	-1	-1	-1	0
1426	1427	1336	6	-1	-1	-1	0
1456	1367	1366	12	-1	-1	-1	0
1370	1450	1371	12	-1	-1	-1	0
1368	1457	1366	12	-1	-1	-1	0
1450	1372	1371	12	-1	-1	-1	0
1428	1337	1429	6	-1	-1	-1	0
1345	1412	1437	5	-1	-1	-1	0
1365	1375	1454	0	-1	-1	-1	0
1373	1372	1450	12	-1	-1	-1	0
1429	1338	1430	12	-1	-1	-1	0
1431	1432	1340	12	-1	-1	-1	0
1341	1433	1431	12	-1	-1	-1	0
1436	1344	1427	6	-1	-1	-1	0
1460	1375	1374	0	-1	-1	-1	0
1435	1433	1343	12	-1	-1	-1	0
1435	1343	1434	12	-1	-1	-1	0
1434	1344	1436	6	-1	-1	-1	0
1378	1377	1463	12	-1	-1	-1	0
1462	1382	1376	12	-1	-1	-1	0
1379	1464	1377	12	-1	-1	-1	0
1460	1374	1387	0	-1	-1	-1	0
1438	1346	1437	6	-1	-1	-1	0
1439	1346	1438	6	-1	-1	-1	0
1466	1379	1381	12	-1	-1	-1	0
1347	1439	1441	6	-1	-1	-1	0
1384	1378	1465	12	-1	-1	-1	0
1441	1440	1347	6	-1	-1	-1	0
1467	1381	1380	12	-1	-1	-1	0
1348	1440	1442	6	-1	-1	-1	0
1383	1467	1380	12	-1	-1	-1	0
1395	1462	1376	12	-1	-1	-1	0
1443	1349	1442	6	-1	-1	-1	0
1367	1458	1410	12	-1	-1	-1	0
1470	1383	1382	12	-1	-1	-1	0
1443	1445	1351	6	-1	-1	-1	0
1445	1444	1351	6	-1	-1	-1	0
1474	1385	1384	12	-1	-1	-1	0
1447	1446	1353	5	-1	-1	-1	0
1449	1354	1444	5	-1	-1	-1	0
1353	1448	1447	5	-1	-1	-1	0
1477	1386	1385	12	-1	-1	-1	0
1449	1448	1354	5	-1	-1	-1	0
1388	1386	1478	12	-1	-1	-1	0
1387	1388	1479	0	-1	-1	-1	0
1390	1481	1389	12	-1	-1	-1	0
1389	1481	1391	12	-1	-1	-1	0
1362	1451	1452	0	-1	-1	-1	0
1392	1391	1484	12	-1	-1	-1	0
1453	1363	1452	0	-1	-1	-1	0
1451	1364	1455	0	-1	-1	-1	0
1485	1393	1392	12	-1	-1	-1	0
1486	1394	1393	12	-1	-1	-1	0
1454	1455	1364	0	-1	-1	-1	0
1487	1396	1394	12	-1	-1	-1	0
1488	1395	1396	12	-1	-1	-1	0
1457	1456	1366	12	-1	-1	-1	0
1459	1368	1453	12	-1	-1	-1	0
1367	1456	1458	12	-1	-1	-1	0
1459	1457	1368	12	-1	-1	-1	0
1398	1493	1397	12	-1	-1	-1	0
1461	1454	1375	0	-1	-1	-1	0
1399	1494	1398	12	-1	-1	-1	0
1400	1495	1399	12	-1	-1	-1	0
1375	1460	1461	0	-1	-1	-1	0
1401	1496	1400	12	-1	-1	-1	0
1403	1402	1499	12	-1	-1	-1	0
1377	1464	1463	12	-1	-1	-1	0
1405	1498	1401	12	-1	-1	-1	0
1402	1404	1499	12	-1	-1	-1	0
1463	1465	1378	12	-1	-1	-1	0
1403	1500	1406	12	-1	-1	-1	0
1464	1379	1466	12	-1	-1	-1	0
1404	1407	1501	0	-1	-1	-1	0
1405	1406	1502	12	-1	-1	-1	0
1382	1462	1469	12	-1	-1	-1	0
1410	1495	1409	12	-1	-1	-1	0
1468	1466	1381	12	-1	-1	-1	0
1407	1408	1501	0	-1	-1	-1	0
1381	1467	1468	12	-1	-1	-1	0
1411	1409	1497	12	-1	-1	-1	0
1430	1397	1491	12	-1	-1	-1	0
1470	1382	1469	12	-1	-1	-1	0
1408	1411	1503	0	-1	-1	-1	0
1383	1473	1467	12	-1	-1	-1	0
1465	1475	1384	12	-1	-1	-1	0
1383	1470	1472	12	-1	-1	-1	0
1460	1387	1479	0	-1	-1	-1	0
1472	1471	1383	12	-1	-1	-1	0
1471	1473	1383	12	-1	-1	-1	0
1475	1474	1384	12	-1	-1	-1	0
1506	1414	1413	5	-1	-1	-1	0
1413	1415	1506	5	-1	-1	-1	0
1412	1418	1505	5	-1	-1	-1	0
1476	1385	1474	12	-1	-1	-1	0
1476	1477	1385	12	-1	-1	-1	0
1415	1417	1508	5	-1	-1	-1	0
1477	1478	1386	12	-1	-1	-1	0
1507	1421	1414	5	-1	-1	-1	0
1416	1509	1417	5	-1	-1	-1	0
1462	1395	1488	12	-1	-1	-1	0
1388	1478	1480	0	-1	-1	-1	0
1480	1479	1388	0	-1	-1	-1	0
1511	1418	1420	5	-1	-1	-1	0
1419	1512	1420	5	-1	-1	-1	0
1494	1399	1458	12	-1	-1	-1	0
1399	1495	1458	12	-1	-1	-1	0
1513	1419	1421	5	-1	-1	-1	0
1481	1390	1483	12	-1	-1	-1	0
1412	1505	1437	5	-1	-1	-1	0
1390	1482	1483	12	0	-1	-1	0
1481	1484	1391	12	-1	-1	-1	0
1509	1416	1432	5	-1	-1	-1	0
1422	1423	1515	6	-1	-1	-1	0
1424	1422	1515	6	-1	-1	-1	0
1392	1484	1485	12	-1	-1	-1	0
1495	1410	1458	12	-1	-1	-1	0
1393	1485	1486	12	-1	-1	-1	0
1517	1425	1424	6	-1	-1	-1	0
1394	1486	1487	12	-1	-1	-1	0
1516	1423	1428	6	-1	-1	-1	0
1426	1425	1518	6	-1	-1	-1	0
1455	1454	1461	0	-1	-1	-1	0
1427	1426	1519	6	-1	-1	-1	0
1489	1488	1396	12	-1	-1	-1	0
1487	1490	1396	12	-1	-1	-1	0
1396	1490	1489	12	-1	-1	-1	0
1428	1429	1522	6	-1	-1	-1	0
1491	1397	1492	12	-1	-1	-1	0
1492	1397	1493	12	-1	-1	-1	0
1524	1429	1430	12	-1	-1	-1	0
1520	1436	1427	6	-1	-1	-1	0
1398	1494	1493	12	-1	-1	-1	0
1525	1432	1431	12	-1	-1	-1	0
1525	1431	1433	12	-1	-1	-1	0
1495	1400	1497	12	-1	-1	-1	0
1496	1497	1400	12	-1	-1	-1	0
1435	1525	1433	12	-1	-1	-1	0
1401	1498	1496	12	-1	-1	-1	0
1435	1434	1527	6	-1	-1	-1	0
1436	1527	1434	6	-1	-1	-1	0
1497	1409	1495	12	-1	-1	-1	0
1500	1403	1499	12	-1	-1	-1	0
1529	1438	1437	6	-1	-1	-1	0
1501	1499	1404	0	-1	-1	-1	0
1502	1498	1405	12	-1	-1	-1	0
1439	1438	1530	6	-1	-1	-1	0
1406	1500	1502	12	-1	-1	-1	0
1532	1441	1439	6	-1	-1	-1	0
1504	1411	1497	12	-1	-1	-1	0
1408	1503	1501	0	-1	-1	-1	0
1440	1441	1533	6	-1	-1	-1	0
1442	1440	1533	6	-1	-1	-1	0
1411	1504	1503	12	-1	-1	-1	0
1535	1443	1442	6	-1	-1	-1	0
1443	1536	1445	6	-1	-1	-1	0
1506	1507	1414	5	-1	-1	-1	0
1538	1444	1445	6	-1	-1	-1	0
1506	1415	1508	5	-1	-1	-1	0
1444	1538	1449	6	-1	-1	-1	0
1446	1447	1540	5	-1	-1	-1	0
1511	1505	1418	5	-1	-1	-1	0
1508	1417	1510	5	-1	-1	-1	0
1509	1510	1417	5	-1	-1	-1	0
1448	1541	1447	5	-1	-1	-1	0
1449	1543	1448	5	-1	-1	-1	0
1507	1513	1421	5	-1	-1	-1	0
1513	1512	1419	5	-1	-1	-1	0
1491	1524	1430	12	-1	-1	-1	0
1511	1420	1514	5	-1	-1	-1	0
1514	1420	1512	5	-1	-1	-1	0
1451	1545	1452	0	-1	-1	-1	0
1452	1547	1453	0	-1	-1	-1	0
1546	1451	1455	0	-1	-1	-1	0
1516	1515	1423	6	-1	-1	-1	0
1424	1515	1517	6	-1	-1	-1	0
1517	1518	1425	6	-1	-1	-1	0
1453	1549	1459	12	-1	-1	-1	0
1519	1426	1518	6	-1	-1	-1	0
1457	1552	1456	12	-1	-1	-1	0
1455	1461	1550	0	-1	-1	-1	0
1552	1458	1456	12	-1	-1	-1	0
1521	1427	1519	6	-1	-1	-1	0
1526	1509	1432	5	-1	-1	-1	0
1516	1428	1523	6	-1	-1	-1	0
1427	1521	1520	6	-1	-1	-1	0
1457	1459	1553	12	-1	-1	-1	0
1437	1505	1529	6	-1	-1	-1	0
1428	1522	1523	6	-1	-1	-1	0
1524	1522	1429	6	-1	-1	-1	0
1461	1460	1555	0	-1	-1	-1	0
1432	1525	1526	5	-1	-1	-1	0
1436	1520	1528	6	-1	-1	-1	0
1559	1463	1464	12	-1	-1	-1	0
1463	1558	1465	12	-1	-1	-1	0
1527	1525	1435	5	-1	-1	-1	0
1462	1557	1469	12	-1	-1	-1	0
1560	1464	1466	12	-1	-1	-1	0
1527	1436	1528	6	-1	-1	-1	0
1479	1555	1460	0	-1	-1	-1	0
1466	1468	1561	12	-1	-1	-1	0
1504	1497	1496	12	-1	-1	-1	0
1529	1531	1438	6	-1	-1	-1	0
1498	1504	1496	12	-1	-1	-1	0
1558	1475	1465	12	-1	-1	-1	0
1563	1468	1467	12	-1	-1	-1	0
1530	1438	1531	6	-1	-1	-1	0
1530	1532	1439	6	-1	-1	-1	0
1467	1473	1562	12	-1	-1	-1	0
1494	1458	1552	12	-1	-1	-1	0
1566	1470	1469	12	-1	-1	-1	0
1441	1532	1533	6	-1	-1	-1	0
1557	1462	1488	12	-1	-1	-1	0
1534	1442	1533	6	-1	-1	-1	0
1567	1472	1470	12	-1	-1	-1	0
1534	1535	1442	6	-1	-1	-1	0
1569	1473	1471	12	-1	-1	-1	0
1472	1570	1471	12	-1	-1	-1	0
1535	1537	1443	6	-1	-1	-1	0
1536	1443	1537	6	-1	-1	-1	0
1539	1445	1536	6	-1	-1	-1	0
1506	1508	1507	5	-1	-1	-1	0
1445	1539	1538	6	-1	-1	-1	0
1474	1475	1574	12	-1	-1	-1	0
1573	1476	1474	12	-1	-1	-1	0
1540	1447	1541	5	-1	-1	-1	0
1576	1477	1476	12	-1	-1	-1	0
1544	1449	1538	6	-1	-1	-1	0
1542	1541	1448	5	-1	-1	-1	0
1577	1478	1477	12	-1	-1	-1	0
1448	1543	1542	5	-1	-1	-1	0
1480	1478	1578	0	-1	-1	-1	0
1449	1544	1543	6	-1	-1	-1	0
1480	1579	1479	0	-1	-1	-1	0
1545	1451	1546	0	-1	-1	-1	0
1548	1452	1545	0	-1	-1	-1	0
1483	1581	1481	12	-1	-1	-1	0
1481	1581	1484	12	-1	-1	-1	0
1452	1548	1547	0	-1	-1	-1	0
1583	1483	1482	12	-1	-1	-1	0
1549	1453	1547	12	-1	-1	-1	0
1551	1546	1455	0	-1	-1	-1	0
1484	1585	1485	12	-1	-1	-1	0
1551	1455	1550	0	-1	-1	-1	0
1486	1485	1586	12	-1	-1	-1	0
1486	1587	1487	12	-1	-1	-1	0
1553	1552	1457	12	-1	-1	-1	0
1549	1554	1459	12	-1	-1	-1	0
1531	1517	1515	6	-1	-1	-1	0
1490	1487	1588	12	-1	-1	-1	0
1489	1589	1488	12	-1	-1	-1	0
1553	1459	1554	12	-1	-1	-1	0
1556	1550	1461	0	-1	-1	-1	0
1490	1590	1489	12	-1	-1	-1	0
1461	1555	1556	0	-1	-1	-1	0
1595	1491	1492	12	-1	-1	-1	0
1526	1525	1527	5	-1	-1	-1	0
1463	1559	1558	12	-1	-1	-1	0
1526	1527	1528	5	-1	-1	-1	0
1597	1492	1493	12	-1	-1	-1	0
1560	1559	1464	12	-1	-1	-1	0
1494	1598	1493	12	-1	-1	-1	0
1561	1560	1466	12	-1	-1	-1	0
1566	1469	1557	12	-1	-1	-1	0
1563	1467	1562	12	-1	-1	-1	0
1468	1564	1561	12	-1	-1	-1	0
1563	1565	1468	12	-1	-1	-1	0
1564	1468	1565	12	-1	-1	-1	0
1600	1500	1499	0	-1	-1	-1	0
1498	1502	1599	12	-1	-1	-1	0
1501	1600	1499	0	-1	-1	-1	0
1599	1504	1498	12	-1	-1	-1	0
1500	1600	1502	12	-1	-1	-1	0
1567	1470	1566	12	-1	-1	-1	0
1501	1503	1600	0	-1	-1	-1	0
1503	1504	1599	12	-1	-1	-1	0
1572	1562	1473	12	-1	-1	-1	0
1568	1569	1471	12	-1	-1	-1	0
1575	1475	1558	12	-1	-1	-1	0
1471	1570	1568	12	-1	-1	-1	0
1595	1524	1491	12	-1	-1	-1	0
1567	1571	1472	12	-1	-1	-1	0
1579	1555	1479	0	-1	-1	-1	0
1571	1570	1472	12	-1	-1	-1	0
1569	1572	1473	12	-1	-1	-1	0
1505	1511	1601	6	-1	-1	-1	0
1602	1507	1508	5	-1	-1	-1	0
1510	1602	1508	5	-1	-1	-1	0
1573	1474	1574	12	-1	-1	-1	0
1507	1603	1513	5	-1	-1	-1	0
1574	1475	1575	12	-1	-1	-1	0
1509	1605	1510	5	-1	-1	-1	0
1576	1476	1573	12	-1	-1	-1	0
1576	1577	1477	12	-1	-1	-1	0
1514	1606	1511	6	-1	-1	-1	0
1608	1512	1513	5	-1	-1	-1	0
1578	1478	1577	0	-1	-1	-1	0
1512	1607	1514	5	-1	-1	-1	0
1589	1557	1488	12	-1	-1	-1	0
1529	1505	1601	6	-1	-1	-1	0
1580	1480	1578	0	-1	-1	-1	0
1604	1509	1526	5	-1	-1	-1	0
1480	1580	1579	0	-1	-1	-1	0
1518	1517	1606	6	-1	-1	-1	0
1516	1610	1515	6	-1	-1	-1	0
1598	1494	1552	12	-1	-1	-1	0
1519	1518	1609	6	-1	-1	-1	0
1582	1583	1482	12	-1	-1	0	0
1581	1483	1584	12	-1	-1	-1	0
1531	1601	1517	6	-1	-1	-1	0
1519	1609	1521	6	-1	-1	-1	0
1516	1523	1611	6	-1	-1	-1	0
1584	1483	1583	12	-1	-1	-1	0
1581	1585	1484	12	-1	-1	-1	0
1612	1520	1521	6	-1	-1	-1	0
1610	1531	1515	6	-1	-1	-1	0
1586	1485	1585	12	-1	-1	-1	0
1526	1528	1604	5	-1	-1	-1	0
1486	1586	1587	12	-1	-1	-1	0
1528	1520	1612	6	-1	-1	-1	0
1523	1522	1615	6	-1	-1	-1	0
1601	1531	1529	6	-1	-1	-1	0
1615	1522	1524	6	-1	-1	-1	0
1487	1587	1588	12	-1	-1	-1	0
1489	1591	1589	12	-1	-1	-1	0
1590	1591	1489	12	-1	-1	-1	0
1588	1592	1490	12	-1	-1	-1	0
1530	1531	1610	6	-1	-1	-1	0
1532	1530	1611	6	-1	-1	-1	0
1590	1490	1593	12	-1	-1	-1	0
1592	1594	1490	12	-1	-1	-1	0
1490	1594	1593	12	-1	-1	-1	0
1532	1617	1533	6	-1	-1	-1	0
1596	1595	1492	12	-1	-1	-1	0
1533	1617	1534	6	-1	-1	-1	0
1596	1492	1597	12	-1	-1	-1	0
1618	1535	1534	6	-1	-1	-1	0
1597	1493	1598	12	-1	-1	-1	0
1555	1579	1556	0	-1	-1	-1	0
1535	1619	1537	6	-1	-1	-1	0
1621	1536	1537	6	-1	-1	-1	0
1620	1539	1536	6	-1	-1	-1	0
1623	1538	1539	6	-1	-1	-1	0
1600	1599	1502	12	-1	-1	-1	0
1600	1503	1599	12	-1	-1	-1	0
1598	1552	1553	12	-1	-1	-1	0
1623	1544	1538	6	-1	-1	-1	0
1625	1540	1541	5	-1	-1	-1	0
1626	1541	1542	5	-1	-1	-1	0
1507	1602	1603	5	-1	-1	-1	0
1543	1627	1542	5	-1	-1	-1	0
1544	1628	1543	6	-1	-1	-1	0
1605	1602	1510	5	-1	-1	-1	0
1509	1604	1605	5	-1	-1	-1	0
1511	1606	1601	6	-1	-1	-1	0
1629	1545	1546	0	-1	-1	-1	0
1545	1629	1548	0	-1	-1	-1	0
1608	1513	1603	5	-1	-1	-1	0
1606	1517	1601	6	-1	-1	-1	0
1548	1630	1547	0	-1	-1	-1	0
1629	1546	1551	0	-1	-1	-1	0
1547	1631	1549	12	-1	-1	-1	0
1607	1512	1608	5	-1	-1	-1	0
1606	1514	1609	6	-1	-1	-1	0
1607	1609	1514	6	-1	-1	-1	0
1606	1609	1518	6	-1	-1	-1	0
1615	1524	1595	6	-1	-1	-1	0
1550	1634	1551	0	-1	-1	-1	0
1554	1549	1633	12	-1	-1	-1	0
1611	1610	1516	6	-1	-1	-1	0
1550	1556	1635	0	-1	-1	-1	0
1528	1612	1604	5	-1	-1	-1	0
1614	1521	1609	6	-1	-1	-1	0
1554	1638	1553	12	-1	-1	-1	0
1612	1521	1613	6	-1	-1	-1	0
1598	1553	1597	12	-1	-1	-1	0
1613	1521	1614	6	-1	-1	-1	0
1610	1611	1530	6	-1	-1	-1	0
1523	1617	1611	6	-1	-1	-1	0
1616	1523	1615	6	-1	-1	-1	0
1616	1618	1523	6	-1	-1	-1	0
1617	1523	1618	6	-1	-1	-1	0
1634	1561	1564	12	-1	-1	-1	0
1611	1617	1532	6	-1	-1	-1	0
1643	1558	1559	12	-1	-1	-1	0
1559	1560	1646	12	-1	-1	-1	0
1566	1557	1642	12	-1	-1	-1	0
1561	1646	1560	12	-1	-1	-1	0
1534	1617	1618	6	-1	-1	-1	0
1647	1563	1562	12	-1	-1	-1	0
1535	1618	1619	6	-1	-1	-1	0
1641	1556	1579	0	-1	-1	-1	0
1563	1648	1565	12	-1	-1	-1	0
1621	1620	1536	6	-1	-1	-1	0
1644	1575	1558	12	-1	-1	-1	0
1619	1622	1537	6	-1	-1	-1	0
1564	1565	1650	12	-1	-1	-1	0
1621	1537	1622	6	-1	-1	-1	0
1647	1562	1572	12	-1	-1	-1	0
1624	1539	1620	6	-1	-1	-1	0
1623	1539	1624	6	-1	-1	-1	0
1567	1566	1653	12	-1	-1	-1	0
1589	1642	1557	12	-1	-1	-1	0
1597	1553	1638	12	-1	-1	-1	0
1654	1571	1567	12	-1	-1	-1	0
1625	1541	1626	5	-1	-1	-1	0
1568	1570	1656	12	-1	-1	-1	0
1657	1569	1568	12	-1	-1	-1	0
1544	1623	1628	6	-1	-1	-1	0
1626	1542	1627	5	-1	-1	-1	0
1628	1627	1543	6	-1	-1	-1	0
1572	1569	1659	12	-1	-1	-1	0
1641	1579	1580	0	-1	-1	-1	0
1661	1570	1571	12	-1	-1	-1	0
1630	1631	1547	12	-1	-1	-1	0
1632	1548	1629	0	-1	-1	-1	0
1630	1548	1632	0	-1	-1	-1	0
1549	1631	1633	12	-1	-1	-1	0
1573	1574	1666	12	-1	-1	-1	0
1665	1576	1573	12	-1	-1	-1	0
1629	1551	1636	0	-1	-1	-1	0
1574	1575	1667	12	-1	-1	-1	0
1635	1634	1550	0	-1	-1	-1	0
1551	1634	1637	0	-1	-1	-1	0
1577	1576	1669	12	-1	-1	-1	0
1551	1637	1636	0	-1	-1	-1	0
1670	1578	1577	0	-1	-1	-1	0
1633	1640	1554	12	-1	-1	-1	0
1614	1607	1608	5	-1	-1	-1	0
1580	1578	1671	0	-1	-1	-1	0
1614	1609	1607	6	-1	-1	-1	0
1561	1634	1635	12	-1	-1	-1	0
1638	1554	1639	12	-1	-1	-1	0
1597	1638	1596	12	-1	-1	-1	0
1556	1641	1635	0	-1	-1	-1	0
1640	1639	1554	12	-1	-1	-1	0
1564	1637	1634	12	-1	-1	-1	0
1584	1674	1581	12	-1	-1	-1	0
1581	1673	1585	12	-1	-1	-1	0
1676	1583	1582	12	-1	-1	-1	0
1561	1635	1646	12	-1	-1	-1	0
1584	1583	1677	12	-1	-1	-1	0
1558	1643	1644	12	-1	-1	-1	0
1645	1643	1559	12	-1	-1	-1	0
1585	1678	1586	12	-1	-1	-1	0
1637	1564	1649	12	-1	-1	-1	0
1559	1646	1645	12	-1	-1	-1	0
1680	1587	1586	12	-1	-1	-1	0
1588	1587	1682	12	-1	-1	-1	0
1648	1563	1647	12	-1	-1	-1	0
1566	1642	1653	12	-1	-1	-1	0
1650	1649	1564	12	-1	-1	-1	0
1592	1588	1684	12	-1	-1	-1	0
1565	1651	1650	12	-1	-1	-1	0
1565	1648	1652	12	-1	-1	-1	0
1686	1589	1591	12	-1	-1	-1	0
1565	1652	1651	12	-1	-1	-1	0
1591	1590	1687	12	-1	-1	-1	0
1687	1590	1593	12	-1	-1	-1	0
1567	1653	1654	12	-1	-1	-1	0
1689	1594	1592	12	-1	-1	-1	0
1594	1691	1593	12	-1	-1	-1	0
1568	1656	1655	12	-1	-1	-1	0
1657	1568	1655	12	-1	-1	-1	0
1647	1572	1664	12	-1	-1	-1	0
1596	1693	1595	6	-1	-1	-1	0
1657	1658	1569	12	-1	-1	-1	0
1570	1660	1656	12	-1	-1	-1	0
1658	1659	1569	12	-1	-1	-1	0
1662	1571	1654	12	-1	-1	-1	0
1575	1644	1668	12	-1	-1	-1	0
1661	1660	1570	12	-1	-1	-1	0
1672	1641	1580	0	-1	-1	-1	0
1659	1663	1572	12	-1	-1	-1	0
1662	1661	1571	12	-1	-1	-1	0
1572	1663	1664	12	-1	-1	-1	0
1602	1695	1603	5	-1	-1	-1	0
1695	1602	1605	5	-1	-1	-1	0
1615	1595	1693	6	-1	-1	-1	0
1573	1666	1665	12	-1	-1	-1	0
1697	1605	1604	5	-1	-1	-1	0
1603	1696	1608	5	-1	-1	-1	0
1574	1667	1666	12	-1	-1	-1	0
1669	1576	1665	12	-1	-1	-1	0
1668	1667	1575	12	-1	-1	-1	0
1604	1612	1697	5	-1	-1	-1	0
1577	1669	1670	0	-1	-1	-1	0
1589	1685	1642	12	-1	-1	-1	0
1608	1696	1614	5	-1	-1	-1	0
1670	1671	1578	0	-1	-1	-1	0
1697	1612	1613	5	-1	-1	-1	0
1614	1696	1613	5	-1	-1	-1	0
1671	1672	1580	0	-1	-1	-1	0
1615	1693	1616	6	-1	-1	-1	0
1674	1673	1581	12	-1	-1	-1	0
1596	1638	1694	6	-1	-1	-1	0
1618	1616	1698	6	-1	-1	-1	0
1676	1582	1675	12	-1	0	-1	0
1677	1674	1584	12	-1	-1	-1	0
1583	1676	1677	12	-1	-1	-1	0
1678	1585	1673	12	-1	-1	-1	0
1619	1618	1699	6	-1	-1	-1	0
1700	1622	1619	6	-1	-1	-1	0
1586	1678	1679	12	-1	-1	-1	0
1586	1679	1680	12	-1	-1	-1	0
1680	1681	1587	12	-1	-1	-1	0
1624	1701	1623	6	-1	-1	-1	0
1587	1681	1682	12	-1	-1	-1	0
1682	1683	1588	12	-1	-1	-1	0
1702	1628	1623	6	-1	-1	-1	0
1703	1625	1626	5	-1	-1	-1	0
1588	1683	1684	12	-1	-1	-1	0
1704	1626	1627	5	-1	-1	-1	0
1686	1685	1589	12	-1	-1	-1	0
1628	1705	1627	6	-1	-1	-1	0
1689	1592	1684	12	-1	-1	-1	0
1591	1688	1686	12	-1	-1	-1	0
1687	1688	1591	12	-1	-1	-1	0
1632	1629	1706	0	-1	-1	-1	0
1631	1630	1707	12	-1	-1	-1	0
1690	1687	1593	12	-1	-1	-1	0
1630	1632	1708	0	-1	-1	-1	0
1629	1636	1706	0	-1	-1	-1	0
1709	1633	1631	12	-1	-1	-1	0
1690	1593	1691	12	-1	-1	-1	0
1594	1689	1692	12	-1	-1	-1	0
1594	1692	1691	12	-1	-1	-1	0
1640	1633	1709	12	-1	-1	-1	0
1693	1596	1694	6	-1	-1	-1	0
1712	1636	1637	0	-1	-1	-1	0
1711	1635	1641	0	-1	-1	-1	0
1635	1711	1646	12	-1	-1	-1	0
1715	1638	1639	6	-1	-1	-1	0
1695	1696	1603	5	-1	-1	-1	0
1717	1639	1640	12	-1	-1	-1	0
1605	1697	1695	5	-1	-1	-1	0
1637	1649	1714	12	-1	-1	-1	0
1711	1645	1646	12	-1	-1	-1	0
1693	1694	1616	6	-1	-1	-1	0
1697	1613	1696	5	-1	-1	-1	0
1644	1643	1721	12	-1	-1	-1	0
1698	1616	1694	6	-1	-1	-1	0
1645	1720	1643	12	-1	-1	-1	0
1653	1642	1719	12	-1	-1	-1	0
1699	1618	1698	6	-1	-1	-1	0
1700	1619	1699	6	-1	-1	-1	0
1724	1648	1647	12	-1	-1	-1	0
1711	1641	1672	0	-1	-1	-1	0
1652	1648	1725	12	-1	-1	-1	0
1727	1649	1650	12	-1	-1	-1	0
1702	1623	1701	6	-1	-1	-1	0
1651	1728	1650	12	-1	-1	-1	0
1729	1651	1652	12	-1	-1	-1	0
1626	1704	1703	5	-1	-1	-1	0
1668	1644	1722	12	-1	-1	-1	0
1702	1705	1628	6	-1	-1	-1	0
1664	1724	1647	12	-1	-1	-1	0
1627	1705	1704	6	-1	-1	-1	0
1732	1654	1653	12	-1	-1	-1	0
1630	1708	1707	12	-1	-1	-1	0
1657	1655	1734	1	-1	-1	-1	0
1655	1656	1735	12	-1	-1	-1	0
1685	1719	1642	12	-1	-1	-1	0
1709	1631	1707	12	-1	-1	-1	0
1638	1715	1694	6	-1	-1	-1	0
1706	1710	1632	0	-1	-1	-1	0
1732	1662	1654	12	-1	-1	-1	0
1632	1710	1708	0	-1	-1	-1	0
1736	1656	1660	12	-1	-1	-1	0
1657	1738	1658	1	-1	-1	-1	0
1706	1636	1713	0	-1	-1	-1	0
1659	1658	1740	12	-1	-1	-1	0
1636	1712	1713	0	-1	-1	-1	0
1637	1714	1712	0	-1	-1	-1	0
1741	1663	1659	12	-1	-1	-1	0
1661	1744	1660	12	-1	-1	-1	0
1718	1640	1709	12	-1	-1	-1	0
1661	1662	1745	12	-1	-1	-1	0
1639	1716	1715	6	-1	-1	-1	0
1716	1639	1717	6	-1	-1	-1	0
1664	1663	1747	12	-1	-1	-1	0
1640	1718	1717	12	-1	-1	-1	0
1723	1645	1711	12	-1	-1	-1	0
1665	1666	1751	12	-1	-1	-1	0
1721	1643	1720	12	-1	-1	-1	0
1751	1669	1665	12	-1	-1	-1	0
1667	1752	1666	12	-1	-1	-1	0
1721	1722	1644	12	-1	-1	-1	0
1667	1668	1752	12	-1	-1	-1	0
1723	1720	1645	12	-1	-1	-1	0
1695	1697	1696	5	-1	-1	-1	0
1649	1726	1714	12	-1	-1	-1	0
1669	1754	1670	0	-1	-1	-1	0
1670	1756	1671	0	-1	-1	-1	0
1648	1724	1725	12	-1	-1	-1	0
1756	1672	1671	0	-1	-1	-1	0
1727	1726	1649	12	-1	-1	-1	0
1653	1719	1732	12	-1	-1	-1	0
1673	1674	1757	12	-1	-1	-1	0
1727	1650	1728	12	-1	-1	-1	0
1711	1672	1723	0	-1	-1	-1	0
1715	1698	1694	6	-1	-1	-1	0
1652	1725	1731	12	-1	-1	-1	0
1728	1651	1730	12	-1	-1	-1	0
1678	1673	1758	12	-1	-1	-1	0
1729	1730	1651	12	-1	-1	-1	0
1760	1674	1677	12	-1	-1	-1	0
1731	1729	1652	12	-1	-1	-1	0
1760	1677	1676	12	-1	-1	-1	0
1676	1675	1762	12	-1	-1	-1	0
1678	1765	1679	12	-1	-1	-1	0
1655	1733	1734	1	-1	-1	-1	0
1733	1655	1735	1	-1	-1	-1	0
1680	1679	1768	12	-1	-1	-1	0
1735	1656	1736	12	-1	-1	-1	0
1734	1737	1657	1	-1	-1	-1	0
1706	1713	1710	0	-1	-1	-1	0
1769	1681	1680	12	-1	-1	-1	0
1738	1657	1737	1	-1	-1	-1	0
1681	1770	1682	12	-1	-1	-1	0
1739	1658	1738	1	-1	-1	-1	0
1682	1771	1683	12	-1	-1	-1	0
1740	1658	1739	1	-1	-1	-1	0
1724	1664	1750	12	-1	-1	-1	0
1743	1736	1660	12	-1	-1	-1	0
1772	1684	1683	12	-1	-1	-1	0
1732	1746	1662	12	-1	-1	-1	0
1659	1740	1742	12	-1	-1	-1	0
1741	1659	1742	12	-1	-1	-1	0
1668	1722	1753	12	-1	-1	-1	0
1686	1774	1685	12	-1	-1	-1	0
1773	1689	1684	12	-1	-1	-1	0
1660	1744	1743	12	-1	-1	-1	0
1688	1775	1686	12	-1	-1	-1	0
1744	1661	1745	12	-1	-1	-1	0
1672	1756	1723	0	-1	-1	-1	0
1741	1748	1663	12	-1	-1	-1	0
1688	1687	1777	12	-1	-1	-1	0
1746	1745	1662	12	-1	-1	-1	0
1690	1777	1687	12	-1	-1	-1	0
1748	1747	1663	12	-1	-1	-1	0
1689	1778	1692	12	-1	-1	-1	0
1747	1749	1664	12	-1	-1	-1	0
1691	1780	1690	1	-1	-1	-1	0
1749	1750	1664	12	-1	-1	-1	0
1781	1691	1692	1	-1	-1	-1	0
1752	1751	1666	12	-1	-1	-1	0
1753	1752	1668	12	-1	-1	-1	0
1751	1754	1669	0	-1	-1	-1	0
1774	1719	1685	12	-1	-1	-1	0
1755	1670	1754	0	-1	-1	-1	0
1783	1699	1698	6	-1	-1	-1	0
1670	1755	1756	0	-1	-1	-1	0
1700	1699	1784	6	-1	-1	-1	0
1673	1757	1758	12	-1	-1	-1	0
1701	1786	1702	6	-1	-1	-1	0
1759	1757	1674	12	-1	-1	-1	0
1760	1759	1674	12	-1	-1	-1	0
1786	1705	1702	6	-1	-1	-1	0
1704	1787	1703	5	-1	-1	-1	0
1783	1698	1715	6	-1	-1	-1	0
1788	1704	1705	6	-1	-1	-1	0
1763	1675	1761	12	-1	0	-1	0
1750	1725	1724	12	-1	-1	-1	0
1763	1762	1675	12	-1	-1	-1	0
1760	1676	1764	12	-1	-1	-1	0
1762	1764	1676	12	-1	-1	-1	0
1758	1766	1678	12	-1	-1	-1	0
1708	1789	1707	12	-1	-1	-1	0
1707	1789	1709	12	-1	-1	-1	0
1710	1790	1708	0	-1	-1	-1	0
1766	1765	1678	12	-1	-1	-1	0
1679	1765	1767	12	-1	-1	-1	0
1716	1783	1715	6	-1	-1	-1	0
1767	1768	1679	12	-1	-1	-1	0
1791	1710	1713	0	-1	-1	-1	0
1709	1789	1718	12	-1	-1	-1	0
1769	1680	1768	12	-1	-1	-1	0
1713	1712	1793	0	-1	-1	-1	0
1712	1714	1792	0	-1	-1	-1	0
1681	1769	1770	12	-1	-1	-1	0
1771	1682	1770	12	-1	-1	-1	0
1771	1772	1683	12	-1	-1	-1	0
1773	1684	1772	12	-1	-1	-1	0
1717	1796	1716	6	-1	-1	-1	0
1718	1798	1717	12	-1	-1	-1	0
1714	1726	1794	12	-1	-1	-1	0
1776	1774	1686	12	-1	-1	-1	0
1776	1686	1775	12	-1	-1	-1	0
1777	1775	1688	12	-1	-1	-1	0
1689	1773	1778	12	-1	-1	-1	0
1721	1720	1804	12	-1	-1	-1	0
1779	1777	1690	1	-1	-1	-1	0
1804	1720	1723	12	-1	-1	-1	0
1721	1805	1722	12	-1	-1	-1	0
1779	1690	1780	1	-1	-1	-1	0
1692	1778	1782	1	-1	-1	-1	0
1691	1781	1780	1	-1	-1	-1	0
1802	1732	1719	12	-1	-1	-1	0
1692	1782	1781	1	-1	-1	-1	0
1753	1751	1752	0	-1	-1	-1	0
1754	1751	1753	0	-1	-1	-1	0
1727	1808	1726	12	-1	-1	-1	0
1731	1725	1806	12	-1	-1	-1	0
1728	1810	1727	12	-1	-1	-1	0
1699	1783	1784	6	-1	-1	-1	0
1784	1785	1700	6	-1	-1	-1	0
1728	1730	1811	12	-1	-1	-1	0
1730	1729	1812	12	-1	-1	-1	0
1729	1731	1813	12	-1	-1	-1	0
1786	1788	1705	6	-1	-1	-1	0
1787	1704	1788	6	-1	-1	-1	0
1722	1805	1753	12	-1	-1	-1	0
1750	1806	1725	12	-1	-1	-1	0
1723	1756	1804	0	-1	-1	-1	0
1790	1789	1708	12	-1	-1	-1	0
1821	1734	1733	1	-1	-1	-1	0
1735	1822	1733	1	-1	-1	-1	0
1710	1791	1790	0	-1	-1	-1	0
1783	1716	1795	6	-1	-1	-1	0
1737	1734	1823	1	-1	-1	-1	0
1824	1735	1736	12	-1	-1	-1	0
1774	1803	1719	12	-1	-1	-1	0
1793	1791	1713	0	-1	-1	-1	0
1819	1746	1732	12	-1	-1	-1	0
1793	1712	1792	0	-1	-1	-1	0
1792	1714	1794	0	-1	-1	-1	0
1826	1738	1737	1	-1	-1	-1	0
1736	1743	1824	12	-1	-1	-1	0
1738	1828	1739	1	-1	-1	-1	0
1799	1718	1789	12	-1	-1	-1	0
1795	1716	1796	6	-1	-1	-1	0
1739	1829	1740	1	-1	-1	-1	0
1797	1796	1717	6	-1	-1	-1	0
1797	1717	1798	12	-1	-1	-1	0
1754	1753	1805	0	-1	-1	-1	0
1831	1742	1740	12	-1	-1	-1	0
1805	1755	1754	0	-1	-1	-1	0
1756	1755	1804	0	-1	-1	-1	0
1718	1800	1798	12	-1	-1	-1	0
1741	1742	1833	12	-1	-1	-1	0
1718	1799	1801	12	-1	-1	-1	0
1801	1800	1718	12	-1	-1	-1	0
1833	1748	1741	12	-1	-1	-1	0
1835	1743	1744	12	-1	-1	-1	0
1803	1802	1719	12	-1	-1	-1	0
1744	1745	1837	12	-1	-1	-1	0
1726	1807	1794	12	-1	-1	-1	0
1745	1746	1838	12	-1	-1	-1	0
1721	1804	1805	12	-1	-1	-1	0
1748	1841	1747	12	-1	-1	-1	0
1747	1840	1749	12	-1	-1	-1	0
1726	1808	1807	12	-1	-1	-1	0
1749	1844	1750	12	-1	-1	-1	0
1809	1808	1727	12	-1	-1	-1	0
1809	1727	1810	12	-1	-1	-1	0
1728	1811	1810	12	-1	-1	-1	0
1819	1732	1802	12	-1	-1	-1	0
1813	1812	1729	12	-1	-1	-1	0
1731	1806	1817	12	-1	-1	-1	0
1814	1811	1730	12	-1	-1	-1	0
1815	1730	1812	12	-1	-1	-1	0
1845	1758	1757	12	-1	-1	-1	0
1730	1816	1814	12	-1	-1	-1	0
1730	1815	1816	12	-1	-1	-1	0
1845	1757	1759	12	-1	-1	-1	0
1731	1818	1813	12	-1	-1	-1	0
1804	1755	1805	0	-1	-1	-1	0
1760	1847	1759	12	-1	-1	-1	0
1818	1731	1817	12	-1	-1	-1	0
1846	1766	1758	12	-1	-1	-1	0
1848	1760	1764	12	-1	-1	-1	0
1850	1763	1761	12	-1	-1	-1	0
1733	1820	1821	1	-1	-1	-1	0
1733	1822	1820	1	-1	-1	-1	0
1763	1851	1762	12	-1	-1	-1	0
1762	1851	1764	12	-1	-1	-1	0
1823	1734	1821	1	-1	-1	-1	0
1822	1735	1824	1	-1	-1	-1	0
1825	1737	1823	1	-1	-1	-1	0
1765	1766	1854	12	-1	-1	-1	0
1765	1854	1767	12	-1	-1	-1	0
1737	1825	1826	1	-1	-1	-1	0
1738	1826	1827	1	-1	-1	-1	0
1767	1856	1768	12	-1	-1	-1	0
1738	1827	1828	1	-1	-1	-1	0
1739	1828	1830	1	-1	-1	-1	0
1858	1769	1768	12	-1	-1	-1	0
1829	1739	1830	1	-1	-1	-1	0
1844	1806	1750	12	-1	-1	-1	0
1861	1770	1769	12	-1	-1	-1	0
1829	1832	1740	1	-1	-1	-1	0
1831	1740	1832	1	-1	-1	-1	0
1836	1824	1743	12	-1	-1	-1	0
1839	1746	1819	12	-1	-1	-1	0
1863	1771	1770	12	-1	-1	-1	0
1831	1834	1742	12	-1	-1	-1	0
1864	1772	1771	12	-1	-1	-1	0
1742	1834	1833	12	-1	-1	-1	0
1865	1773	1772	12	-1	-1	-1	0
1800	1816	1798	12	-1	-1	-1	0
1835	1836	1743	12	-1	-1	-1	0
1800	1801	1814	12	-1	-1	-1	0
1773	1865	1778	12	-1	-1	-1	0
1837	1835	1744	12	-1	-1	-1	0
1776	1867	1774	12	-1	-1	-1	0
1869	1776	1775	1	-1	-1	-1	0
1777	1868	1775	1	-1	-1	-1	0
1838	1837	1745	12	-1	-1	-1	0
1839	1838	1746	12	-1	-1	-1	0
1748	1833	1842	12	-1	-1	-1	0
1777	1779	1868	1	-1	-1	-1	0
1841	1840	1747	12	-1	-1	-1	0
1814	1816	1800	12	-1	-1	-1	0
1871	1782	1778	1	-1	-1	-1	0
1842	1841	1748	12	-1	-1	-1	0
1779	1780	1872	1	-1	-1	-1	0
1749	1840	1843	12	-1	-1	-1	0
1874	1780	1781	1	-1	-1	-1	0
1844	1749	1843	12	-1	-1	-1	0
1782	1875	1781	1	-1	-1	-1	0
1867	1803	1774	12	-1	-1	-1	0
1783	1877	1784	6	-1	-1	-1	0
1784	1878	1785	6	-1	-1	-1	0
1846	1758	1845	12	-1	-1	-1	0
1845	1759	1847	12	-1	-1	-1	0
1847	1760	1848	12	-1	-1	-1	0
1795	1877	1783	6	-1	-1	-1	0
1790	1880	1789	12	-1	-1	-1	0
1761	1849	1850	12	0	-1	-1	0
1791	1881	1790	0	-1	-1	-1	0
1852	1763	1850	12	-1	-1	-1	0
1764	1853	1848	12	-1	-1	-1	0
1852	1851	1763	12	-1	-1	-1	0
1882	1791	1793	0	-1	-1	-1	0
1855	1766	1846	12	-1	-1	-1	0
1789	1880	1799	12	-1	-1	-1	0
1764	1851	1853	12	-1	-1	-1	0
1792	1883	1793	0	-1	-1	-1	0
1794	1884	1792	0	-1	-1	-1	0
1868	1779	1826	1	-1	-1	-1	0
1854	1766	1855	12	-1	-1	-1	0
1826	1779	1872	1	-1	-1	-1	0
1886	1795	1796	6	-1	-1	-1	0
1857	1767	1854	12	-1	-1	-1	0
1767	1857	1856	12	-1	-1	-1	0
1797	1888	1796	6	-1	-1	-1	0
1856	1859	1768	12	-1	-1	-1	0
1889	1797	1798	12	-1	-1	-1	0
1768	1859	1858	12	-1	-1	-1	0
1885	1794	1807	12	-1	-1	-1	0
1858	1860	1769	12	-1	-1	-1	0
1861	1769	1860	12	-1	-1	-1	0
1891	1801	1799	12	-1	-1	-1	0
1770	1861	1862	12	-1	-1	-1	0
1770	1862	1863	12	-1	-1	-1	0
1802	1803	1893	12	-1	-1	-1	0
1771	1863	1864	12	-1	-1	-1	0
1864	1866	1772	12	-1	-1	-1	0
1865	1772	1866	12	-1	-1	-1	0
1798	1816	1889	12	-1	-1	-1	0
1814	1801	1892	12	-1	-1	-1	0
1897	1807	1808	12	-1	-1	-1	0
1868	1869	1775	1	-1	-1	-1	0
1870	1867	1776	1	-1	-1	-1	0
1821	1870	1823	1	-1	-1	-1	0
1802	1893	1819	12	-1	-1	-1	0
1778	1865	1871	1	-1	-1	-1	0
1808	1809	1898	12	-1	-1	-1	0
1869	1870	1776	1	-1	-1	-1	0
1811	1814	1892	12	-1	-1	-1	0
1825	1823	1869	1	-1	-1	-1	0
1810	1899	1809	12	-1	-1	-1	0
1868	1826	1825	1	-1	-1	-1	0
1896	1817	1806	12	-1	-1	-1	0
1811	1901	1810	12	-1	-1	-1	0
1780	1873	1872	1	-1	-1	-1	0
1872	1827	1826	1	-1	-1	-1	0
1873	1780	1874	1	-1	-1	-1	0
1812	1813	1902	12	-1	-1	-1	0
1828	1827	1873	1	-1	-1	-1	0
1902	1815	1812	12	-1	-1	-1	0
1782	1871	1876	1	-1	-1	-1	0
1875	1874	1781	1	-1	-1	-1	0
1876	1875	1782	1	-1	-1	-1	0
1903	1813	1818	12	-1	-1	-1	0
1815	1904	1816	12	-1	-1	-1	0
1817	1906	1818	12	-1	-1	-1	0
1877	1879	1784	6	-1	-1	-1	0
1878	1784	1879	6	-1	-1	-1	0
1806	1844	1895	12	-1	-1	-1	0
1820	1909	1821	1	-1	-1	-1	0
1880	1790	1881	12	-1	-1	-1	0
1910	1820	1822	1	-1	-1	-1	0
1882	1881	1791	0	-1	-1	-1	0
1852	1853	1851	12	-1	-1	-1	0
1824	1911	1822	1	-1	-1	-1	0
1883	1882	1793	0	-1	-1	-1	0
1795	1887	1877	6	-1	-1	-1	0
1792	1884	1883	0	-1	-1	-1	0
1825	1869	1868	1	-1	-1	-1	0
1870	1869	1823	1	-1	-1	-1	0
1884	1794	1885	0	-1	-1	-1	0
1867	1894	1803	12	-1	-1	-1	0
1908	1839	1819	12	-1	-1	-1	0
1886	1887	1795	6	-1	-1	-1	0
1828	1912	1830	1	-1	-1	-1	0
1799	1880	1891	12	-1	-1	-1	0
1886	1796	1888	6	-1	-1	-1	0
1836	1911	1824	1	-1	-1	-1	0
1872	1873	1827	1	-1	-1	-1	0
1830	1914	1829	1	-1	-1	-1	0
1888	1797	1890	6	-1	-1	-1	0
1890	1797	1889	12	-1	-1	-1	0
1832	1829	1915	1	-1	-1	-1	0
1831	1832	1918	1	-1	-1	-1	0
1919	1834	1831	12	-1	-1	-1	0
1801	1891	1892	12	-1	-1	-1	0
1833	1834	1921	12	-1	-1	-1	0
1807	1897	1885	12	-1	-1	-1	0
1893	1803	1894	12	-1	-1	-1	0
1836	1835	1924	12	-1	-1	-1	0
1835	1837	1924	12	-1	-1	-1	0
1922	1842	1833	12	-1	-1	-1	0
1896	1806	1895	12	-1	-1	-1	0
1909	1870	1821	1	-1	-1	-1	0
1837	1838	1926	12	-1	-1	-1	0
1808	1898	1897	12	-1	-1	-1	0
1838	1839	1926	12	-1	-1	-1	0
1811	1892	1901	12	-1	-1	-1	0
1900	1898	1809	12	-1	-1	-1	0
1809	1899	1900	12	-1	-1	-1	0
1816	1904	1889	12	-1	-1	-1	0
1841	1928	1840	12	-1	-1	-1	0
1899	1810	1901	12	-1	-1	-1	0
1929	1843	1840	12	-1	-1	-1	0
1930	1841	1842	12	-1	-1	-1	0
1873	1913	1828	1	-1	-1	-1	0
1813	1903	1902	12	-1	-1	-1	0
1906	1817	1896	12	-1	-1	-1	0
1844	1843	1932	12	-1	-1	-1	0
1819	1893	1908	12	-1	-1	-1	0
1902	1905	1815	12	-1	-1	-1	0
1815	1905	1904	12	-1	-1	-1	0
1936	1846	1845	12	-1	-1	-1	0
1907	1903	1818	12	-1	-1	-1	0
1938	1845	1847	12	-1	-1	-1	0
1818	1906	1907	12	-1	-1	-1	0
1848	1938	1847	12	-1	-1	-1	0
1909	1820	1910	1	-1	-1	-1	0
1939	1855	1846	12	-1	-1	-1	0
1850	1849	1942	12	-1	-1	-1	0
1853	1940	1848	12	-1	-1	-1	0
1911	1910	1822	1	-1	-1	-1	0
1852	1850	1943	12	-1	-1	-1	0
1909	1867	1870	1	-1	-1	-1	0
1853	1852	1944	12	-1	-1	-1	0
1912	1828	1913	1	-1	-1	-1	0
1854	1855	1945	12	-1	-1	-1	0
1946	1857	1854	12	-1	-1	-1	0
1914	1915	1829	1	-1	-1	-1	0
1830	1912	1917	1	-1	-1	-1	0
1914	1830	1916	1	-1	-1	-1	0
1913	1873	1874	1	-1	-1	-1	0
1857	1948	1856	12	-1	-1	-1	0
1948	1859	1856	12	-1	-1	-1	0
1916	1830	1917	1	-1	-1	-1	0
1832	1915	1920	1	-1	-1	-1	0
1831	1918	1919	1	-1	-1	-1	0
1918	1832	1920	1	-1	-1	-1	0
1858	1952	1860	12	-1	-1	-1	0
1894	1867	1909	1	-1	-1	-1	0
1859	1953	1858	12	-1	-1	-1	0
1911	1836	1925	1	-1	-1	-1	0
1839	1908	1927	12	-1	-1	-1	0
1844	1935	1895	12	-1	-1	-1	0
1921	1922	1833	12	-1	-1	-1	0
1861	1860	1955	12	-1	-1	-1	0
1919	1923	1834	12	-1	-1	-1	0
1834	1923	1921	12	-1	-1	-1	0
1862	1861	1956	12	-1	-1	-1	0
1862	1957	1863	12	-1	-1	-1	0
1890	1889	1904	12	-1	-1	-1	0
1836	1924	1925	1	-1	-1	-1	0
1960	1864	1863	12	-1	-1	-1	0
1926	1924	1837	12	-1	-1	-1	0
1866	1864	1961	12	-1	-1	-1	0
1839	1927	1926	12	-1	-1	-1	0
1865	1866	1962	1	-1	-1	-1	0
1922	1931	1842	12	-1	-1	-1	0
1929	1840	1928	12	-1	-1	-1	0
1871	1865	1962	1	-1	-1	-1	0
1930	1928	1841	12	-1	-1	-1	0
1930	1842	1931	12	-1	-1	-1	0
1929	1933	1843	12	-1	-1	-1	0
1843	1933	1932	12	-1	-1	-1	0
1905	1902	1903	12	-1	-1	-1	0
1934	1844	1932	12	-1	-1	-1	0
1876	1871	1964	1	-1	-1	-1	0
1910	1894	1909	1	-1	-1	-1	0
1844	1934	1935	12	-1	-1	-1	0
1874	1875	1966	1	-1	-1	-1	0
1937	1936	1845	12	-1	-1	-1	0
1967	1875	1876	1	-1	-1	-1	0
1845	1938	1937	12	-1	-1	-1	0
1939	1846	1936	12	-1	-1	-1	0
1877	1970	1879	6	-1	-1	-1	0
1848	1940	1938	12	-1	-1	-1	0
1879	1971	1878	6	-1	-1	-1	0
1941	1942	1849	12	-1	-1	0	0
1887	1970	1877	6	-1	-1	-1	0
1881	1974	1880	12	-1	-1	-1	0
1942	1943	1850	12	-1	-1	-1	0
1944	1940	1853	12	-1	-1	-1	0
1975	1881	1882	0	-1	-1	-1	0
1943	1944	1852	12	-1	-1	-1	0
1882	1883	1976	0	-1	-1	-1	0
1855	1939	1947	12	-1	-1	-1	0
1976	1883	1884	0	-1	-1	-1	0
1854	1945	1946	12	-1	-1	-1	0
1880	1974	1891	12	-1	-1	-1	0
1885	1977	1884	0	-1	-1	-1	0
1910	1911	1925	1	-1	-1	-1	0
1855	1947	1945	12	-1	-1	-1	0
1886	1979	1887	6	-1	-1	-1	0
1874	1965	1913	1	-1	-1	-1	0
1886	1888	1979	6	-1	-1	-1	0
1857	1946	1950	12	-1	-1	-1	0
1857	1951	1948	12	-1	-1	-1	0
1950	1949	1857	12	-1	-1	-1	0
1949	1951	1857	12	-1	-1	-1	0
1981	1888	1890	6	-1	-1	-1	0
1978	1885	1897	12	-1	-1	-1	0
1948	1954	1859	12	-1	-1	-1	0
1952	1858	1953	12	-1	-1	-1	0
1954	1953	1859	12	-1	-1	-1	0
1984	1892	1891	12	-1	-1	-1	0
1860	1952	1955	12	-1	-1	-1	0
1955	1956	1861	12	-1	-1	-1	0
1894	1985	1893	12	-1	-1	-1	0
1904	1982	1890	12	-1	-1	-1	0
1862	1956	1958	12	-1	-1	-1	0
1925	1924	1927	1	-1	-1	-1	0
1957	1862	1958	12	-1	-1	-1	0
1892	1984	1901	12	-1	-1	-1	0
1986	1896	1895	12	-1	-1	-1	0
1927	1924	1926	1	-1	-1	-1	0
1863	1957	1959	12	-1	-1	-1	0
1959	1960	1863	12	-1	-1	-1	0
1984	1899	1901	12	-1	-1	-1	0
1989	1897	1898	12	-1	-1	-1	0
1960	1961	1864	12	-1	-1	-1	0
1985	1908	1893	12	-1	-1	-1	0
1898	1900	1990	12	-1	-1	-1	0
1985	1894	1910	1	-1	-1	-1	0
1906	1896	1987	12	-1	-1	-1	0
1963	1866	1961	1	-1	-1	-1	0
1899	1991	1900	12	-1	-1	-1	0
1982	1904	1905	12	-1	-1	-1	0
1963	1962	1866	1	-1	-1	-1	0
1962	1964	1871	1	-1	-1	-1	0
1903	1993	1905	12	-1	-1	-1	0
1993	1903	1907	12	-1	-1	-1	0
1965	1874	1966	1	-1	-1	-1	0
1906	1994	1907	12	-1	-1	-1	0
1876	1964	1968	1	-1	-1	-1	0
1966	1875	1967	1	-1	-1	-1	0
1876	1969	1967	1	-1	-1	-1	0
1968	1969	1876	1	-1	-1	-1	0
1986	1895	1935	12	-1	-1	-1	0
1910	1925	1985	1	-1	-1	-1	0
1927	1908	1985	12	-1	-1	-1	0
1913	1996	1912	1	-1	-1	-1	0
1972	1971	1879	6	-1	-1	-1	0
1879	1970	1973	6	-1	-1	-1	0
1879	1973	1972	6	-1	-1	-1	0
1996	1917	1912	1	-1	-1	-1	0
1915	1914	1997	1	-1	-1	-1	0
1997	1914	1916	1	-1	-1	-1	0
1881	1975	1974	12	-1	-1	-1	0
1916	1917	1999	1	-1	-1	-1	0
1998	1920	1915	1	-1	-1	-1	0
1976	1975	1882	0	-1	-1	-1	0
1887	1980	1970	6	-1	-1	-1	0
1977	1976	1884	0	-1	-1	-1	0
1927	1985	1925	1	-1	-1	-1	0
1918	2003	1919	1	-1	-1	-1	0
1978	1977	1885	0	-1	-1	-1	0
2002	1918	1920	1	-1	-1	-1	0
1979	1980	1887	6	-1	-1	-1	0
1923	1919	2004	12	-1	-1	-1	0
1981	1979	1888	6	-1	-1	-1	0
1983	1891	1974	12	-1	-1	-1	0
2006	1921	1923	12	-1	-1	-1	0
2007	1922	1921	12	-1	-1	-1	0
1981	1890	1982	6	-1	-1	-1	0
1891	1983	1984	12	-1	-1	-1	0
1922	2008	1931	12	-1	-1	-1	0
1989	1978	1897	12	-1	-1	-1	0
1928	2010	1929	12	-1	-1	-1	0
2011	1928	1930	12	-1	-1	-1	0
1896	1986	1988	12	-1	-1	-1	0
1896	1988	1987	12	-1	-1	-1	0
1965	1996	1913	1	-1	-1	-1	0
1991	1899	1984	12	-1	-1	-1	0
1933	1929	2013	12	-1	-1	-1	0
1931	2014	1930	12	-1	-1	-1	0
1990	1989	1898	12	-1	-1	-1	0
1993	1982	1905	12	-1	-1	-1	0
1933	2015	1932	12	-1	-1	-1	0
2016	1934	1932	12	-1	-1	-1	0
1992	1990	1900	12	-1	-1	-1	0
1992	1900	1991	12	-1	-1	-1	0
1987	1994	1906	12	-1	-1	-1	0
1934	2019	1935	12	-1	-1	-1	0
1995	1993	1907	12	-1	-1	-1	0
1936	1937	2022	12	-1	-1	-1	0
2021	1939	1936	12	-1	-1	-1	0
1995	1907	1994	12	-1	-1	-1	0
2023	1937	1938	12	-1	-1	-1	0
1940	2025	1938	12	-1	-1	-1	0
1998	1915	1997	1	-1	-1	-1	0
1940	1944	2027	12	-1	-1	-1	0
1939	2026	1947	12	-1	-1	-1	0
1942	1941	2030	12	-1	-1	-1	0
1916	2000	1997	1	-1	-1	-1	0
2001	1917	1996	1	-1	-1	-1	0
1916	1999	2000	1	-1	-1	-1	0
1942	2031	1943	12	-1	-1	-1	0
2001	1999	1917	1	-1	-1	-1	0
2032	1944	1943	12	-1	-1	-1	0
1920	1998	2005	1	-1	-1	-1	0
2003	1918	2002	1	-1	-1	-1	0
1970	1980	1973	6	-1	-1	-1	0
1945	2033	1946	12	-1	-1	-1	0
1945	1947	2033	12	-1	-1	-1	0
1919	2003	2004	1	-1	-1	-1	0
1920	2005	2002	1	-1	-1	-1	0
1950	1946	2034	12	-1	-1	-1	0
2006	1923	2004	12	-1	-1	-1	0
2007	1921	2006	12	-1	-1	-1	0
1948	1951	2036	12	-1	-1	-1	0
2007	2009	1922	12	-1	-1	-1	0
1948	2036	1954	12	-1	-1	-1	0
2038	1951	1949	12	-1	-1	-1	0
1950	2039	1949	12	-1	-1	-1	0
2008	1922	2009	12	-1	-1	-1	0
1935	2020	1986	12	-1	-1	-1	0
2042	1952	1953	12	-1	-1	-1	0
1928	2011	2010	12	-1	-1	-1	0
2043	1955	1952	12	-1	-1	-1	0
1953	1954	2044	12	-1	-1	-1	0
2012	1929	2010	12	-1	-1	-1	0
1931	2008	2014	12	-1	-1	-1	0
1929	2012	2013	12	-1	-1	-1	0
2014	2011	1930	12	-1	-1	-1	0
1955	2047	1956	12	-1	-1	-1	0
2047	1958	1956	12	-1	-1	-1	0
1957	1958	2048	12	-1	-1	-1	0
1932	2015	2016	12	-1	-1	-1	0
1933	2013	2017	12	-1	-1	-1	0
2049	1959	1957	12	-1	-1	-1	0
1933	2017	2015	12	-1	-1	-1	0
2016	2018	1934	12	-1	-1	-1	0
1993	1995	1982	12	-1	-1	-1	0
2051	1960	1959	12	-1	-1	-1	0
2018	2019	1934	12	-1	-1	-1	0
2052	1961	1960	12	-1	-1	-1	0
2019	2020	1935	12	-1	-1	-1	0
2053	1963	1961	1	-1	-1	-1	0
1963	2054	1962	1	-1	-1	-1	0
2021	1936	2022	12	-1	-1	-1	0
2054	1964	1962	1	-1	-1	-1	0
1937	2024	2022	12	-1	-1	-1	0
2024	1937	2023	12	-1	-1	-1	0
1968	1964	2054	1	-1	-1	-1	0
1939	2021	2026	12	-1	-1	-1	0
2025	2023	1938	12	-1	-1	-1	0
1966	2056	1965	1	-1	-1	-1	0
1966	1967	2058	1	-1	-1	-1	0
2027	2025	1940	12	-1	-1	-1	0
2059	1967	1969	1	-1	-1	-1	0
2029	1941	2028	12	-1	0	-1	0
1969	1968	2061	1	-1	-1	-1	0
1941	2029	2030	12	-1	-1	-1	0
1942	2030	2031	12	-1	-1	-1	0
2032	2027	1944	12	-1	-1	-1	0
2063	1971	1972	6	-1	-1	-1	0
2032	1943	2031	12	-1	-1	-1	0
1973	2064	1972	6	-1	-1	-1	0
1947	2026	2035	12	-1	-1	-1	0
2034	1946	2033	12	-1	-1	-1	0
1947	2035	2033	12	-1	-1	-1	0
1974	1975	2069	12	-1	-1	-1	0
1996	1965	2057	1	-1	-1	-1	0
1980	2068	1973	6	-1	-1	-1	0
2070	1975	1976	0	-1	-1	-1	0
2034	2040	1950	12	-1	-1	-1	0
2038	1949	2037	12	-1	-1	-1	0
1976	1977	2071	0	-1	-1	-1	0
1949	2039	2037	12	-1	-1	-1	0
1977	1978	2071	0	-1	-1	-1	0
1974	2069	1983	12	-1	-1	-1	0
1951	2041	2036	12	-1	-1	-1	0
2040	2039	1950	12	-1	-1	-1	0
2038	2041	1951	12	-1	-1	-1	0
1980	1979	2073	6	-1	-1	-1	0
2073	1979	1981	6	-1	-1	-1	0
2036	2046	1954	12	-1	-1	-1	0
2042	2043	1952	12	-1	-1	-1	0
1981	1982	2075	6	-1	-1	-1	0
2044	2042	1953	12	-1	-1	-1	0
1978	1989	2072	12	-1	-1	-1	0
2076	1984	1983	12	-1	-1	-1	0
1954	2045	2044	12	-1	-1	-1	0
2045	1954	2046	12	-1	-1	-1	0
1955	2043	2047	12	-1	-1	-1	0
1989	1990	2072	12	-1	-1	-1	0
1984	2076	1991	12	-1	-1	-1	0
2077	1988	1986	12	-1	-1	-1	0
2075	1982	1995	6	-1	-1	-1	0
1988	2078	1987	12	-1	-1	-1	0
1957	2048	2049	12	-1	-1	-1	0
2050	1958	2047	12	-1	-1	-1	0
2050	2048	1958	12	-1	-1	-1	0
1959	2049	2051	12	-1	-1	-1	0
2079	1994	1987	12	-1	-1	-1	0
2051	2052	1960	12	-1	-1	-1	0
2082	1990	1992	12	-1	-1	-1	0
1991	2083	1992	12	-1	-1	-1	0
2053	1961	2052	1	-1	-1	-1	0
1995	1994	2079	12	-1	-1	-1	0
2055	1963	2053	1	-1	-1	-1	0
1963	2055	2054	1	-1	-1	-1	0
1965	2056	2057	1	-1	-1	-1	0
2058	2056	1966	1	-1	-1	-1	0
1998	1997	2086	1	-1	-1	-1	0
2060	1968	2054	1	-1	-1	-1	0
2001	1996	2085	1	-1	-1	-1	0
1986	2020	2077	12	-1	-1	-1	0
2000	2086	1997	1	-1	-1	-1	0
2059	2058	1967	1	-1	-1	-1	0
2088	2000	1999	12	-1	-1	-1	0
1968	2060	2061	1	-1	-1	-1	0
1999	2001	2089	12	-1	-1	-1	0
1969	2062	2059	1	-1	-1	-1	0
2005	1998	2087	1	-1	-1	-1	0
2061	2062	1969	1	-1	-1	-1	0
2002	2092	2003	1	-1	-1	-1	0
2092	2002	2005	1	-1	-1	-1	0
2003	2093	2004	1	-1	-1	-1	0
2063	1972	2065	6	-1	-1	-1	0
2064	2065	1972	6	-1	-1	-1	0
1973	2066	2064	6	-1	-1	-1	0
2006	2004	2094	12	-1	-1	-1	0
2067	2066	1973	6	-1	-1	-1	0
2067	1973	2068	6	-1	-1	-1	0
2006	2096	2007	12	-1	-1	-1	0
2009	2007	2097	12	-1	-1	-1	0
2070	2069	1975	12	-1	-1	-1	0
2099	2008	2009	12	-1	-1	-1	0
1976	2071	2070	0	-1	-1	-1	0
2008	2098	2014	12	-1	-1	-1	0
1978	2072	2071	0	-1	-1	-1	0
2074	2068	1980	6	-1	-1	-1	0
2101	2012	2010	12	-1	-1	-1	0
2102	2010	2011	12	-1	-1	-1	0
2073	2074	1980	6	-1	-1	-1	0
1983	2069	2076	12	-1	-1	-1	0
2104	2011	2014	12	-1	-1	-1	0
1981	2075	2073	6	-1	-1	-1	0
2012	2106	2013	12	-1	-1	-1	0
2107	2017	2013	12	-1	-1	-1	0
2085	1996	2057	1	-1	-1	-1	0
2108	2016	2015	12	-1	-1	-1	0
2108	2015	2017	12	-1	-1	-1	0
2016	2110	2018	12	-1	-1	-1	0
2072	1990	2082	12	-1	-1	-1	0
1987	2078	2079	12	-1	-1	-1	0
2078	1988	2080	12	-1	-1	-1	0
2077	2081	1988	12	-1	-1	-1	0
2080	1988	2081	12	-1	-1	-1	0
2018	2113	2019	12	-1	-1	-1	0
2083	1991	2076	12	-1	-1	-1	0
2062	2044	2045	12	-1	-1	-1	0
2114	2020	2019	12	-1	-1	-1	0
2084	2075	1995	6	-1	-1	-1	0
2082	1992	2083	12	-1	-1	-1	0
1995	2079	2084	6	-1	-1	-1	0
2022	2117	2021	12	-1	-1	-1	0
2021	2118	2026	12	-1	-1	-1	0
2024	2119	2022	12	-1	-1	-1	0
2044	2062	2061	12	-1	-1	-1	0
2060	2054	2055	1	-1	-1	-1	0
2023	2123	2024	12	-1	-1	-1	0
2087	1998	2086	1	-1	-1	-1	0
2023	2025	2124	12	-1	-1	-1	0
2000	2090	2086	12	-1	-1	-1	0
2089	2088	1999	12	-1	-1	-1	0
2085	2091	2001	12	-1	-1	-1	0
2000	2088	2090	12	-1	-1	-1	0
2027	2127	2025	12	-1	-1	-1	0
2089	2001	2091	12	-1	-1	-1	0
2005	2087	2095	1	-1	-1	-1	0
2092	2093	2003	1	-1	-1	-1	0
2026	2128	2035	12	-1	-1	-1	0
2132	2029	2028	12	-1	-1	-1	0
2130	2027	2032	12	-1	-1	-1	0
2004	2093	2094	1	-1	-1	-1	0
2092	2005	2095	1	-1	-1	-1	0
2133	2030	2029	12	-1	-1	-1	0
2030	2134	2031	12	-1	-1	-1	0
2006	2094	2096	12	-1	-1	-1	0
2032	2031	2135	12	-1	-1	-1	0
2097	2007	2096	12	-1	-1	-1	0
2034	2033	2137	12	-1	-1	-1	0
2137	2033	2035	12	-1	-1	-1	0
2098	2008	2099	12	-1	-1	-1	0
2009	2097	2100	12	-1	-1	-1	0
2009	2100	2099	12	-1	-1	-1	0
2138	2040	2034	12	-1	-1	-1	0
2020	2116	2077	12	-1	-1	-1	0
2010	2102	2101	12	-1	-1	-1	0
2098	2104	2014	12	-1	-1	-1	0
2103	2102	2011	12	-1	-1	-1	0
2041	2140	2036	12	-1	-1	-1	0
2039	2141	2037	12	-1	-1	-1	0
2103	2011	2104	12	-1	-1	-1	0
2143	2038	2037	12	-1	-1	-1	0
2105	2012	2101	12	-1	-1	-1	0
2046	2036	2140	12	-1	-1	-1	0
2012	2105	2106	12	-1	-1	-1	0
2145	2041	2038	12	-1	-1	-1	0
2040	2147	2039	12	-1	-1	-1	0
2106	2107	2013	12	-1	-1	-1	0
2016	2109	2110	12	-1	-1	-1	0
2111	2016	2108	12	-1	-1	-1	0
2017	2107	2112	12	-1	-1	-1	0
2043	2042	2151	12	-1	-1	-1	0
2109	2016	2111	12	-1	-1	-1	0
2151	2042	2044	12	-1	-1	-1	0
2017	2112	2108	12	-1	-1	-1	0
2113	2018	2110	12	-1	-1	-1	0
2153	2047	2043	12	-1	-1	-1	0
2019	2113	2114	12	-1	-1	-1	0
2046	2155	2045	12	-1	-1	-1	0
2115	2020	2114	12	-1	-1	-1	0
2020	2115	2116	12	-1	-1	-1	0
2044	2061	2151	12	-1	-1	-1	0
2117	2118	2021	12	-1	-1	-1	0
2047	2159	2050	12	-1	-1	-1	0
2161	2049	2048	12	-1	-1	-1	0
2048	2050	2160	12	-1	-1	-1	0
2117	2022	2120	12	-1	-1	-1	0
2119	2121	2022	12	-1	-1	-1	0
2162	2051	2049	12	-1	-1	-1	0
2022	2121	2120	12	-1	-1	-1	0
2156	2062	2045	12	-1	-1	-1	0
2052	2051	2164	12	-1	-1	-1	0
2122	2123	2023	12	-1	-1	-1	0
2126	2119	2024	12	-1	-1	-1	0
2122	2023	2124	12	-1	-1	-1	0
2165	2053	2052	1	-1	-1	-1	0
2024	2123	2125	12	-1	-1	-1	0
2118	2129	2026	12	-1	-1	-1	0
2055	2053	2166	1	-1	-1	-1	0
2024	2125	2126	12	-1	-1	-1	0
2124	2025	2127	12	-1	-1	-1	0
2059	2062	2156	1	-1	-1	-1	0
2168	2057	2056	1	-1	-1	-1	0
2167	2060	2055	1	-1	-1	-1	0
2129	2128	2026	12	-1	-1	-1	0
2056	2058	2169	1	-1	-1	-1	0
2130	2127	2027	12	-1	-1	-1	0
2169	2058	2059	1	-1	-1	-1	0
2132	2028	2131	12	-1	0	-1	0
2172	2061	2060	1	-1	-1	-1	0
2132	2133	2029	12	-1	-1	-1	0
2134	2030	2133	12	-1	-1	-1	0
2032	2135	2130	12	-1	-1	-1	0
2173	2063	2065	6	-1	-1	-1	0
2136	2031	2134	12	-1	-1	-1	0
2135	2031	2136	12	-1	-1	-1	0
2128	2139	2035	12	-1	-1	-1	0
2065	2064	2174	6	-1	-1	-1	0
2066	2174	2064	6	-1	-1	-1	0
2034	2137	2138	12	-1	-1	-1	0
2178	2066	2067	6	-1	-1	-1	0
2139	2137	2035	12	-1	-1	-1	0
2057	2170	2085	1	-1	-1	-1	0
2068	2180	2067	6	-1	-1	-1	0
2037	2141	2142	12	-1	-1	-1	0
2070	2182	2069	12	-1	-1	-1	0
2143	2037	2142	12	-1	-1	-1	0
2181	2068	2074	6	-1	-1	-1	0
2183	2070	2071	0	-1	-1	-1	0
2144	2038	2143	12	-1	-1	-1	0
2040	2138	2148	12	-1	-1	-1	0
2146	2141	2039	12	-1	-1	-1	0
2071	2072	2183	0	-1	-1	-1	0
2069	2182	2076	12	-1	-1	-1	0
2144	2145	2038	12	-1	-1	-1	0
2150	2140	2041	12	-1	-1	-1	0
2112	2111	2108	12	-1	-1	-1	0
2074	2073	2185	6	-1	-1	-1	0
2039	2147	2146	12	-1	-1	-1	0
2184	2073	2075	6	-1	-1	-1	0
2041	2145	2149	12	-1	-1	-1	0
2040	2148	2147	12	-1	-1	-1	0
2082	2183	2072	0	-1	-1	-1	0
2041	2149	2150	12	-1	-1	-1	0
2182	2083	2076	12	-1	-1	-1	0
2084	2184	2075	6	-1	-1	-1	0
2157	2046	2140	12	-1	-1	-1	0
2078	2187	2079	6	-1	-1	-1	0
2081	2077	2186	12	-1	-1	-1	0
2188	2078	2080	6	-1	-1	-1	0
2151	2152	2043	12	-1	-1	-1	0
2043	2152	2153	12	-1	-1	-1	0
2082	2083	2183	12	-1	-1	-1	0
2187	2084	2079	6	-1	-1	-1	0
2189	2080	2081	6	-1	-1	-1	0
2154	2045	2155	12	-1	-1	-1	0
2045	2154	2156	12	-1	-1	-1	0
2159	2047	2153	12	-1	-1	-1	0
2046	2158	2155	12	-1	-1	-1	0
2157	2158	2046	12	-1	-1	-1	0
2086	2194	2087	12	-1	-1	-1	0
2160	2161	2048	12	-1	-1	-1	0
2085	2193	2091	12	-1	-1	-1	0
2194	2086	2090	12	-1	-1	-1	0
2050	2159	2163	12	-1	-1	-1	0
2049	2161	2162	12	-1	-1	-1	0
2050	2163	2160	12	-1	-1	-1	0
2196	2088	2089	12	-1	-1	-1	0
2196	2090	2088	12	-1	-1	-1	0
2095	2087	2195	12	-1	-1	-1	0
2089	2091	2197	12	-1	-1	-1	0
2164	2051	2162	12	-1	-1	-1	0
2116	2186	2077	12	-1	-1	-1	0
2165	2052	2164	1	-1	-1	-1	0
2172	2151	2061	12	-1	-1	-1	0
2165	2166	2053	1	-1	-1	-1	0
2059	2156	2171	1	-1	-1	-1	0
2103	2194	2090	12	-1	-1	-1	0
2093	2092	2202	1	-1	-1	-1	0
2092	2095	2201	1	-1	-1	-1	0
2166	2167	2055	1	-1	-1	-1	0
2094	2093	2202	1	-1	-1	-1	0
2090	2198	2103	12	-1	-1	-1	0
2169	2168	2056	1	-1	-1	-1	0
2096	2094	2203	12	-1	-1	-1	0
2057	2168	2170	1	-1	-1	-1	0
2097	2096	2203	12	-1	-1	-1	0
2169	2059	2171	1	-1	-1	-1	0
2172	2060	2167	1	-1	-1	-1	0
2104	2194	2103	12	-1	-1	-1	0
2100	2097	2205	12	-1	-1	-1	0
2103	2198	2102	12	-1	-1	-1	0
2099	2207	2098	12	-1	-1	-1	0
2099	2100	2208	12	-1	-1	-1	0
2098	2206	2104	12	-1	-1	-1	0
2209	2101	2102	12	-1	-1	-1	0
2175	2173	2065	6	-1	-1	-1	0
2176	2065	2174	6	-1	-1	-1	0
2105	2101	2209	12	-1	-1	-1	0
2176	2175	2065	6	-1	-1	-1	0
2177	2174	2066	6	-1	-1	-1	0
2177	2066	2178	6	-1	-1	-1	0
2106	2105	2211	7	-1	-1	-1	0
2067	2179	2178	6	-1	-1	-1	0
2213	2107	2106	7	-1	-1	-1	0
2179	2067	2180	6	-1	-1	-1	0
2068	2181	2180	6	-1	-1	-1	0
2112	2107	2214	7	-1	-1	-1	0
2110	2109	2215	12	-1	-1	-1	0
2183	2182	2070	12	-1	-1	-1	0
2109	2111	2216	7	-1	-1	-1	0
2074	2185	2181	6	-1	-1	-1	0
2113	2110	2218	12	-1	-1	-1	0
2073	2184	2185	6	-1	-1	-1	0
2221	2111	2112	7	-1	-1	-1	0
2150	2157	2140	12	-1	-1	-1	0
2085	2170	2193	12	-1	-1	-1	0
2083	2182	2183	12	-1	-1	-1	0
2114	2113	2223	12	-1	-1	-1	0
2114	2223	2115	12	-1	-1	-1	0
2188	2187	2078	6	-1	-1	-1	0
2224	2116	2115	12	-1	-1	-1	0
2188	2080	2189	6	-1	-1	-1	0
2186	2190	2081	6	-1	-1	-1	0
2084	2191	2184	6	-1	-1	-1	0
2189	2081	2190	6	-1	-1	-1	0
2118	2117	2227	12	-1	-1	-1	0
2192	2084	2187	6	-1	-1	-1	0
2227	2117	2120	12	-1	-1	-1	0
2192	2191	2084	6	-1	-1	-1	0
2229	2121	2119	12	-1	-1	-1	0
2121	2231	2120	12	-1	-1	-1	0
2126	2229	2119	12	-1	-1	-1	0
2118	2228	2129	12	-1	-1	-1	0
2172	2152	2151	12	-1	-1	-1	0
2195	2087	2194	12	-1	-1	-1	0
2122	2233	2123	12	-1	-1	-1	0
2124	2234	2122	12	-1	-1	-1	0
2196	2089	2197	12	-1	-1	-1	0
2235	2125	2123	12	-1	-1	-1	0
2199	2091	2193	12	-1	-1	-1	0
2198	2090	2196	12	-1	-1	-1	0
2124	2127	2236	12	-1	-1	-1	0
2200	2197	2091	12	-1	-1	-1	0
2125	2238	2126	12	-1	-1	-1	0
2091	2199	2200	12	-1	-1	-1	0
2236	2127	2130	12	-1	-1	-1	0
2194	2104	2195	12	-1	-1	-1	0
2204	2095	2195	12	-1	-1	-1	0
2092	2201	2202	1	-1	-1	-1	0
2129	2240	2128	12	-1	-1	-1	0
2202	2203	2094	1	-1	-1	-1	0
2095	2204	2201	12	-1	-1	-1	0
2206	2195	2104	12	-1	-1	-1	0
2203	2205	2097	12	-1	-1	-1	0
2240	2139	2128	12	-1	-1	-1	0
2243	2130	2135	12	-1	-1	-1	0
2245	2132	2131	12	-1	-1	-1	0
2210	2102	2198	12	-1	-1	-1	0
2098	2207	2206	12	-1	-1	-1	0
2133	2132	2247	12	-1	-1	-1	0
2100	2205	2208	12	-1	-1	-1	0
2099	2208	2207	12	-1	-1	-1	0
2248	2134	2133	12	-1	-1	-1	0
2248	2136	2134	12	-1	-1	-1	0
2135	2136	2249	12	-1	-1	-1	0
2210	2209	2102	12	-1	-1	-1	0
2105	2209	2212	7	-1	-1	-1	0
2251	2138	2137	12	-1	-1	-1	0
2137	2139	2251	12	-1	-1	-1	0
2186	2116	2226	12	-1	-1	-1	0
2211	2105	2212	7	-1	-1	-1	0
2213	2106	2211	7	-1	-1	-1	0
2107	2213	2214	7	-1	-1	-1	0
2251	2148	2138	12	-1	-1	-1	0
2142	2141	2255	12	-1	-1	-1	0
2141	2146	2254	12	-1	-1	-1	0
2109	2217	2215	7	-1	-1	-1	0
2143	2142	2257	2	-1	-1	-1	0
2217	2109	2216	7	-1	-1	-1	0
2219	2110	2215	12	-1	-1	-1	0
2143	2259	2144	2	-1	-1	-1	0
2218	2110	2219	12	-1	-1	-1	0
2111	2220	2216	7	-1	-1	-1	0
2214	2221	2112	7	-1	-1	-1	0
2145	2144	2261	12	-1	-1	-1	0
2111	2221	2220	7	-1	-1	-1	0
2113	2218	2222	12	-1	-1	-1	0
2262	2149	2145	12	-1	-1	-1	0
2113	2222	2223	12	-1	-1	-1	0
2146	2147	2265	12	-1	-1	-1	0
2191	2185	2184	6	-1	-1	-1	0
2147	2148	2266	12	-1	-1	-1	0
2223	2225	2115	12	-1	-1	-1	0
2115	2225	2224	12	-1	-1	-1	0
2116	2224	2226	12	-1	-1	-1	0
2188	2192	2187	6	-1	-1	-1	0
2150	2149	2269	12	-1	-1	-1	0
2227	2228	2118	12	-1	-1	-1	0
2152	2271	2153	12	-1	-1	-1	0
2230	2227	2120	12	-1	-1	-1	0
2157	2150	2270	12	-1	-1	-1	0
2230	2120	2231	12	-1	-1	-1	0
2121	2229	2232	12	-1	-1	-1	0
2121	2232	2231	12	-1	-1	-1	0
2156	2154	2274	12	-1	-1	-1	0
2159	2153	2273	12	-1	-1	-1	0
2276	2154	2155	12	-1	-1	-1	0
2234	2233	2122	12	-1	-1	-1	0
2158	2277	2155	12	-1	-1	-1	0
2235	2123	2233	12	-1	-1	-1	0
2279	2158	2157	12	-1	-1	-1	0
2239	2229	2126	12	-1	-1	-1	0
2234	2124	2237	12	-1	-1	-1	0
2272	2152	2172	12	-1	-1	-1	0
2124	2236	2237	12	-1	-1	-1	0
2125	2235	2238	12	-1	-1	-1	0
2228	2242	2129	12	-1	-1	-1	0
2239	2126	2238	12	-1	-1	-1	0
2161	2160	2283	12	-1	-1	-1	0
2163	2159	2282	12	-1	-1	-1	0
2198	2196	2210	12	-1	-1	-1	0
2204	2195	2206	12	-1	-1	-1	0
2278	2171	2156	1	-1	-1	-1	0
2283	2160	2163	12	-1	-1	-1	0
2284	2162	2161	12	-1	-1	-1	0
2130	2243	2236	12	-1	-1	-1	0
2284	2164	2162	12	-1	-1	-1	0
2241	2240	2129	12	-1	-1	-1	0
2172	2167	2272	1	-1	-1	-1	0
2241	2129	2242	12	-1	-1	-1	0
2165	2164	2286	1	-1	-1	-1	0
2207	2204	2206	12	-1	-1	-1	0
2166	2165	2288	1	-1	-1	-1	0
2244	2245	2131	12	-1	-1	0	0
2288	2167	2166	1	-1	-1	-1	0
2246	2132	2245	12	-1	-1	-1	0
2132	2246	2247	12	-1	-1	-1	0
2135	2249	2243	12	-1	-1	-1	0
2168	2289	2170	1	-1	-1	-1	0
2290	2168	2169	1	-1	-1	-1	0
2248	2133	2247	12	-1	-1	-1	0
2169	2171	2291	1	-1	-1	-1	0
2139	2240	2253	12	-1	-1	-1	0
2136	2248	2250	12	-1	-1	-1	0
2249	2136	2250	12	-1	-1	-1	0
2173	2175	2294	6	-1	-1	-1	0
2252	2251	2139	12	-1	-1	-1	0
2253	2252	2139	12	-1	-1	-1	0
2295	2176	2174	6	-1	-1	-1	0
2295	2174	2177	6	-1	-1	-1	0
2297	2175	2176	6	-1	-1	-1	0
2141	2254	2255	12	-1	-1	-1	0
2256	2142	2255	2	-1	-1	-1	0
2170	2292	2193	12	-1	-1	-1	0
2178	2300	2177	7	-1	-1	-1	0
2142	2256	2257	2	-1	-1	-1	0
2301	2178	2179	7	-1	-1	-1	0
2257	2258	2143	2	-1	-1	-1	0
2259	2143	2258	2	-1	-1	-1	0
2179	2180	2302	6	-1	-1	-1	0
2260	2144	2259	2	-1	-1	-1	0
2264	2254	2146	12	-1	-1	-1	0
2261	2144	2260	2	-1	-1	-1	0
2181	2305	2180	6	-1	-1	-1	0
2267	2148	2251	12	-1	-1	-1	0
2261	2263	2145	12	-1	-1	-1	0
2262	2145	2263	12	-1	-1	-1	0
2305	2181	2185	6	-1	-1	-1	0
2264	2146	2265	12	-1	-1	-1	0
2266	2265	2147	12	-1	-1	-1	0
2149	2262	2268	12	-1	-1	-1	0
2185	2191	2305	6	-1	-1	-1	0
2267	2266	2148	12	-1	-1	-1	0
2190	2186	2306	6	-1	-1	-1	0
2188	2189	2307	6	-1	-1	-1	0
2268	2269	2149	12	-1	-1	-1	0
2190	2308	2189	6	-1	-1	-1	0
2192	2188	2307	6	-1	-1	-1	0
2269	2270	2150	12	-1	-1	-1	0
2310	2191	2192	6	-1	-1	-1	0
2272	2271	2152	12	-1	-1	-1	0
2153	2271	2273	12	-1	-1	-1	0
2275	2274	2154	12	-1	-1	-1	0
2154	2276	2275	12	-1	-1	-1	0
2199	2193	2313	12	-1	-1	-1	0
2157	2270	2279	12	-1	-1	-1	0
2314	2196	2197	12	-1	-1	-1	0
2277	2276	2155	12	-1	-1	-1	0
2156	2274	2278	1	-1	-1	-1	0
2314	2197	2200	12	-1	-1	-1	0
2273	2282	2159	12	-1	-1	-1	0
2199	2316	2200	12	-1	-1	-1	0
2281	2277	2158	12	-1	-1	-1	0
2279	2280	2158	12	-1	-1	-1	0
2306	2186	2226	6	-1	-1	-1	0
2158	2280	2281	12	-1	-1	-1	0
2314	2210	2196	12	-1	-1	-1	0
2202	2201	2319	1	-1	-1	-1	0
2201	2204	2318	12	-1	-1	-1	0
2202	2319	2203	1	-1	-1	-1	0
2167	2288	2272	1	-1	-1	-1	0
2319	2205	2203	1	-1	-1	-1	0
2283	2284	2161	12	-1	-1	-1	0
2318	2204	2207	12	-1	-1	-1	0
2163	2282	2285	12	-1	-1	-1	0
2285	2283	2163	12	-1	-1	-1	0
2205	2319	2208	12	-1	-1	-1	0
2207	2208	2318	12	-1	-1	-1	0
2286	2164	2284	1	-1	-1	-1	0
2287	2165	2286	1	-1	-1	-1	0
2320	2209	2210	12	-1	-1	-1	0
2165	2287	2288	1	-1	-1	-1	0
2171	2278	2293	1	-1	-1	-1	0
2321	2212	2209	7	-1	-1	-1	0
2212	2322	2211	7	-1	-1	-1	0
2213	2211	2322	7	-1	-1	-1	0
2289	2168	2290	1	-1	-1	-1	0
2290	2169	2291	1	-1	-1	-1	0
2289	2292	2170	12	-1	-1	-1	0
2214	2213	2324	7	-1	-1	-1	0
2291	2171	2293	1	-1	-1	-1	0
2215	2217	2326	7	-1	-1	-1	0
2327	2217	2216	7	-1	-1	-1	0
2325	2221	2214	7	-1	-1	-1	0
2326	2219	2215	7	-1	-1	-1	0
2220	2327	2216	7	-1	-1	-1	0
2296	2294	2175	6	-1	-1	-1	0
2329	2218	2219	12	-1	-1	-1	0
2175	2297	2296	6	-1	-1	-1	0
2176	2295	2298	6	-1	-1	-1	0
2329	2222	2218	12	-1	-1	-1	0
2299	2295	2177	7	-1	-1	-1	0
2298	2297	2176	6	-1	-1	-1	0
2221	2331	2220	7	-1	-1	-1	0
2299	2177	2300	7	-1	-1	-1	0
2332	2223	2222	12	-1	-1	-1	0
2300	2178	2301	7	-1	-1	-1	0
2223	2334	2225	12	-1	-1	-1	0
2179	2303	2301	7	-1	-1	-1	0
2224	2225	2335	12	-1	-1	-1	0
2303	2179	2302	7	-1	-1	-1	0
2335	2226	2224	12	-1	-1	-1	0
2180	2304	2302	6	-1	-1	-1	0
2304	2180	2305	6	-1	-1	-1	0
2228	2227	2338	12	-1	-1	-1	0
2230	2338	2227	12	-1	-1	-1	0
2193	2292	2313	12	-1	-1	-1	0
2229	2339	2232	12	-1	-1	-1	0
2231	2341	2230	2	-1	-1	-1	0
2308	2307	2189	6	-1	-1	-1	0
2306	2309	2190	6	-1	-1	-1	0
2342	2231	2232	2	-1	-1	-1	0
2229	2239	2339	12	-1	-1	-1	0
2309	2308	2190	6	-1	-1	-1	0
2311	2305	2191	6	-1	-1	-1	0
2338	2242	2228	12	-1	-1	-1	0
2192	2307	2312	6	-1	-1	-1	0
2191	2310	2311	6	-1	-1	-1	0
2345	2233	2234	12	-1	-1	-1	0
2312	2310	2192	6	-1	-1	-1	0
2346	2235	2233	12	-1	-1	-1	0
2348	2234	2237	12	-1	-1	-1	0
2238	2235	2349	12	-1	-1	-1	0
2350	2237	2236	12	-1	-1	-1	0
2199	2313	2315	12	-1	-1	-1	0
2350	2236	2243	12	-1	-1	-1	0
2315	2316	2199	12	-1	-1	-1	0
2353	2239	2238	12	-1	-1	-1	0
2314	2200	2317	12	-1	-1	-1	0
2317	2200	2316	12	-1	-1	-1	0
2240	2241	2355	12	-1	-1	-1	0
2319	2201	2318	12	-1	-1	-1	0
2357	2241	2242	2	-1	-1	-1	0
2314	2320	2210	12	-1	-1	-1	0
2319	2318	2208	12	-1	-1	-1	0
2355	2253	2240	12	-1	-1	-1	0
2245	2244	2360	12	-1	-1	-1	0
2209	2320	2321	7	-1	-1	-1	0
2249	2359	2243	12	-1	-1	-1	0
2284	2283	2285	1	-1	-1	-1	0
2246	2245	2362	12	-1	-1	-1	0
2286	2284	2285	1	-1	-1	-1	0
2247	2246	2363	12	-1	-1	-1	0
2212	2321	2323	7	-1	-1	-1	0
2212	2323	2322	7	-1	-1	-1	0
2213	2322	2324	7	-1	-1	-1	0
2365	2248	2247	12	-1	-1	-1	0
2324	2325	2214	7	-1	-1	-1	0
2248	2365	2250	12	-1	-1	-1	0
2367	2249	2250	12	-1	-1	-1	0
2337	2306	2226	6	-1	-1	-1	0
2328	2326	2217	7	-1	-1	-1	0
2328	2217	2327	7	-1	-1	-1	0
2369	2251	2252	12	-1	-1	-1	0
2219	2326	2330	7	-1	-1	-1	0
2252	2253	2370	12	-1	-1	-1	0
2221	2325	2331	7	-1	-1	-1	0
2219	2330	2329	7	-1	-1	-1	0
2331	2327	2220	7	-1	-1	-1	0
2372	2255	2254	12	-1	-1	-1	0
2222	2329	2333	12	-1	-1	-1	0
2255	2373	2256	2	-1	-1	-1	0
2332	2222	2333	12	-1	-1	-1	0
2251	2369	2267	12	-1	-1	-1	0
2375	2257	2256	2	-1	-1	-1	0
2334	2223	2332	12	-1	-1	-1	0
2254	2264	2372	12	-1	-1	-1	0
2258	2257	2376	2	-1	-1	-1	0
2334	2336	2225	12	-1	-1	-1	0
2378	2259	2258	2	-1	-1	-1	0
2335	2225	2336	12	-1	-1	-1	0
2226	2335	2337	6	-1	-1	-1	0
2259	2380	2260	2	-1	-1	-1	0
2260	2381	2261	2	-1	-1	-1	0
2261	2383	2263	12	-1	-1	-1	0
2340	2338	2230	2	-1	-1	-1	0
2263	2385	2262	12	-1	-1	-1	0
2340	2230	2341	2	-1	-1	-1	0
2231	2342	2341	2	-1	-1	-1	0
2232	2339	2343	2	-1	-1	-1	0
2385	2268	2262	12	-1	-1	-1	0
2387	2264	2265	12	-1	-1	-1	0
2232	2343	2342	2	-1	-1	-1	0
2265	2266	2389	12	-1	-1	-1	0
2305	2311	2304	6	-1	-1	-1	0
2233	2345	2344	12	-1	-1	-1	0
2344	2346	2233	12	-1	-1	-1	0
2390	2266	2267	12	-1	-1	-1	0
2347	2345	2234	12	-1	-1	-1	0
2268	2392	2269	12	-1	-1	-1	0
2348	2347	2234	12	-1	-1	-1	0
2349	2235	2346	12	-1	-1	-1	0
2239	2353	2339	12	-1	-1	-1	0
2270	2269	2394	12	-1	-1	-1	0
2237	2352	2348	12	-1	-1	-1	0
2338	2358	2242	2	-1	-1	-1	0
2351	2237	2350	12	-1	-1	-1	0
2397	2271	2272	12	-1	-1	-1	0
2237	2351	2352	12	-1	-1	-1	0
2349	2354	2238	12	-1	-1	-1	0
2397	2273	2271	12	-1	-1	-1	0
2270	2396	2279	12	-1	-1	-1	0
2353	2238	2354	12	-1	-1	-1	0
2274	2275	2400	12	-1	-1	-1	0
2274	2399	2278	1	-1	-1	-1	0
2243	2359	2350	12	-1	-1	-1	0
2356	2355	2241	2	-1	-1	-1	0
2402	2275	2276	12	-1	-1	-1	0
2273	2398	2282	12	-1	-1	-1	0
2357	2356	2241	2	-1	-1	-1	0
2358	2357	2242	2	-1	-1	-1	0
2272	2288	2397	1	-1	-1	-1	0
2277	2404	2276	12	-1	-1	-1	0
2405	2277	2281	12	-1	-1	-1	0
2361	2360	2244	12	-1	-1	0	0
2282	2398	2285	12	-1	-1	-1	0
2245	2360	2362	12	-1	-1	-1	0
2408	2280	2279	12	-1	-1	-1	0
2286	2285	2398	1	-1	-1	-1	0
2398	2287	2286	1	-1	-1	-1	0
2364	2246	2362	12	-1	-1	-1	0
2280	2411	2281	12	-1	-1	-1	0
2288	2287	2397	1	-1	-1	-1	0
2363	2246	2364	12	-1	-1	-1	0
2366	2359	2249	12	-1	-1	-1	0
2247	2363	2365	12	-1	-1	-1	0
2293	2278	2406	1	-1	-1	-1	0
2355	2371	2253	12	-1	-1	-1	0
2366	2249	2367	12	-1	-1	-1	0
2368	2250	2365	12	-1	-1	-1	0
2368	2367	2250	12	-1	-1	-1	0
2252	2370	2369	12	-1	-1	-1	0
2289	2290	2415	1	-1	-1	-1	0
2371	2370	2253	12	-1	-1	-1	0
2292	2289	2414	12	-1	-1	-1	0
2291	2416	2290	1	-1	-1	-1	0
2291	2293	2416	1	-1	-1	-1	0
2373	2255	2372	2	-1	-1	-1	0
2256	2373	2374	2	-1	-1	-1	0
2256	2374	2375	2	-1	-1	-1	0
2376	2257	2375	2	-1	-1	-1	0
2294	2296	2419	6	-1	-1	-1	0
2377	2258	2376	2	-1	-1	-1	0
2295	2420	2298	7	-1	-1	-1	0
2258	2377	2378	2	-1	-1	-1	0
2297	2421	2296	6	-1	-1	-1	0
2420	2295	2299	7	-1	-1	-1	0
2259	2378	2379	2	-1	-1	-1	0
2259	2379	2380	2	-1	-1	-1	0
2298	2423	2297	6	-1	-1	-1	0
2260	2380	2382	2	-1	-1	-1	0
2417	2313	2292	12	-1	-1	-1	0
2381	2260	2382	2	-1	-1	-1	0
2425	2299	2300	7	-1	-1	-1	0
2388	2372	2264	12	-1	-1	-1	0
2381	2384	2261	2	-1	-1	-1	0
2391	2267	2369	12	-1	-1	-1	0
2383	2261	2384	2	-1	-1	-1	0
2300	2301	2428	7	-1	-1	-1	0
2301	2303	2428	7	-1	-1	-1	0
2383	2386	2263	12	-1	-1	-1	0
2386	2385	2263	12	-1	-1	-1	0
2430	2303	2302	7	-1	-1	-1	0
2338	2340	2358	2	-1	-1	-1	0
2431	2302	2304	6	-1	-1	-1	0
2387	2388	2264	12	-1	-1	-1	0
2389	2387	2265	12	-1	-1	-1	0
2390	2389	2266	12	-1	-1	-1	0
2304	2311	2431	6	-1	-1	-1	0
2268	2385	2393	12	-1	-1	-1	0
2391	2390	2267	12	-1	-1	-1	0
2306	2435	2309	6	-1	-1	-1	0
2308	2436	2307	6	-1	-1	-1	0
2268	2393	2392	12	-1	-1	-1	0
2308	2309	2437	6	-1	-1	-1	0
2436	2312	2307	6	-1	-1	-1	0
2395	2269	2392	12	-1	-1	-1	0
2394	2269	2395	12	-1	-1	-1	0
2438	2311	2310	6	-1	-1	-1	0
2394	2396	2270	12	-1	-1	-1	0
2312	2438	2310	6	-1	-1	-1	0
2273	2397	2398	12	-1	-1	-1	0
2315	2313	2442	12	-1	-1	-1	0
2399	2274	2400	1	-1	-1	-1	0
2317	2443	2314	12	-1	-1	-1	0
2444	2316	2315	12	-1	-1	-1	0
2275	2401	2400	12	-1	-1	-1	0
2358	2340	2378	2	-1	-1	-1	0
2320	2314	2443	12	-1	-1	-1	0
2337	2434	2306	6	-1	-1	-1	0
2275	2402	2401	12	-1	-1	-1	0
2316	2445	2317	12	-1	-1	-1	0
2276	2403	2402	12	-1	-1	-1	0
2279	2396	2407	12	-1	-1	-1	0
2397	2287	2398	1	-1	-1	-1	0
2406	2278	2399	1	-1	-1	-1	0
2403	2276	2404	12	-1	-1	-1	0
2277	2405	2404	12	-1	-1	-1	0
2321	2320	2446	7	-1	-1	-1	0
2356	2357	2376	2	-1	-1	-1	0
2321	2447	2323	7	-1	-1	-1	0
2377	2357	2358	2	-1	-1	-1	0
2279	2407	2408	12	-1	-1	-1	0
2323	2450	2322	7	-1	-1	-1	0
2324	2322	2449	7	-1	-1	-1	0
2280	2408	2410	12	-1	-1	-1	0
2413	2405	2281	12	-1	-1	-1	0
2280	2410	2409	12	-1	-1	-1	0
2409	2411	2280	12	-1	-1	-1	0
2325	2324	2452	7	-1	-1	-1	0
2281	2411	2412	12	-1	-1	-1	0
2413	2281	2412	12	-1	-1	-1	0
2375	2356	2376	2	-1	-1	-1	0
2331	2325	2453	7	-1	-1	-1	0
2328	2455	2326	7	-1	-1	-1	0
2377	2376	2357	2	-1	-1	-1	0
2455	2330	2326	7	-1	-1	-1	0
2328	2327	2456	7	-1	-1	-1	0
2358	2378	2377	2	-1	-1	-1	0
2331	2456	2327	7	-1	-1	-1	0
2406	2418	2293	1	-1	-1	-1	0
2459	2329	2330	7	-1	-1	-1	0
2289	2415	2414	12	-1	-1	-1	0
2290	2416	2415	1	-1	-1	-1	0
2459	2333	2329	7	-1	-1	-1	0
2417	2292	2414	12	-1	-1	-1	0
2333	2461	2332	12	-1	-1	-1	0
2418	2416	2293	1	-1	-1	-1	0
2461	2334	2332	12	-1	-1	-1	0
2334	2461	2336	12	-1	-1	-1	0
2335	2336	2463	6	-1	-1	-1	0
2337	2335	2463	6	-1	-1	-1	0
2419	2296	2421	6	-1	-1	-1	0
2422	2421	2297	6	-1	-1	-1	0
2424	2298	2420	7	-1	-1	-1	0
2297	2423	2422	6	-1	-1	-1	0
2298	2424	2423	7	-1	-1	-1	0
2299	2426	2420	7	-1	-1	-1	0
2465	2343	2339	2	-1	-1	-1	0
2340	2341	2466	2	-1	-1	-1	0
2468	2341	2342	2	-1	-1	-1	0
2299	2425	2427	7	-1	-1	-1	0
2426	2299	2427	7	-1	-1	-1	0
2343	2469	2342	2	-1	-1	-1	0
2429	2425	2300	7	-1	-1	-1	0
2428	2429	2300	7	-1	-1	-1	0
2465	2339	2353	2	-1	-1	-1	0
2344	2345	2471	12	-1	-1	-1	0
2344	2472	2346	12	-1	-1	-1	0
2302	2431	2430	7	-1	-1	-1	0
2428	2303	2433	7	-1	-1	-1	0
2432	2303	2430	7	-1	-1	-1	0
2345	2347	2474	12	-1	-1	-1	0
2303	2432	2433	7	-1	-1	-1	0
2476	2349	2346	12	-1	-1	-1	0
2348	2477	2347	12	-1	-1	-1	0
2442	2313	2417	12	-1	-1	-1	0
2306	2434	2435	6	-1	-1	-1	0
2348	2352	2478	12	-1	-1	-1	0
2431	2311	2439	6	-1	-1	-1	0
2437	2436	2308	6	-1	-1	-1	0
2437	2309	2435	6	-1	-1	-1	0
2354	2349	2479	12	-1	-1	-1	0
2481	2351	2350	12	-1	-1	-1	0
2340	2466	2378	2	-1	-1	-1	0
2352	2351	2484	12	-1	-1	-1	0
2311	2438	2439	6	-1	-1	-1	0
2480	2350	2359	12	-1	-1	-1	0
2312	2436	2441	6	-1	-1	-1	0
2438	2312	2440	6	-1	-1	-1	0
2312	2441	2440	6	-1	-1	-1	0
2353	2354	2487	2	-1	-1	-1	0
2489	2355	2356	2	-1	-1	-1	0
2442	2444	2315	12	-1	-1	-1	0
2444	2445	2316	12	-1	-1	-1	0
2445	2443	2317	12	-1	-1	-1	0
2443	2446	2320	7	-1	-1	-1	0
2491	2360	2361	12	-1	-1	-1	0
2362	2360	2491	12	-1	-1	-1	0
2321	2446	2448	7	-1	-1	-1	0
2490	2359	2366	12	-1	-1	-1	0
2371	2355	2489	2	-1	-1	-1	0
2321	2448	2447	7	-1	-1	-1	0
2489	2356	2375	2	-1	-1	-1	0
2364	2362	2495	12	-1	-1	-1	0
2450	2449	2322	7	-1	-1	-1	0
2451	2323	2447	7	-1	-1	-1	0
2466	2379	2378	2	-1	-1	-1	0
2363	2364	2496	12	-1	-1	-1	0
2451	2450	2323	7	-1	-1	-1	0
2496	2365	2363	12	-1	-1	-1	0
2452	2324	2449	7	-1	-1	-1	0
2380	2379	2467	2	-1	-1	-1	0
2454	2325	2452	7	-1	-1	-1	0
2496	2368	2365	12	-1	-1	-1	0
2499	2366	2367	12	-1	-1	-1	0
2453	2325	2454	7	-1	-1	-1	0
2337	2464	2434	6	-1	-1	-1	0
2367	2368	2502	12	-1	-1	-1	0
2374	2489	2375	2	-1	-1	-1	0
2455	2328	2457	7	-1	-1	-1	0
2331	2453	2456	7	-1	-1	-1	0
2458	2328	2456	7	-1	-1	-1	0
2457	2328	2458	7	-1	-1	-1	0
2369	2370	2505	12	-1	-1	-1	0
2330	2455	2460	7	-1	-1	-1	0
2371	2506	2370	12	-1	-1	-1	0
2459	2330	2460	7	-1	-1	-1	0
2372	2508	2373	2	-1	-1	-1	0
2507	2374	2373	2	-1	-1	-1	0
2333	2459	2462	7	-1	-1	-1	0
2462	2461	2333	7	-1	-1	-1	0
2463	2336	2461	7	-1	-1	-1	0
2463	2464	2337	6	-1	-1	-1	0
2505	2391	2369	12	-1	-1	-1	0
2388	2508	2372	2	-1	-1	-1	0
2380	2509	2382	2	-1	-1	-1	0
2341	2467	2466	2	-1	-1	-1	0
2382	2511	2381	2	-1	-1	-1	0
2467	2341	2468	2	-1	-1	-1	0
2384	2381	2512	2	-1	-1	-1	0
2343	2465	2470	2	-1	-1	-1	0
2469	2468	2342	2	-1	-1	-1	0
2383	2384	2515	2	-1	-1	-1	0
2470	2469	2343	2	-1	-1	-1	0
2386	2383	2516	12	-1	-1	-1	0
2473	2344	2471	12	-1	-1	-1	0
2473	2472	2344	12	-1	-1	-1	0
2385	2386	2518	12	-1	-1	-1	0
2345	2474	2471	12	-1	-1	-1	0
2475	2346	2472	12	-1	-1	-1	0
2388	2387	2521	12	-1	-1	-1	0
2387	2389	2521	12	-1	-1	-1	0
2475	2476	2346	12	-1	-1	-1	0
2385	2519	2393	12	-1	-1	-1	0
2347	2477	2474	12	-1	-1	-1	0
2389	2390	2523	12	-1	-1	-1	0
2478	2477	2348	12	-1	-1	-1	0
2390	2391	2523	12	-1	-1	-1	0
2476	2479	2349	12	-1	-1	-1	0
2465	2353	2487	2	-1	-1	-1	0
2525	2392	2393	12	-1	-1	-1	0
2350	2480	2481	12	-1	-1	-1	0
2466	2467	2379	2	-1	-1	-1	0
2395	2392	2525	12	-1	-1	-1	0
2351	2481	2483	12	-1	-1	-1	0
2485	2478	2352	12	-1	-1	-1	0
2433	2432	2450	7	-1	-1	-1	0
2483	2482	2351	12	-1	-1	-1	0
2527	2396	2394	12	-1	-1	-1	0
2482	2484	2351	12	-1	-1	-1	0
2394	2395	2529	12	-1	-1	-1	0
2488	2354	2479	2	-1	-1	-1	0
2486	2352	2484	12	-1	-1	-1	0
2352	2486	2485	12	-1	-1	-1	0
2359	2490	2480	12	-1	-1	-1	0
2488	2487	2354	2	-1	-1	-1	0
2432	2449	2450	7	-1	-1	-1	0
2451	2433	2450	7	-1	-1	-1	0
2400	2536	2399	1	-1	-1	-1	0
2407	2396	2534	12	-1	-1	-1	0
2537	2400	2401	12	-1	-1	-1	0
2399	2535	2406	1	-1	-1	-1	0
2538	2401	2402	12	-1	-1	-1	0
2402	2403	2539	12	-1	-1	-1	0
2491	2361	2493	12	-1	-1	-1	0
2361	2492	2493	12	0	-1	-1	0
2494	2362	2491	12	-1	-1	-1	0
2404	2541	2403	12	-1	-1	-1	0
2405	2542	2404	12	-1	-1	-1	0
2495	2362	2494	12	-1	-1	-1	0
2366	2500	2490	12	-1	-1	-1	0
2467	2510	2380	2	-1	-1	-1	0
2495	2498	2364	12	-1	-1	-1	0
2364	2497	2496	12	-1	-1	-1	0
2497	2364	2498	12	-1	-1	-1	0
2545	2408	2407	12	-1	-1	-1	0
2405	2413	2543	12	-1	-1	-1	0
2410	2408	2546	12	-1	-1	-1	0
2366	2499	2500	12	-1	-1	-1	0
2453	2458	2456	7	-1	-1	-1	0
2496	2503	2368	12	-1	-1	-1	0
2411	2409	2547	12	-1	-1	-1	0
2367	2501	2499	12	-1	-1	-1	0
2548	2409	2410	12	-1	-1	-1	0
2507	2371	2489	2	-1	-1	-1	0
2544	2418	2406	1	-1	-1	-1	0
2489	2374	2507	2	-1	-1	-1	0
2502	2501	2367	12	-1	-1	-1	0
2504	2502	2368	12	-1	-1	-1	0
2551	2412	2411	12	-1	-1	-1	0
2503	2504	2368	12	-1	-1	-1	0
2413	2412	2552	12	-1	-1	-1	0
2506	2505	2370	12	-1	-1	-1	0
2415	2554	2414	12	-1	-1	-1	0
2506	2371	2507	2	-1	-1	-1	0
2414	2554	2417	12	-1	-1	-1	0
2416	2555	2415	1	-1	-1	-1	0
2463	2461	2462	7	-1	-1	-1	0
2508	2507	2373	2	-1	-1	-1	0
2416	2418	2555	1	-1	-1	-1	0
2464	2463	2462	7	-1	-1	-1	0
2558	2419	2421	6	-1	-1	-1	0
2509	2380	2510	2	-1	-1	-1	0
2559	2424	2420	7	-1	-1	-1	0
2560	2421	2422	6	-1	-1	-1	0
2382	2509	2513	2	-1	-1	-1	0
2512	2381	2511	2	-1	-1	-1	0
2559	2420	2426	7	-1	-1	-1	0
2423	2561	2422	6	-1	-1	-1	0
2511	2382	2514	2	-1	-1	-1	0
2424	2562	2423	7	-1	-1	-1	0
2382	2513	2514	2	-1	-1	-1	0
2384	2512	2517	2	-1	-1	-1	0
2383	2515	2516	2	-1	-1	-1	0
2563	2427	2425	7	-1	-1	-1	0
2556	2442	2417	12	-1	-1	-1	0
2515	2384	2517	2	-1	-1	-1	0
2564	2426	2427	7	-1	-1	-1	0
2563	2425	2429	7	-1	-1	-1	0
2508	2388	2522	2	-1	-1	-1	0
2391	2505	2524	12	-1	-1	-1	0
2516	2520	2386	12	-1	-1	-1	0
2385	2518	2519	12	-1	-1	-1	0
2520	2518	2386	12	-1	-1	-1	0
2567	2429	2428	7	-1	-1	-1	0
2567	2428	2433	7	-1	-1	-1	0
2431	2569	2430	7	-1	-1	-1	0
2388	2521	2522	2	-1	-1	-1	0
2569	2432	2430	7	-1	-1	-1	0
2523	2521	2389	12	-1	-1	-1	0
2526	2393	2519	12	-1	-1	-1	0
2524	2523	2391	12	-1	-1	-1	0
2570	2435	2434	6	-1	-1	-1	0
2569	2431	2439	7	-1	-1	-1	0
2435	2572	2437	6	-1	-1	-1	0
2526	2525	2393	12	-1	-1	-1	0
2510	2467	2468	2	-1	-1	-1	0
2437	2573	2436	6	-1	-1	-1	0
2394	2528	2527	12	-1	-1	-1	0
2449	2432	2569	7	-1	-1	-1	0
2573	2441	2436	6	-1	-1	-1	0
2567	2433	2451	7	-1	-1	-1	0
2529	2528	2394	12	-1	-1	-1	0
2395	2525	2532	12	-1	-1	-1	0
2438	2576	2439	6	-1	-1	-1	0
2438	2440	2576	6	-1	-1	-1	0
2530	2529	2395	12	-1	-1	-1	0
2395	2531	2530	12	-1	-1	-1	0
2533	2396	2527	12	-1	-1	-1	0
2531	2395	2532	12	-1	-1	-1	0
2440	2441	2578	6	-1	-1	-1	0
2567	2447	2448	7	-1	-1	-1	0
2534	2396	2533	12	-1	-1	-1	0
2567	2451	2447	7	-1	-1	-1	0
2581	2444	2442	12	-1	-1	-1	0
2434	2464	2570	6	-1	-1	-1	0
2399	2536	2535	1	-1	-1	-1	0
2443	2445	2582	7	-1	-1	-1	0
2569	2452	2449	7	-1	-1	-1	0
2446	2443	2582	7	-1	-1	-1	0
2444	2583	2445	7	-1	-1	-1	0
2536	2400	2537	1	-1	-1	-1	0
2401	2538	2537	12	-1	-1	-1	0
2585	2448	2446	7	-1	-1	-1	0
2402	2539	2538	12	-1	-1	-1	0
2540	2539	2403	12	-1	-1	-1	0
2454	2452	2577	7	-1	-1	-1	0
2403	2541	2540	12	-1	-1	-1	0
2535	2544	2406	1	-1	-1	-1	0
2534	2545	2407	12	-1	-1	-1	0
2542	2541	2404	12	-1	-1	-1	0
2542	2405	2543	12	-1	-1	-1	0
2453	2454	2588	7	-1	-1	-1	0
2545	2546	2408	12	-1	-1	-1	0
2453	2588	2458	7	-1	-1	-1	0
2457	2591	2455	7	-1	-1	-1	0
2547	2409	2548	12	-1	-1	-1	0
2546	2549	2410	12	-1	-1	-1	0
2460	2455	2591	7	-1	-1	-1	0
2457	2458	2592	7	-1	-1	-1	0
2548	2410	2549	12	-1	-1	-1	0
2547	2550	2411	12	-1	-1	-1	0
2413	2553	2543	12	-1	-1	-1	0
2551	2411	2550	12	-1	-1	-1	0
2459	2460	2596	7	-1	-1	-1	0
2552	2412	2551	12	-1	-1	-1	0
2459	2595	2462	7	-1	-1	-1	0
2552	2553	2413	12	-1	-1	-1	0
2544	2557	2418	1	-1	-1	-1	0
2464	2462	2595	7	-1	-1	-1	0
2555	2554	2415	12	-1	-1	-1	0
2417	2554	2556	12	-1	-1	-1	0
2418	2557	2555	1	-1	-1	-1	0
2470	2465	2597	2	-1	-1	-1	0
2507	2522	2506	2	-1	-1	-1	0
2524	2505	2506	12	-1	-1	-1	0
2468	2469	2599	2	-1	-1	-1	0
2507	2508	2522	2	-1	-1	-1	0
2600	2469	2470	2	-1	-1	-1	0
2558	2421	2560	6	-1	-1	-1	0
2560	2422	2561	6	-1	-1	-1	0
2424	2559	2562	7	-1	-1	-1	0
2562	2561	2423	7	-1	-1	-1	0
2603	2473	2471	12	-1	-1	-1	0
2474	2603	2471	12	-1	-1	-1	0
2487	2597	2465	2	-1	-1	-1	0
2472	2473	2604	12	-1	-1	-1	0
2426	2565	2559	7	-1	-1	-1	0
2605	2475	2472	12	-1	-1	-1	0
2524	2506	2522	2	-1	-1	-1	0
2426	2564	2565	7	-1	-1	-1	0
2566	2427	2563	7	-1	-1	-1	0
2564	2427	2566	7	-1	-1	-1	0
2607	2474	2477	12	-1	-1	-1	0
2608	2476	2475	12	-1	-1	-1	0
2429	2568	2563	7	-1	-1	-1	0
2567	2568	2429	7	-1	-1	-1	0
2609	2479	2476	12	-1	-1	-1	0
2477	2478	2610	12	-1	-1	-1	0
2522	2521	2524	2	-1	-1	-1	0
2524	2521	2523	2	-1	-1	-1	0
2613	2481	2480	12	-1	-1	-1	0
2478	2485	2611	12	-1	-1	-1	0
2571	2435	2570	6	-1	-1	-1	0
2468	2598	2510	2	-1	-1	-1	0
2572	2435	2571	6	-1	-1	-1	0
2556	2580	2442	12	-1	-1	-1	0
2614	2483	2481	12	-1	-1	-1	0
2612	2488	2479	2	-1	-1	-1	0
2616	2484	2482	12	-1	-1	-1	0
2483	2617	2482	12	-1	-1	-1	0
2613	2480	2490	12	-1	-1	-1	0
2574	2437	2572	6	-1	-1	-1	0
2439	2577	2569	7	-1	-1	-1	0
2437	2575	2573	6	-1	-1	-1	0
2575	2437	2574	6	-1	-1	-1	0
2619	2486	2484	12	-1	-1	-1	0
2486	2620	2485	12	-1	-1	-1	0
2576	2577	2439	7	-1	-1	-1	0
2579	2441	2573	6	-1	-1	-1	0
2578	2576	2440	6	-1	-1	-1	0
2452	2569	2577	7	-1	-1	-1	0
2441	2579	2578	6	-1	-1	-1	0
2488	2623	2487	2	-1	-1	-1	0
2587	2567	2448	7	-1	-1	-1	0
2581	2442	2580	12	-1	-1	-1	0
2444	2581	2584	7	-1	-1	-1	0
2445	2583	2582	7	-1	-1	-1	0
2491	2493	2626	12	-1	-1	-1	0
2626	2494	2491	12	-1	-1	-1	0
2583	2444	2584	7	-1	-1	-1	0
2493	2492	2628	12	-1	-1	-1	0
2585	2446	2582	7	-1	-1	-1	0
2500	2625	2490	12	-1	-1	-1	0
2629	2495	2494	12	-1	-1	-1	0
2585	2586	2448	7	-1	-1	-1	0
2448	2586	2587	7	-1	-1	-1	0
2454	2577	2590	7	-1	-1	-1	0
2495	2630	2498	12	-1	-1	-1	0
2631	2496	2497	12	-1	-1	-1	0
2498	2632	2497	12	-1	-1	-1	0
2570	2464	2595	7	-1	-1	-1	0
2503	2496	2631	12	-1	-1	-1	0
2589	2588	2454	7	-1	-1	-1	0
2590	2589	2454	7	-1	-1	-1	0
2499	2635	2500	12	-1	-1	-1	0
2501	2636	2499	12	-1	-1	-1	0
2594	2458	2588	7	-1	-1	-1	0
2593	2591	2457	7	-1	-1	-1	0
2457	2592	2593	7	-1	-1	-1	0
2502	2639	2501	12	-1	-1	-1	0
2594	2592	2458	7	-1	-1	-1	0
2504	2640	2502	12	-1	-1	-1	0
2460	2591	2596	7	-1	-1	-1	0
2504	2503	2643	12	-1	-1	-1	0
2595	2459	2596	7	-1	-1	-1	0
2552	2556	2553	12	-1	-1	-1	0
2598	2468	2599	2	-1	-1	-1	0
2510	2646	2509	2	-1	-1	-1	0
2646	2513	2509	2	-1	-1	-1	0
2599	2469	2600	2	-1	-1	-1	0
2470	2597	2601	2	-1	-1	-1	0
2512	2511	2647	2	-1	-1	-1	0
2470	2602	2600	2	-1	-1	-1	0
2647	2511	2514	2	-1	-1	-1	0
2601	2602	2470	2	-1	-1	-1	0
2514	2513	2649	2	-1	-1	-1	0
2648	2517	2512	2	-1	-1	-1	0
2472	2604	2605	12	-1	-1	-1	0
2606	2473	2603	12	-1	-1	-1	0
2606	2604	2473	12	-1	-1	-1	0
2551	2580	2552	12	-1	-1	-1	0
2652	2515	2517	2	-1	-1	-1	0
2474	2607	2603	12	-1	-1	-1	0
2515	2653	2516	2	-1	-1	-1	0
2556	2552	2580	12	-1	-1	-1	0
2608	2475	2605	12	-1	-1	-1	0
2520	2516	2654	12	-1	-1	-1	0
2608	2609	2476	12	-1	-1	-1	0
2518	2657	2519	12	-1	-1	-1	0
2607	2477	2610	12	-1	-1	-1	0
2656	2518	2520	12	-1	-1	-1	0
2611	2610	2478	12	-1	-1	-1	0
2612	2479	2609	2	-1	-1	-1	0
2623	2597	2487	2	-1	-1	-1	0
2519	2658	2526	12	-1	-1	-1	0
2614	2481	2613	12	-1	-1	-1	0
2525	2526	2660	12	-1	-1	-1	0
2482	2615	2616	12	-1	-1	-1	0
2482	2617	2615	12	-1	-1	-1	0
2614	2618	2483	12	-1	-1	-1	0
2527	2528	2661	12	-1	-1	-1	0
2485	2621	2611	12	-1	-1	-1	0
2660	2532	2525	12	-1	-1	-1	0
2618	2617	2483	12	-1	-1	-1	0
2616	2619	2484	12	-1	-1	-1	0
2529	2662	2528	12	-1	-1	-1	0
2661	2533	2527	12	-1	-1	-1	0
2567	2587	2568	7	-1	-1	-1	0
2664	2529	2530	12	-1	-1	-1	0
2624	2488	2612	2	-1	-1	-1	0
2665	2530	2531	12	-1	-1	-1	0
2620	2621	2485	12	-1	-1	-1	0
2573	2575	2579	6	-1	-1	-1	0
2619	2622	2486	12	-1	-1	-1	0
2622	2620	2486	12	-1	-1	-1	0
2613	2490	2625	12	-1	-1	-1	0
2532	2667	2531	12	-1	-1	-1	0
2488	2624	2623	2	-1	-1	-1	0
2533	2672	2534	12	-1	-1	-1	0
2590	2577	2576	7	-1	-1	-1	0
2578	2590	2576	7	-1	-1	-1	0
2676	2535	2536	1	-1	-1	-1	0
2626	2493	2628	12	-1	-1	-1	0
2628	2492	2627	12	-1	0	-1	0
2629	2494	2626	12	-1	-1	-1	0
2537	2677	2536	1	-1	-1	-1	0
2582	2583	2585	7	-1	-1	-1	0
2678	2537	2538	12	-1	-1	-1	0
2675	2545	2534	12	-1	-1	-1	0
2598	2646	2510	2	-1	-1	-1	0
2495	2629	2630	12	-1	-1	-1	0
2679	2538	2539	12	-1	-1	-1	0
2544	2535	2676	1	-1	-1	-1	0
2540	2680	2539	12	-1	-1	-1	0
2633	2631	2497	12	-1	-1	-1	0
2634	2498	2630	12	-1	-1	-1	0
2633	2497	2632	12	-1	-1	-1	0
2500	2637	2625	12	-1	-1	-1	0
2541	2682	2540	12	-1	-1	-1	0
2632	2498	2634	12	-1	-1	-1	0
2683	2541	2542	12	-1	-1	-1	0
2543	2683	2542	12	-1	-1	-1	0
2635	2499	2636	12	-1	-1	-1	0
2588	2589	2594	7	-1	-1	-1	0
2638	2500	2635	12	-1	-1	-1	0
2637	2500	2638	12	-1	-1	-1	0
2642	2503	2631	12	-1	-1	-1	0
2636	2501	2639	12	-1	-1	-1	0
2545	2686	2546	12	-1	-1	-1	0
2553	2684	2543	12	-1	-1	-1	0
2687	2549	2546	12	-1	-1	-1	0
2641	2639	2502	12	-1	-1	-1	0
2547	2548	2688	7	-1	-1	-1	0
2502	2640	2641	12	-1	-1	-1	0
2550	2547	2689	7	-1	-1	-1	0
2685	2557	2544	1	-1	-1	-1	0
2548	2549	2690	7	-1	-1	-1	0
2503	2642	2643	12	-1	-1	-1	0
2504	2645	2640	12	-1	-1	-1	0
2504	2643	2644	12	-1	-1	-1	0
2504	2644	2645	12	-1	-1	-1	0
2551	2550	2693	12	-1	-1	-1	0
2556	2694	2553	12	-1	-1	-1	0
2555	2695	2554	12	-1	-1	-1	0
2694	2556	2554	12	-1	-1	-1	0
2648	2512	2647	2	-1	-1	-1	0
2695	2555	2557	12	-1	-1	-1	0
2650	2513	2646	2	-1	-1	-1	0
2649	2513	2650	2	-1	-1	-1	0
2514	2651	2647	2	-1	-1	-1	0
2697	2558	2560	6	-1	-1	-1	0
2514	2649	2651	2	-1	-1	-1	0
2699	2562	2559	7	-1	-1	-1	0
2517	2648	2655	2	-1	-1	-1	0
2653	2515	2652	2	-1	-1	-1	0
2597	2623	2601	2	-1	-1	-1	0
2700	2560	2561	6	-1	-1	-1	0
2698	2559	2565	7	-1	-1	-1	0
2516	2653	2654	2	-1	-1	-1	0
2580	2551	2693	12	-1	-1	-1	0
2562	2701	2561	7	-1	-1	-1	0
2517	2655	2652	2	-1	-1	-1	0
2656	2520	2654	12	-1	-1	-1	0
2657	2518	2656	12	-1	-1	-1	0
2563	2702	2566	7	-1	-1	-1	0
2568	2702	2563	7	-1	-1	-1	0
2657	2659	2519	12	-1	-1	-1	0
2659	2658	2519	12	-1	-1	-1	0
2526	2658	2660	12	-1	-1	-1	0
2571	2570	2704	7	-1	-1	-1	0
2571	2705	2572	7	-1	-1	-1	0
2574	2572	2706	7	-1	-1	-1	0
2663	2661	2528	12	-1	-1	-1	0
2662	2663	2528	12	-1	-1	-1	0
2580	2693	2581	12	-1	-1	-1	0
2664	2662	2529	12	-1	-1	-1	0
2575	2574	2707	7	-1	-1	-1	0
2703	2568	2587	7	-1	-1	-1	0
2666	2664	2530	12	-1	-1	-1	0
2666	2530	2665	12	-1	-1	-1	0
2575	2708	2579	7	-1	-1	-1	0
2532	2660	2671	12	-1	-1	-1	0
2668	2665	2531	12	-1	-1	-1	0
2579	2709	2578	7	-1	-1	-1	0
2673	2533	2661	12	-1	-1	-1	0
2667	2669	2531	12	-1	-1	-1	0
2668	2531	2669	12	-1	-1	-1	0
2670	2667	2532	12	-1	-1	-1	0
2570	2595	2704	7	-1	-1	-1	0
2670	2532	2671	12	-1	-1	-1	0
2581	2710	2584	7	-1	-1	-1	0
2578	2709	2590	7	-1	-1	-1	0
2711	2583	2584	7	-1	-1	-1	0
2672	2533	2673	12	-1	-1	-1	0
2585	2583	2711	7	-1	-1	-1	0
2534	2672	2674	12	-1	-1	-1	0
2711	2586	2585	7	-1	-1	-1	0
2675	2534	2674	12	-1	-1	-1	0
2713	2587	2586	7	-1	-1	-1	0
2709	2589	2590	7	-1	-1	-1	0
2677	2676	2536	1	-1	-1	-1	0
2593	2592	2706	7	-1	-1	-1	0
2594	2589	2708	7	-1	-1	-1	0
2678	2677	2537	1	-1	-1	-1	0
2592	2594	2707	7	-1	-1	-1	0
2595	2596	2704	7	-1	-1	-1	0
2679	2678	2538	12	-1	-1	-1	0
2593	2714	2591	7	-1	-1	-1	0
2680	2679	2539	12	-1	-1	-1	0
2681	2680	2540	12	-1	-1	-1	0
2591	2714	2596	7	-1	-1	-1	0
2681	2540	2682	12	-1	-1	-1	0
2676	2685	2544	1	-1	-1	-1	0
2682	2541	2683	12	-1	-1	-1	0
2675	2686	2545	12	-1	-1	-1	0
2683	2543	2684	12	-1	-1	-1	0
2599	2715	2598	2	-1	-1	-1	0
2599	2600	2717	2	-1	-1	-1	0
2546	2686	2687	12	-1	-1	-1	0
2718	2600	2602	2	-1	-1	-1	0
2602	2601	2720	2	-1	-1	-1	0
2689	2547	2688	7	-1	-1	-1	0
2688	2548	2690	7	-1	-1	-1	0
2687	2691	2549	7	-1	-1	-1	0
2549	2691	2690	7	-1	-1	-1	0
2684	2553	2694	12	-1	-1	-1	0
2603	2722	2606	12	-1	-1	-1	0
2689	2692	2550	7	-1	-1	-1	0
2723	2603	2607	12	-1	-1	-1	0
2604	2725	2605	12	-1	-1	-1	0
2724	2604	2606	12	-1	-1	-1	0
2550	2692	2693	7	-1	-1	-1	0
2557	2685	2696	12	-1	-1	-1	0
2605	2726	2608	12	-1	-1	-1	0
2554	2695	2694	12	-1	-1	-1	0
2719	2601	2623	2	-1	-1	-1	0
2610	2728	2607	12	-1	-1	-1	0
2609	2608	2730	12	-1	-1	-1	0
2557	2696	2695	12	-1	-1	-1	0
2610	2611	2728	12	-1	-1	-1	0
2731	2612	2609	2	-1	-1	-1	0
2721	2611	2621	12	-1	-1	-1	0
2699	2559	2698	7	-1	-1	-1	0
2560	2700	2697	6	-1	-1	-1	0
2646	2598	2716	2	-1	-1	-1	0
2613	2733	2614	12	-1	-1	-1	0
2699	2701	2562	7	-1	-1	-1	0
2561	2701	2700	7	-1	-1	-1	0
2719	2623	2624	2	-1	-1	-1	0
2734	2618	2614	12	-1	-1	-1	0
2615	2617	2735	12	-1	-1	-1	0
2615	2737	2616	12	-1	-1	-1	0
2624	2612	2732	2	-1	-1	-1	0
2733	2613	2625	12	-1	-1	-1	0
2568	2703	2702	7	-1	-1	-1	0
2616	2739	2619	12	-1	-1	-1	0
2618	2741	2617	12	-1	-1	-1	0
2705	2571	2704	7	-1	-1	-1	0
2705	2706	2572	7	-1	-1	-1	0
2581	2693	2710	7	-1	-1	-1	0
2744	2622	2619	12	-1	-1	-1	0
2620	2746	2621	12	-1	-1	-1	0
2574	2706	2707	7	-1	-1	-1	0
2622	2745	2620	12	-1	-1	-1	0
2575	2707	2708	7	-1	-1	-1	0
2709	2579	2708	7	-1	-1	-1	0
2713	2703	2587	7	-1	-1	-1	0
2593	2706	2705	7	-1	-1	-1	0
2707	2706	2592	7	-1	-1	-1	0
2584	2710	2712	7	-1	-1	-1	0
2708	2589	2709	7	-1	-1	-1	0
2711	2584	2712	7	-1	-1	-1	0
2626	2753	2629	12	-1	-1	-1	0
2626	2628	2754	12	-1	-1	-1	0
2594	2708	2707	7	-1	-1	-1	0
2711	2713	2586	7	-1	-1	-1	0
2756	2628	2627	12	-1	-1	-1	0
2705	2714	2593	7	-1	-1	-1	0
2637	2752	2625	12	-1	-1	-1	0
2704	2596	2714	7	-1	-1	-1	0
2629	2758	2630	12	-1	-1	-1	0
2634	2630	2759	12	-1	-1	-1	0
2760	2631	2633	12	-1	-1	-1	0
2761	2632	2634	12	-1	-1	-1	0
2633	2632	2762	12	-1	-1	-1	0
2598	2715	2716	2	-1	-1	-1	0
2717	2715	2599	2	-1	-1	-1	0
2631	2760	2642	12	-1	-1	-1	0
2718	2717	2600	2	-1	-1	-1	0
2635	2636	2767	12	-1	-1	-1	0
2635	2766	2638	12	-1	-1	-1	0
2601	2719	2720	2	-1	-1	-1	0
2602	2721	2718	2	-1	-1	-1	0
2720	2721	2602	2	-1	-1	-1	0
2639	2768	2636	12	-1	-1	-1	0
2638	2769	2637	12	-1	-1	-1	0
2722	2603	2723	12	-1	-1	-1	0
2639	2641	2768	12	-1	-1	-1	0
2611	2721	2720	12	-1	-1	-1	0
2772	2641	2640	12	-1	-1	-1	0
2724	2725	2604	12	-1	-1	-1	0
2606	2722	2727	12	-1	-1	-1	0
2605	2725	2726	12	-1	-1	-1	0
2606	2727	2724	12	-1	-1	-1	0
2772	2640	2645	12	-1	-1	-1	0
2611	2720	2728	12	-1	-1	-1	0
2607	2729	2723	12	-1	-1	-1	0
2775	2643	2642	12	-1	-1	-1	0
2643	2776	2644	12	-1	-1	-1	0
2607	2728	2729	12	-1	-1	-1	0
2730	2608	2726	12	-1	-1	-1	0
2644	2777	2645	12	-1	-1	-1	0
2731	2609	2730	2	-1	-1	-1	0
2694	2695	2684	12	-1	-1	-1	0
2648	2647	2780	2	-1	-1	-1	0
2731	2732	2612	2	-1	-1	-1	0
2695	2696	2684	12	-1	-1	-1	0
2650	2646	2779	2	-1	-1	-1	0
2651	2780	2647	2	-1	-1	-1	0
2614	2733	2734	12	-1	-1	-1	0
2650	2783	2649	12	-1	-1	-1	0
2782	2651	2649	12	-1	-1	-1	0
2655	2648	2781	2	-1	-1	-1	0
2735	2736	2615	12	-1	-1	-1	0
2737	2615	2736	12	-1	-1	-1	0
2748	2721	2621	12	-1	-1	-1	0
2616	2737	2738	12	-1	-1	-1	0
2652	2786	2653	2	-1	-1	-1	0
2740	2735	2617	12	-1	-1	-1	0
2738	2739	2616	12	-1	-1	-1	0
2786	2652	2655	2	-1	-1	-1	0
2751	2719	2624	2	-1	-1	-1	0
2653	2787	2654	2	-1	-1	-1	0
2742	2618	2734	12	-1	-1	-1	0
2692	2710	2693	7	-1	-1	-1	0
2741	2740	2617	12	-1	-1	-1	0
2656	2654	2788	12	-1	-1	-1	0
2739	2743	2619	12	-1	-1	-1	0
2741	2618	2742	12	-1	-1	-1	0
2656	2790	2657	12	-1	-1	-1	0
2619	2743	2744	12	-1	-1	-1	0
2659	2657	2791	12	-1	-1	-1	0
2732	2751	2624	2	-1	-1	-1	0
2752	2733	2625	12	-1	-1	-1	0
2660	2658	2792	12	-1	-1	-1	0
2793	2658	2659	12	-1	-1	-1	0
2620	2745	2746	12	-1	-1	-1	0
2621	2746	2747	12	-1	-1	-1	0
2622	2744	2749	12	-1	-1	-1	0
2747	2748	2621	12	-1	-1	-1	0
2745	2622	2750	12	-1	-1	-1	0
2795	2661	2663	12	-1	-1	-1	0
2622	2749	2750	12	-1	-1	-1	0
2796	2662	2664	12	-1	-1	-1	0
2662	2797	2663	12	-1	-1	-1	0
2714	2705	2704	7	-1	-1	-1	0
2660	2792	2671	12	-1	-1	-1	0
2666	2796	2664	12	-1	-1	-1	0
2795	2673	2661	12	-1	-1	-1	0
2800	2666	2665	8	-1	-1	-1	0
2754	2753	2626	12	-1	-1	-1	0
2668	2801	2665	8	-1	-1	-1	0
2756	2754	2628	12	-1	-1	-1	0
2627	2755	2757	12	0	-1	-1	0
2667	2803	2669	12	-1	-1	-1	0
2627	2757	2756	12	-1	-1	-1	0
2629	2753	2758	12	-1	-1	-1	0
2670	2803	2667	12	-1	-1	-1	0
2779	2646	2716	2	-1	-1	-1	0
2804	2668	2669	12	-1	-1	-1	0
2759	2630	2758	12	-1	-1	-1	0
2671	2808	2670	12	-1	-1	-1	0
2761	2762	2632	12	-1	-1	-1	0
2633	2763	2760	12	-1	-1	-1	0
2673	2811	2672	12	-1	-1	-1	0
2752	2637	2769	12	-1	-1	-1	0
2674	2672	2812	12	-1	-1	-1	0
2634	2759	2765	12	-1	-1	-1	0
2762	2764	2633	12	-1	-1	-1	0
2764	2763	2633	12	-1	-1	-1	0
2765	2761	2634	12	-1	-1	-1	0
2674	2815	2675	12	-1	-1	-1	0
2767	2766	2635	12	-1	-1	-1	0
2767	2636	2768	12	-1	-1	-1	0
2676	2677	2818	1	-1	-1	-1	0
2677	2678	2818	1	-1	-1	-1	0
2770	2638	2766	12	-1	-1	-1	0
2642	2760	2775	12	-1	-1	-1	0
2678	2679	2820	12	-1	-1	-1	0
2771	2769	2638	12	-1	-1	-1	0
2675	2817	2686	12	-1	-1	-1	0
2679	2680	2820	12	-1	-1	-1	0
2771	2638	2770	12	-1	-1	-1	0
2819	2685	2676	1	-1	-1	-1	0
2821	2680	2681	12	-1	-1	-1	0
2774	2768	2641	12	-1	-1	-1	0
2822	2681	2682	12	-1	-1	-1	0
2641	2772	2773	12	-1	-1	-1	0
2718	2721	2748	2	-1	-1	-1	0
2683	2823	2682	12	-1	-1	-1	0
2774	2641	2773	12	-1	-1	-1	0
2686	2817	2687	12	-1	-1	-1	0
2684	2824	2683	12	-1	-1	-1	0
2776	2643	2775	12	-1	-1	-1	0
2645	2778	2772	12	-1	-1	-1	0
2776	2777	2644	12	-1	-1	-1	0
2777	2778	2645	12	-1	-1	-1	0
2826	2691	2687	7	-1	-1	-1	0
2689	2688	2827	7	-1	-1	-1	0
2824	2684	2696	12	-1	-1	-1	0
2690	2827	2688	7	-1	-1	-1	0
2696	2685	2825	12	-1	-1	-1	0
2692	2689	2828	7	-1	-1	-1	0
2781	2648	2780	2	-1	-1	-1	0
2691	2829	2690	7	-1	-1	-1	0
2779	2784	2650	12	-1	-1	-1	0
2783	2782	2649	12	-1	-1	-1	0
2651	2785	2780	12	-1	-1	-1	0
2783	2650	2784	12	-1	-1	-1	0
2651	2782	2785	12	-1	-1	-1	0
2655	2781	2789	2	-1	-1	-1	0
2786	2787	2653	2	-1	-1	-1	0
2654	2787	2788	2	-1	-1	-1	0
2786	2655	2789	2	-1	-1	-1	0
2700	2833	2697	6	-1	-1	-1	0
2698	2834	2699	7	-1	-1	-1	0
2834	2701	2699	7	-1	-1	-1	0
2656	2788	2790	12	-1	-1	-1	0
2692	2832	2710	7	-1	-1	-1	0
2835	2700	2701	7	-1	-1	-1	0
2791	2657	2790	12	-1	-1	-1	0
2792	2658	2793	12	-1	-1	-1	0
2791	2794	2659	12	-1	-1	-1	0
2793	2659	2794	12	-1	-1	-1	0
2713	2836	2703	7	-1	-1	-1	0
2712	2710	2832	7	-1	-1	-1	0
2796	2797	2662	12	-1	-1	-1	0
2799	2795	2663	12	-1	-1	-1	0
2785	2803	2670	12	-1	-1	-1	0
2797	2798	2663	12	-1	-1	-1	0
2799	2663	2798	12	-1	-1	-1	0
2837	2711	2712	7	-1	-1	-1	0
2713	2711	2837	7	-1	-1	-1	0
2670	2808	2785	12	-1	-1	-1	0
2802	2796	2666	8	-1	-1	-1	0
2665	2801	2800	8	-1	-1	-1	0
2666	2800	2802	8	-1	-1	-1	0
2840	2716	2715	2	-1	-1	-1	0
2792	2809	2671	12	-1	-1	-1	0
2715	2717	2841	2	-1	-1	-1	0
2801	2668	2805	8	-1	-1	-1	0
2841	2717	2718	2	-1	-1	-1	0
2804	2805	2668	8	-1	-1	-1	0
2803	2806	2669	12	-1	-1	-1	0
2807	2804	2669	12	-1	-1	-1	0
2807	2669	2806	12	-1	-1	-1	0
2814	2673	2795	12	-1	-1	-1	0
2844	2720	2719	2	-1	-1	-1	0
2808	2671	2810	12	-1	-1	-1	0
2809	2810	2671	12	-1	-1	-1	0
2722	2723	2846	12	-1	-1	-1	0
2728	2720	2844	12	-1	-1	-1	0
2727	2722	2845	12	-1	-1	-1	0
2672	2811	2812	12	-1	-1	-1	0
2813	2811	2673	12	-1	-1	-1	0
2725	2724	2848	12	-1	-1	-1	0
2848	2724	2727	12	-1	-1	-1	0
2847	2723	2729	12	-1	-1	-1	0
2814	2813	2673	12	-1	-1	-1	0
2849	2726	2725	12	-1	-1	-1	0
2674	2812	2815	12	-1	-1	-1	0
2844	2729	2728	12	-1	-1	-1	0
2849	2730	2726	12	-1	-1	-1	0
2816	2675	2815	12	-1	-1	-1	0
2675	2816	2817	12	-1	-1	-1	0
2718	2748	2843	2	-1	-1	-1	0
2731	2730	2852	2	-1	-1	-1	0
2676	2818	2819	1	-1	-1	-1	0
2844	2719	2751	2	-1	-1	-1	0
2678	2820	2818	1	-1	-1	-1	0
2732	2731	2854	2	-1	-1	-1	0
2820	2680	2821	12	-1	-1	-1	0
2855	2734	2733	12	-1	-1	-1	0
2822	2821	2681	12	-1	-1	-1	0
2822	2682	2823	12	-1	-1	-1	0
2736	2735	2857	12	-1	-1	-1	0
2819	2825	2685	12	-1	-1	-1	0
2823	2683	2824	12	-1	-1	-1	0
2687	2817	2826	7	-1	-1	-1	0
2735	2740	2856	12	-1	-1	-1	0
2855	2742	2734	12	-1	-1	-1	0
2737	2736	2858	3	-1	-1	-1	0
2737	2861	2738	3	-1	-1	-1	0
2854	2751	2732	2	-1	-1	-1	0
2716	2842	2779	2	-1	-1	-1	0
2733	2752	2855	12	-1	-1	-1	0
2739	2738	2863	12	-1	-1	-1	0
2827	2828	2689	7	-1	-1	-1	0
2696	2825	2824	12	-1	-1	-1	0
2864	2743	2739	12	-1	-1	-1	0
2829	2827	2690	7	-1	-1	-1	0
2740	2741	2867	12	-1	-1	-1	0
2826	2831	2691	7	-1	-1	-1	0
2830	2829	2691	7	-1	-1	-1	0
2741	2742	2868	12	-1	-1	-1	0
2692	2828	2832	7	-1	-1	-1	0
2691	2831	2830	7	-1	-1	-1	0
2870	2744	2743	12	-1	-1	-1	0
2874	2746	2745	12	-1	-1	-1	0
2744	2873	2749	12	-1	-1	-1	0
2833	2700	2835	7	-1	-1	-1	0
2745	2750	2874	12	-1	-1	-1	0
2876	2747	2746	12	-1	-1	-1	0
2780	2808	2781	12	-1	-1	-1	0
2834	2835	2701	7	-1	-1	-1	0
2806	2782	2783	12	-1	-1	-1	0
2748	2747	2877	12	-1	-1	-1	0
2808	2780	2785	12	-1	-1	-1	0
2806	2785	2782	12	-1	-1	-1	0
2880	2750	2749	12	-1	-1	-1	0
2789	2781	2810	12	-1	-1	-1	0
2712	2832	2837	7	-1	-1	-1	0
2713	2838	2836	7	-1	-1	-1	0
2713	2837	2839	7	-1	-1	-1	0
2839	2838	2713	7	-1	-1	-1	0
2753	2754	2884	12	-1	-1	-1	0
2803	2785	2806	12	-1	-1	-1	0
2715	2841	2840	2	-1	-1	-1	0
2886	2754	2756	12	-1	-1	-1	0
2758	2753	2885	12	-1	-1	-1	0
2716	2840	2842	2	-1	-1	-1	0
2886	2756	2757	12	-1	-1	-1	0
2810	2781	2808	12	-1	-1	-1	0
2755	2887	2757	12	-1	-1	-1	0
2841	2718	2843	2	-1	-1	-1	0
2759	2758	2885	12	-1	-1	-1	0
2883	2752	2769	12	-1	-1	-1	0
2846	2845	2722	12	-1	-1	-1	0
2891	2760	2763	12	-1	-1	-1	0
2890	2765	2759	12	-1	-1	-1	0
2847	2846	2723	12	-1	-1	-1	0
2762	2761	2893	12	-1	-1	-1	0
2765	2894	2761	12	-1	-1	-1	0
2762	2895	2764	12	-1	-1	-1	0
2727	2845	2850	12	-1	-1	-1	0
2725	2848	2849	12	-1	-1	-1	0
2763	2764	2897	12	-1	-1	-1	0
2844	2851	2729	12	-1	-1	-1	0
2850	2848	2727	12	-1	-1	-1	0
2760	2892	2775	12	-1	-1	-1	0
2851	2847	2729	12	-1	-1	-1	0
2852	2730	2849	2	-1	-1	-1	0
2767	2902	2766	12	-1	-1	-1	0
2853	2731	2852	2	-1	-1	-1	0
2902	2770	2766	12	-1	-1	-1	0
2731	2853	2854	2	-1	-1	-1	0
2903	2767	2768	12	-1	-1	-1	0
2771	2904	2769	12	-1	-1	-1	0
2768	2774	2903	12	-1	-1	-1	0
2844	2751	2851	2	-1	-1	-1	0
2906	2771	2770	3	-1	-1	-1	0
2857	2735	2856	12	-1	-1	-1	0
2859	2736	2857	3	-1	-1	-1	0
2859	2858	2736	3	-1	-1	-1	0
2908	2773	2772	12	-1	-1	-1	0
2858	2860	2737	3	-1	-1	-1	0
2751	2854	2851	2	-1	-1	-1	0
2773	2910	2774	3	-1	-1	-1	0
2772	2778	2908	12	-1	-1	-1	0
2861	2737	2860	3	-1	-1	-1	0
2862	2738	2861	3	-1	-1	-1	0
2866	2856	2740	12	-1	-1	-1	0
2863	2738	2862	3	-1	-1	-1	0
2775	2913	2776	12	-1	-1	-1	0
2742	2855	2869	12	-1	-1	-1	0
2777	2776	2914	12	-1	-1	-1	0
2739	2863	2865	12	-1	-1	-1	0
2864	2739	2865	12	-1	-1	-1	0
2915	2778	2777	12	-1	-1	-1	0
2879	2843	2748	2	-1	-1	-1	0
2824	2825	2823	12	-1	-1	-1	0
2740	2867	2866	12	-1	-1	-1	0
2868	2867	2741	12	-1	-1	-1	0
2864	2871	2743	12	-1	-1	-1	0
2869	2868	2742	12	-1	-1	-1	0
2779	2917	2784	12	-1	-1	-1	0
2871	2870	2743	12	-1	-1	-1	0
2783	2784	2918	12	-1	-1	-1	0
2870	2872	2744	12	-1	-1	-1	0
2882	2855	2752	12	-1	-1	-1	0
2873	2744	2872	12	-1	-1	-1	0
2787	2786	2922	2	-1	-1	-1	0
2874	2875	2746	12	-1	-1	-1	0
2786	2789	2921	2	-1	-1	-1	0
2875	2876	2746	12	-1	-1	-1	0
2788	2787	2922	2	-1	-1	-1	0
2790	2788	2923	12	-1	-1	-1	0
2747	2876	2878	12	-1	-1	-1	0
2880	2749	2873	12	-1	-1	-1	0
2747	2878	2877	12	-1	-1	-1	0
2791	2790	2923	12	-1	-1	-1	0
2748	2877	2879	2	-1	-1	-1	0
2881	2874	2750	12	-1	-1	-1	0
2806	2783	2918	12	-1	-1	-1	0
2791	2925	2794	12	-1	-1	-1	0
2881	2750	2880	12	-1	-1	-1	0
2793	2926	2792	12	-1	-1	-1	0
2927	2793	2794	12	-1	-1	-1	0
2883	2882	2752	12	-1	-1	-1	0
2929	2797	2796	8	-1	-1	-1	0
2885	2753	2884	12	-1	-1	-1	0
2928	2795	2799	12	-1	-1	-1	0
2924	2789	2810	12	-1	-1	-1	0
2886	2884	2754	12	-1	-1	-1	0
2930	2798	2797	8	-1	-1	-1	0
2802	2929	2796	8	-1	-1	-1	0
2792	2926	2809	12	-1	-1	-1	0
2931	2799	2798	8	-1	-1	-1	0
2887	2755	2888	12	-1	0	-1	0
2807	2806	2918	12	-1	-1	-1	0
2886	2757	2889	12	-1	-1	-1	0
2757	2887	2889	12	-1	-1	-1	0
2890	2759	2885	12	-1	-1	-1	0
2800	2801	2934	8	-1	-1	-1	0
2933	2802	2800	8	-1	-1	-1	0
2795	2928	2814	12	-1	-1	-1	0
2779	2842	2917	12	-1	-1	-1	0
2935	2801	2805	8	-1	-1	-1	0
2760	2891	2892	12	-1	-1	-1	0
2924	2810	2809	12	-1	-1	-1	0
2937	2805	2804	8	-1	-1	-1	0
2849	2848	2850	2	-1	-1	-1	0
2804	2807	2937	12	-1	-1	-1	0
2894	2893	2761	12	-1	-1	-1	0
2852	2849	2850	2	-1	-1	-1	0
2893	2896	2762	12	-1	-1	-1	0
2891	2763	2898	12	-1	-1	-1	0
2762	2896	2895	12	-1	-1	-1	0
2901	2765	2890	12	-1	-1	-1	0
2904	2883	2769	12	-1	-1	-1	0
2763	2897	2898	12	-1	-1	-1	0
2900	2764	2895	12	-1	-1	-1	0
2901	2894	2765	12	-1	-1	-1	0
2899	2897	2764	12	-1	-1	-1	0
2764	2900	2899	12	-1	-1	-1	0
2941	2812	2811	12	-1	-1	-1	0
2941	2811	2813	12	-1	-1	-1	0
2812	2942	2815	12	-1	-1	-1	0
2813	2814	2944	12	-1	-1	-1	0
2902	2767	2903	12	-1	-1	-1	0
2902	2905	2770	3	-1	-1	-1	0
2816	2815	2947	12	-1	-1	-1	0
2775	2892	2912	12	-1	-1	-1	0
2905	2906	2770	3	-1	-1	-1	0
2817	2816	2949	7	-1	-1	-1	0
2907	2904	2771	3	-1	-1	-1	0
2906	2907	2771	3	-1	-1	-1	0
2911	2903	2774	3	-1	-1	-1	0
2951	2819	2818	1	-1	-1	-1	0
2818	2820	2951	1	-1	-1	-1	0
2773	2908	2909	3	-1	-1	-1	0
2773	2909	2910	3	-1	-1	-1	0
2951	2820	2821	1	-1	-1	-1	0
2817	2949	2826	7	-1	-1	-1	0
2951	2821	2822	12	-1	-1	-1	0
2774	2910	2911	3	-1	-1	-1	0
2819	2952	2825	12	-1	-1	-1	0
2952	2822	2823	12	-1	-1	-1	0
2913	2775	2912	12	-1	-1	-1	0
2825	2952	2823	12	-1	-1	-1	0
2778	2915	2908	12	-1	-1	-1	0
2776	2913	2914	12	-1	-1	-1	0
2914	2916	2777	12	-1	-1	-1	0
2915	2777	2916	12	-1	-1	-1	0
2954	2828	2827	7	-1	-1	-1	0
2953	2831	2826	7	-1	-1	-1	0
2827	2829	2955	7	-1	-1	-1	0
2828	2956	2832	7	-1	-1	-1	0
2829	2830	2957	7	-1	-1	-1	0
2919	2784	2917	12	-1	-1	-1	0
2830	2831	2959	7	-1	-1	-1	0
2920	2918	2784	12	-1	-1	-1	0
2784	2919	2920	12	-1	-1	-1	0
2832	2956	2837	7	-1	-1	-1	0
2786	2921	2922	2	-1	-1	-1	0
2922	2923	2788	2	-1	-1	-1	0
2789	2924	2921	12	-1	-1	-1	0
2837	2961	2839	7	-1	-1	-1	0
2923	2925	2791	12	-1	-1	-1	0
2839	2962	2838	7	-1	-1	-1	0
2807	2918	2920	12	-1	-1	-1	0
2927	2794	2925	12	-1	-1	-1	0
2927	2926	2793	12	-1	-1	-1	0
2966	2840	2841	2	-1	-1	-1	0
2840	2965	2842	2	-1	-1	-1	0
2841	2843	2967	2	-1	-1	-1	0
2797	2929	2930	8	-1	-1	-1	0
2926	2924	2809	12	-1	-1	-1	0
2798	2930	2931	8	-1	-1	-1	0
2928	2799	2932	8	-1	-1	-1	0
2846	2970	2845	12	-1	-1	-1	0
2932	2799	2931	8	-1	-1	-1	0
2846	2847	2971	12	-1	-1	-1	0
2845	2970	2850	12	-1	-1	-1	0
2929	2802	2936	8	-1	-1	-1	0
2800	2934	2933	8	-1	-1	-1	0
2807	2920	2940	12	-1	-1	-1	0
2847	2851	2971	12	-1	-1	-1	0
2801	2935	2934	8	-1	-1	-1	0
2933	2936	2802	8	-1	-1	-1	0
2852	2850	2970	2	-1	-1	-1	0
2970	2853	2852	2	-1	-1	-1	0
2851	2854	2971	2	-1	-1	-1	0
2854	2853	2971	2	-1	-1	-1	0
2939	2935	2805	8	-1	-1	-1	0
2805	2937	2938	8	-1	-1	-1	0
2938	2939	2805	8	-1	-1	-1	0
2940	2937	2807	12	-1	-1	-1	0
2973	2857	2856	12	-1	-1	-1	0
2946	2814	2928	12	-1	-1	-1	0
2857	2974	2859	3	-1	-1	-1	0
2843	2879	2969	2	-1	-1	-1	0
2975	2858	2859	3	-1	-1	-1	0
2860	2858	2976	3	-1	-1	-1	0
2856	2866	2973	12	-1	-1	-1	0
2972	2869	2855	12	-1	-1	-1	0
2941	2943	2812	12	-1	-1	-1	0
2942	2812	2943	12	-1	-1	-1	0
2945	2941	2813	12	-1	-1	-1	0
2979	2861	2860	3	-1	-1	-1	0
2945	2813	2944	12	-1	-1	-1	0
2946	2944	2814	12	-1	-1	-1	0
2861	2981	2862	3	-1	-1	-1	0
2942	2948	2815	12	-1	-1	-1	0
2862	2982	2863	3	-1	-1	-1	0
2972	2855	2882	12	-1	-1	-1	0
2948	2947	2815	12	-1	-1	-1	0
2865	2863	2984	12	-1	-1	-1	0
2947	2950	2816	7	-1	-1	-1	0
2816	2950	2949	7	-1	-1	-1	0
2986	2864	2865	12	-1	-1	-1	0
2988	2866	2867	12	-1	-1	-1	0
2986	2871	2864	12	-1	-1	-1	0
2951	2952	2819	12	-1	-1	-1	0
2822	2952	2951	12	-1	-1	-1	0
2990	2867	2868	12	-1	-1	-1	0
2842	2968	2917	12	-1	-1	-1	0
2826	2949	2953	7	-1	-1	-1	0
2991	2868	2869	12	-1	-1	-1	0
2871	2993	2870	12	-1	-1	-1	0
2870	2994	2872	12	-1	-1	-1	0
2955	2954	2827	7	-1	-1	-1	0
2954	2956	2828	7	-1	-1	-1	0
2957	2955	2829	7	-1	-1	-1	0
2996	2873	2872	12	-1	-1	-1	0
2831	2953	2960	7	-1	-1	-1	0
2957	2830	2958	7	-1	-1	-1	0
2959	2958	2830	7	-1	-1	-1	0
2999	2875	2874	12	-1	-1	-1	0
2997	2880	2873	12	-1	-1	-1	0
2831	2960	2959	7	-1	-1	-1	0
2874	2881	2999	12	-1	-1	-1	0
2875	3000	2876	12	-1	-1	-1	0
2956	2961	2837	7	-1	-1	-1	0
3002	2878	2876	12	-1	-1	-1	0
2877	2878	3005	12	-1	-1	-1	0
2879	2877	3004	2	-1	-1	-1	0
2963	2962	2839	7	-1	-1	-1	0
2964	2839	2961	7	-1	-1	-1	0
2964	2963	2839	7	-1	-1	-1	0
3009	2881	2880	12	-1	-1	-1	0
2965	2840	2966	2	-1	-1	-1	0
2966	2841	2967	2	-1	-1	-1	0
2965	2968	2842	12	-1	-1	-1	0
2882	2883	3013	12	-1	-1	-1	0
2967	2843	2969	2	-1	-1	-1	0
3015	2885	2884	12	-1	-1	-1	0
2884	2886	3015	12	-1	-1	-1	0
2846	2971	2970	12	-1	-1	-1	0
2907	2906	2976	3	-1	-1	-1	0
2978	2906	2905	3	-1	-1	-1	0
3016	2890	2885	12	-1	-1	-1	0
2886	2889	3017	12	-1	-1	-1	0
3018	2887	2888	12	-1	-1	-1	0
2971	2853	2970	2	-1	-1	-1	0
2889	2887	3018	12	-1	-1	-1	0
2930	2929	2936	8	-1	-1	-1	0
2904	3014	2883	12	-1	-1	-1	0
2974	2857	2973	3	-1	-1	-1	0
2892	2891	3024	12	-1	-1	-1	0
2976	2858	2975	3	-1	-1	-1	0
2859	2974	2977	3	-1	-1	-1	0
2859	2977	2975	3	-1	-1	-1	0
3026	2893	2894	12	-1	-1	-1	0
2891	2898	3024	12	-1	-1	-1	0
2901	2890	3023	12	-1	-1	-1	0
2978	2860	2976	3	-1	-1	-1	0
2896	2893	3026	12	-1	-1	-1	0
2860	2978	2979	3	-1	-1	-1	0
2896	3028	2895	12	-1	-1	-1	0
2979	2980	2861	3	-1	-1	-1	0
2981	2861	2980	3	-1	-1	-1	0
2901	3027	2894	12	-1	-1	-1	0
2900	2895	3028	12	-1	-1	-1	0
2897	3030	2898	12	-1	-1	-1	0
2981	2983	2862	3	-1	-1	-1	0
3031	2897	2899	12	-1	-1	-1	0
2982	2862	2983	3	-1	-1	-1	0
2989	2973	2866	12	-1	-1	-1	0
2892	3025	2912	12	-1	-1	-1	0
2982	2985	2863	3	-1	-1	-1	0
2984	2863	2985	3	-1	-1	-1	0
2900	3033	2899	12	-1	-1	-1	0
2992	2869	2972	12	-1	-1	-1	0
2984	2987	2865	12	-1	-1	-1	0
2865	2987	2986	12	-1	-1	-1	0
3037	2902	2903	3	-1	-1	-1	0
2988	2989	2866	12	-1	-1	-1	0
2905	2902	3037	3	-1	-1	-1	0
2950	2947	2948	7	-1	-1	-1	0
2990	2988	2867	12	-1	-1	-1	0
3038	2904	2907	3	-1	-1	-1	0
2868	2991	2990	12	-1	-1	-1	0
2911	3037	2903	3	-1	-1	-1	0
2991	2869	2992	12	-1	-1	-1	0
2995	2871	2986	12	-1	-1	-1	0
2969	2879	3007	2	-1	-1	-1	0
3039	2909	2908	3	-1	-1	-1	0
2993	2994	2870	12	-1	-1	-1	0
2975	2907	2976	3	-1	-1	-1	0
2909	3040	2910	3	-1	-1	-1	0
2871	2995	2993	12	-1	-1	-1	0
2978	2976	2906	3	-1	-1	-1	0
2905	2979	2978	3	-1	-1	-1	0
3039	2908	2915	3	-1	-1	-1	0
2872	2994	2996	12	-1	-1	-1	0
2910	3043	2911	3	-1	-1	-1	0
2882	3013	2972	12	-1	-1	-1	0
2996	2998	2873	12	-1	-1	-1	0
2997	2873	2998	12	-1	-1	-1	0
2912	3046	2913	12	-1	-1	-1	0
2875	3001	3000	12	-1	-1	-1	0
3001	2875	2999	12	-1	-1	-1	0
3049	2914	2913	12	-1	-1	-1	0
3003	2876	3000	12	-1	-1	-1	0
2916	2914	3050	12	-1	-1	-1	0
3003	3002	2876	12	-1	-1	-1	0
2915	2916	3051	3	-1	-1	-1	0
2880	2997	3008	12	-1	-1	-1	0
2878	3002	3006	12	-1	-1	-1	0
3004	2877	3005	2	-1	-1	-1	0
2919	2917	3053	12	-1	-1	-1	0
2878	3006	3005	12	-1	-1	-1	0
3007	2879	3004	2	-1	-1	-1	0
2881	3012	2999	12	-1	-1	-1	0
2919	3055	2920	12	-1	-1	-1	0
2880	3008	3009	12	-1	-1	-1	0
2922	2921	3057	2	-1	-1	-1	0
2921	2924	3056	12	-1	-1	-1	0
2881	3009	3011	12	-1	-1	-1	0
2881	3011	3010	12	-1	-1	-1	0
2922	3057	2923	2	-1	-1	-1	0
3010	3012	2881	12	-1	-1	-1	0
3057	2925	2923	2	-1	-1	-1	0
3056	2924	2926	12	-1	-1	-1	0
2926	2927	3056	12	-1	-1	-1	0
2925	3057	2927	12	-1	-1	-1	0
3014	3013	2883	12	-1	-1	-1	0
2940	2920	3055	12	-1	-1	-1	0
2885	3015	3016	12	-1	-1	-1	0
3017	3015	2886	12	-1	-1	-1	0
2932	3058	2928	8	-1	-1	-1	0
3059	2931	2930	8	-1	-1	-1	0
3038	2907	2975	3	-1	-1	-1	0
2905	3037	2979	3	-1	-1	-1	0
2932	2931	3060	8	-1	-1	-1	0
2930	2936	3059	8	-1	-1	-1	0
2888	3020	3018	12	-1	-1	-1	0
2888	3019	3020	12	0	-1	-1	0
2889	3022	3017	12	-1	-1	-1	0
2889	3018	3021	12	-1	-1	-1	0
3023	2890	3016	12	-1	-1	-1	0
2933	2934	3063	8	-1	-1	-1	0
2933	3062	2936	8	-1	-1	-1	0
3021	3022	2889	12	-1	-1	-1	0
2946	2928	3058	8	-1	-1	-1	0
2934	2935	3064	8	-1	-1	-1	0
2917	2968	3053	12	-1	-1	-1	0
2939	3065	2935	8	-1	-1	-1	0
3025	2892	3024	12	-1	-1	-1	0
2938	2937	3068	8	-1	-1	-1	0
3068	2937	2940	12	-1	-1	-1	0
2938	3069	2939	8	-1	-1	-1	0
3026	2894	3027	12	-1	-1	-1	0
3026	3029	2896	12	-1	-1	-1	0
3029	3028	2896	12	-1	-1	-1	0
2898	3032	3024	12	-1	-1	-1	0
3014	2904	3038	3	-1	-1	-1	0
3073	2943	2941	12	-1	-1	-1	0
2945	3072	2941	12	-1	-1	-1	0
2897	3031	3030	12	-1	-1	-1	0
2943	3074	2942	12	-1	-1	-1	0
3036	2901	3023	12	-1	-1	-1	0
2898	3030	3032	12	-1	-1	-1	0
2900	3028	3035	12	-1	-1	-1	0
2948	2942	3074	12	-1	-1	-1	0
3036	3027	2901	12	-1	-1	-1	0
2899	3034	3031	12	-1	-1	-1	0
2945	2944	3076	12	-1	-1	-1	0
3076	2944	2946	12	-1	-1	-1	0
3034	2899	3033	12	-1	-1	-1	0
3033	2900	3035	12	-1	-1	-1	0
3079	2950	2948	7	-1	-1	-1	0
3081	2949	2950	7	-1	-1	-1	0
3081	2953	2949	7	-1	-1	-1	0
3025	3047	2912	12	-1	-1	-1	0
3041	2909	3039	3	-1	-1	-1	0
3041	3040	2909	3	-1	-1	-1	0
2977	3038	2975	3	-1	-1	-1	0
2955	3083	2954	7	-1	-1	-1	0
2910	3040	3042	3	-1	-1	-1	0
3037	2911	3044	3	-1	-1	-1	0
3083	2956	2954	7	-1	-1	-1	0
2953	3082	2960	7	-1	-1	-1	0
3042	3043	2910	3	-1	-1	-1	0
3084	2955	2957	7	-1	-1	-1	0
3045	3044	2911	3	-1	-1	-1	0
3043	3045	2911	3	-1	-1	-1	0
2957	2958	3086	7	-1	-1	-1	0
2961	2956	3085	7	-1	-1	-1	0
2979	3044	2980	3	-1	-1	-1	0
3046	2912	3047	12	-1	-1	-1	0
2958	2959	3088	7	-1	-1	-1	0
3039	2915	3051	3	-1	-1	-1	0
2980	3045	2981	3	-1	-1	-1	0
3048	2913	3046	12	-1	-1	-1	0
2959	2960	3089	7	-1	-1	-1	0
3085	2964	2961	7	-1	-1	-1	0
3048	3049	2913	12	-1	-1	-1	0
3049	3050	2914	12	-1	-1	-1	0
3092	2962	2963	7	-1	-1	-1	0
3050	3052	2916	3	-1	-1	-1	0
3052	3051	2916	3	-1	-1	-1	0
3093	2963	2964	7	-1	-1	-1	0
2919	3053	3054	12	-1	-1	-1	0
2965	2966	3097	2	-1	-1	-1	0
3054	3055	2919	12	-1	-1	-1	0
2968	2965	3096	12	-1	-1	-1	0
2967	3098	2966	2	-1	-1	-1	0
2967	2969	3098	2	-1	-1	-1	0
3057	2921	3056	12	-1	-1	-1	0
3057	3056	2927	12	-1	-1	-1	0
2973	3102	2974	3	-1	-1	-1	0
3059	3060	2931	8	-1	-1	-1	0
3058	2932	3061	8	-1	-1	-1	0
3061	2932	3060	8	-1	-1	-1	0
3103	2977	2974	3	-1	-1	-1	0
3015	3017	3022	12	-1	-1	-1	0
3063	3062	2933	8	-1	-1	-1	0
3037	3044	2979	3	-1	-1	-1	0
2934	3064	3063	8	-1	-1	-1	0
3067	3059	2936	8	-1	-1	-1	0
3055	3068	2940	12	-1	-1	-1	0
2989	3102	2973	3	-1	-1	-1	0
3101	2992	2972	12	-1	-1	-1	0
3062	3067	2936	8	-1	-1	-1	0
3066	3064	2935	8	-1	-1	-1	0
2935	3065	3066	8	-1	-1	-1	0
2981	3104	2983	3	-1	-1	-1	0
3044	3045	2980	3	-1	-1	-1	0
2983	3106	2982	3	-1	-1	-1	0
2939	3070	3065	8	-1	-1	-1	0
2985	2982	3107	3	-1	-1	-1	0
2938	3068	3069	8	-1	-1	-1	0
3007	3100	2969	2	-1	-1	-1	0
2984	2985	3110	3	-1	-1	-1	0
3071	2939	3069	8	-1	-1	-1	0
3070	2939	3071	8	-1	-1	-1	0
3078	2946	3058	8	-1	-1	-1	0
2987	2984	3111	12	-1	-1	-1	0
2986	2987	3113	12	-1	-1	-1	0
2941	3072	3073	12	-1	-1	-1	0
2972	3013	3101	12	-1	-1	-1	0
2943	3073	3075	12	-1	-1	-1	0
2943	3075	3074	12	-1	-1	-1	0
2989	2988	3116	12	-1	-1	-1	0
3077	3072	2945	12	-1	-1	-1	0
2988	2990	3116	12	-1	-1	-1	0
2986	3114	2995	12	-1	-1	-1	0
3077	2945	3076	12	-1	-1	-1	0
3118	2990	2991	12	-1	-1	-1	0
3076	2946	3078	8	-1	-1	-1	0
2991	2992	3118	12	-1	-1	-1	0
2948	3074	3080	7	-1	-1	-1	0
3079	2948	3080	7	-1	-1	-1	0
3120	2993	2995	12	-1	-1	-1	0
2993	3121	2994	12	-1	-1	-1	0
2950	3079	3081	7	-1	-1	-1	0
3123	2996	2994	12	-1	-1	-1	0
3081	3082	2953	7	-1	-1	-1	0
3038	2977	3103	3	-1	-1	-1	0
2996	3125	2998	12	-1	-1	-1	0
3099	3053	2968	12	-1	-1	-1	0
3126	2997	2998	12	-1	-1	-1	0
2955	3084	3083	7	-1	-1	-1	0
2956	3083	3085	7	-1	-1	-1	0
3084	2957	3087	7	-1	-1	-1	0
3130	3001	2999	12	-1	-1	-1	0
3086	3087	2957	7	-1	-1	-1	0
3045	3105	2981	3	-1	-1	-1	0
3008	2997	3127	12	-1	-1	-1	0
3001	3131	3000	12	-1	-1	-1	0
3086	2958	3088	7	-1	-1	-1	0
2960	3082	3091	7	-1	-1	-1	0
3000	3132	3003	12	-1	-1	-1	0
3090	3088	2959	7	-1	-1	-1	0
2959	3089	3090	7	-1	-1	-1	0
2960	3091	3089	7	-1	-1	-1	0
2999	3012	3129	12	-1	-1	-1	0
3002	3003	3135	12	-1	-1	-1	0
3134	3006	3002	12	-1	-1	-1	0
3085	3095	2964	7	-1	-1	-1	0
3005	3138	3004	2	-1	-1	-1	0
3004	3137	3007	2	-1	-1	-1	0
3139	3005	3006	12	-1	-1	-1	0
3092	2963	3094	7	-1	-1	-1	0
3093	3094	2963	7	-1	-1	-1	0
3093	2964	3095	7	-1	-1	-1	0
3103	3014	3038	3	-1	-1	-1	0
3141	3009	3008	12	-1	-1	-1	0
2965	3097	3096	12	-1	-1	-1	0
2966	3098	3097	2	-1	-1	-1	0
3011	3009	3142	12	-1	-1	-1	0
3099	2968	3096	12	-1	-1	-1	0
3144	3010	3011	12	-1	-1	-1	0
3012	3010	3143	12	-1	-1	-1	0
3100	3098	2969	2	-1	-1	-1	0
3014	3148	3013	12	-1	-1	-1	0
3102	3103	2974	3	-1	-1	-1	0
3015	3149	3016	12	-1	-1	-1	0
3149	3015	3022	12	-1	-1	-1	0
3018	3020	3151	12	-1	-1	-1	0
3023	3016	3150	12	-1	-1	-1	0
3104	2981	3105	3	-1	-1	-1	0
3151	3021	3018	12	-1	-1	-1	0
3153	3020	3019	12	-1	-1	-1	0
3045	3043	3105	3	-1	-1	-1	0
3106	3107	2982	3	-1	-1	-1	0
2983	3104	3109	3	-1	-1	-1	0
3106	2983	3108	3	-1	-1	-1	0
3021	3156	3022	12	-1	-1	-1	0
3109	3108	2983	3	-1	-1	-1	0
2985	3107	3112	3	-1	-1	-1	0
2984	3110	3111	3	-1	-1	-1	0
3110	2985	3112	3	-1	-1	-1	0
3102	2989	3117	3	-1	-1	-1	0
3025	3024	3159	12	-1	-1	-1	0
2992	3101	3119	12	-1	-1	-1	0
3113	3114	2986	12	-1	-1	-1	0
3160	3026	3027	12	-1	-1	-1	0
3111	3115	2987	12	-1	-1	-1	0
3113	2987	3115	12	-1	-1	-1	0
3026	3160	3029	12	-1	-1	-1	0
3032	3159	3024	12	-1	-1	-1	0
3158	3036	3023	12	-1	-1	-1	0
3164	3028	3029	12	-1	-1	-1	0
2989	3116	3117	3	-1	-1	-1	0
3027	3036	3161	12	-1	-1	-1	0
3118	3116	2990	12	-1	-1	-1	0
3035	3028	3163	12	-1	-1	-1	0
3030	3031	3167	12	-1	-1	-1	0
3030	3167	3032	12	-1	-1	-1	0
3119	3118	2992	12	-1	-1	-1	0
3159	3047	3025	12	-1	-1	-1	0
3114	3124	2995	12	-1	-1	-1	0
3168	3031	3034	12	-1	-1	-1	0
3121	2993	3120	12	-1	-1	-1	0
3121	3122	2994	12	-1	-1	-1	0
3123	2994	3122	12	-1	-1	-1	0
3033	3172	3034	12	-1	-1	-1	0
3124	3120	2995	12	-1	-1	-1	0
3173	3033	3035	12	-1	-1	-1	0
3123	3125	2996	12	-1	-1	-1	0
3140	3100	3007	2	-1	-1	-1	0
3127	2997	3126	12	-1	-1	-1	0
2998	3125	3128	12	-1	-1	-1	0
3128	3126	2998	12	-1	-1	-1	0
3130	2999	3129	12	-1	-1	-1	0
3179	3041	3039	3	-1	-1	-1	0
3040	3041	3180	3	-1	-1	-1	0
3040	3180	3042	3	-1	-1	-1	0
3148	3101	3013	12	-1	-1	-1	0
3131	3132	3000	12	-1	-1	-1	0
3001	3130	3133	12	-1	-1	-1	0
3131	3001	3133	12	-1	-1	-1	0
3148	3014	3103	3	-1	-1	-1	0
3043	3042	3184	3	-1	-1	-1	0
3051	3179	3039	3	-1	-1	-1	0
3003	3132	3136	12	-1	-1	-1	0
3002	3135	3134	12	-1	-1	-1	0
3136	3135	3003	12	-1	-1	-1	0
3127	3141	3008	12	-1	-1	-1	0
3185	3048	3046	12	-1	-1	-1	0
3046	3047	3186	12	-1	-1	-1	0
3006	3134	3139	12	-1	-1	-1	0
3004	3138	3137	2	-1	-1	-1	0
3138	3005	3139	2	-1	-1	-1	0
3137	3140	3007	2	-1	-1	-1	0
3188	3049	3048	12	-1	-1	-1	0
3147	3129	3012	12	-1	-1	-1	0
3189	3050	3049	12	-1	-1	-1	0
3190	3052	3050	3	-1	-1	-1	0
3141	3142	3009	12	-1	-1	-1	0
3052	3191	3051	3	-1	-1	-1	0
3143	3010	3144	12	-1	-1	-1	0
3142	3145	3011	12	-1	-1	-1	0
3144	3011	3145	12	-1	-1	-1	0
3054	3053	3193	12	-1	-1	-1	0
3143	3146	3012	12	-1	-1	-1	0
3194	3055	3054	12	-1	-1	-1	0
3147	3012	3146	12	-1	-1	-1	0
3196	3058	3061	8	-1	-1	-1	0
3150	3016	3149	12	-1	-1	-1	0
3060	3059	3197	8	-1	-1	-1	0
3194	3068	3055	12	-1	-1	-1	0
3061	3060	3199	8	-1	-1	-1	0
3103	3102	3117	3	-1	-1	-1	0
3067	3198	3059	8	-1	-1	-1	0
3019	3152	3153	12	0	-1	-1	0
3062	3063	3200	8	-1	-1	-1	0
3151	3020	3154	12	-1	-1	-1	0
3151	3155	3021	12	-1	-1	-1	0
3153	3154	3020	12	-1	-1	-1	0
3157	3149	3022	12	-1	-1	-1	0
3201	3063	3064	8	-1	-1	-1	0
3200	3067	3062	8	-1	-1	-1	0
3194	3069	3068	8	-1	-1	-1	0
3195	3078	3058	8	-1	-1	-1	0
3023	3150	3158	12	-1	-1	-1	0
3043	3184	3105	3	-1	-1	-1	0
3202	3064	3066	8	-1	-1	-1	0
3021	3155	3156	12	-1	-1	-1	0
3204	3066	3065	8	-1	-1	-1	0
3022	3156	3157	12	-1	-1	-1	0
3204	3065	3070	8	-1	-1	-1	0
3193	3053	3099	12	-1	-1	-1	0
3069	3209	3071	8	-1	-1	-1	0
3162	3160	3027	12	-1	-1	-1	0
3162	3027	3161	12	-1	-1	-1	0
3210	3070	3071	8	-1	-1	-1	0
3117	3116	3119	3	-1	-1	-1	0
3116	3118	3119	3	-1	-1	-1	0
3160	3165	3029	12	-1	-1	-1	0
3163	3028	3164	12	-1	-1	-1	0
3213	3073	3072	12	-1	-1	-1	0
3166	3164	3029	12	-1	-1	-1	0
3166	3029	3165	12	-1	-1	-1	0
3213	3075	3073	12	-1	-1	-1	0
3032	3170	3159	12	-1	-1	-1	0
3077	3213	3072	12	-1	-1	-1	0
3214	3074	3075	7	-1	-1	-1	0
3031	3169	3167	12	-1	-1	-1	0
3074	3214	3080	7	-1	-1	-1	0
3119	3101	3148	12	-1	-1	-1	0
3103	3117	3148	3	-1	-1	-1	0
3031	3168	3169	12	-1	-1	-1	0
3077	3076	3216	8	-1	-1	-1	0
3171	3032	3167	12	-1	-1	-1	0
3078	3216	3076	8	-1	-1	-1	0
3178	3036	3158	12	-1	-1	-1	0
3171	3170	3032	12	-1	-1	-1	0
3163	3176	3035	12	-1	-1	-1	0
3036	3178	3161	12	-1	-1	-1	0
3175	3168	3034	12	-1	-1	-1	0
3081	3079	3218	7	-1	-1	-1	0
3079	3080	3219	7	-1	-1	-1	0
3033	3173	3172	12	-1	-1	-1	0
3172	3174	3034	12	-1	-1	-1	0
3218	3082	3081	7	-1	-1	-1	0
3174	3175	3034	12	-1	-1	-1	0
3119	3148	3117	3	-1	-1	-1	0
3177	3173	3035	12	-1	-1	-1	0
3176	3177	3035	12	-1	-1	-1	0
3083	3084	3222	7	-1	-1	-1	0
3083	3223	3085	7	-1	-1	-1	0
3222	3084	3087	7	-1	-1	-1	0
3159	3187	3047	12	-1	-1	-1	0
3221	3091	3082	7	-1	-1	-1	0
3087	3086	3225	7	-1	-1	-1	0
3086	3088	3226	7	-1	-1	-1	0
3041	3179	3181	3	-1	-1	-1	0
3182	3180	3041	3	-1	-1	-1	0
3085	3224	3095	7	-1	-1	-1	0
3182	3041	3181	3	-1	-1	-1	0
3180	3183	3042	3	-1	-1	-1	0
3228	3088	3090	7	-1	-1	-1	0
3089	3229	3090	7	-1	-1	-1	0
3183	3184	3042	3	-1	-1	-1	0
3230	3089	3091	7	-1	-1	-1	0
3186	3185	3046	12	-1	-1	-1	0
3232	3092	3094	7	-1	-1	-1	0
3093	3233	3094	7	-1	-1	-1	0
3187	3186	3047	12	-1	-1	-1	0
3051	3191	3179	3	-1	-1	-1	0
3095	3233	3093	7	-1	-1	-1	0
3185	3188	3048	12	-1	-1	-1	0
3188	3189	3049	12	-1	-1	-1	0
3190	3050	3189	3	-1	-1	-1	0
3097	3238	3096	12	-1	-1	-1	0
3096	3238	3099	12	-1	-1	-1	0
3192	3052	3190	3	-1	-1	-1	0
3098	3239	3097	2	-1	-1	-1	0
3052	3192	3191	3	-1	-1	-1	0
3098	3100	3239	2	-1	-1	-1	0
3193	3194	3054	12	-1	-1	-1	0
3058	3196	3195	8	-1	-1	-1	0
3105	3242	3104	3	-1	-1	-1	0
3197	3059	3198	8	-1	-1	-1	0
3242	3109	3104	3	-1	-1	-1	0
3149	3157	3150	12	-1	-1	-1	0
3107	3106	3243	3	-1	-1	-1	0
3061	3199	3196	8	-1	-1	-1	0
3197	3199	3060	8	-1	-1	-1	0
3243	3106	3108	3	-1	-1	-1	0
3108	3109	3245	3	-1	-1	-1	0
3244	3112	3107	3	-1	-1	-1	0
3201	3200	3063	8	-1	-1	-1	0
3203	3201	3064	8	-1	-1	-1	0
3203	3064	3202	8	-1	-1	-1	0
3248	3110	3112	3	-1	-1	-1	0
3110	3249	3111	3	-1	-1	-1	0
3208	3069	3194	8	-1	-1	-1	0
3198	3067	3206	8	-1	-1	-1	0
3202	3066	3205	8	-1	-1	-1	0
3200	3207	3067	8	-1	-1	-1	0
3066	3204	3205	8	-1	-1	-1	0
3115	3111	3250	12	-1	-1	-1	0
3206	3067	3207	8	-1	-1	-1	0
3252	3113	3115	12	-1	-1	-1	0
3114	3113	3253	12	-1	-1	-1	0
3140	3241	3100	2	-1	-1	-1	0
3210	3204	3070	8	-1	-1	-1	0
3069	3208	3209	8	-1	-1	-1	0
3165	3160	3162	12	-1	-1	-1	0
3078	3195	3217	8	-1	-1	-1	0
3209	3212	3071	8	-1	-1	-1	0
3114	3254	3124	12	-1	-1	-1	0
3071	3211	3210	8	-1	-1	-1	0
3071	3212	3211	8	-1	-1	-1	0
3121	3120	3257	12	-1	-1	-1	0
3120	3124	3256	12	-1	-1	-1	0
3122	3121	3258	12	-1	-1	-1	0
3075	3213	3215	7	-1	-1	-1	0
3259	3123	3122	12	-1	-1	-1	0
3215	3214	3075	7	-1	-1	-1	0
3213	3077	3216	7	-1	-1	-1	0
3123	3262	3125	12	-1	-1	-1	0
3216	3078	3217	8	-1	-1	-1	0
3214	3220	3080	7	-1	-1	-1	0
3263	3128	3125	12	-1	-1	-1	0
3218	3079	3219	7	-1	-1	-1	0
3126	3264	3127	12	-1	-1	-1	0
3169	3168	3182	3	-1	-1	-1	0
3265	3126	3128	12	-1	-1	-1	0
3219	3080	3220	7	-1	-1	-1	0
3218	3221	3082	7	-1	-1	-1	0
3130	3129	3269	12	-1	-1	-1	0
3083	3222	3223	7	-1	-1	-1	0
3184	3242	3105	3	-1	-1	-1	0
3240	3193	3099	12	-1	-1	-1	0
3223	3224	3085	7	-1	-1	-1	0
3169	3182	3181	3	-1	-1	-1	0
3130	3270	3133	12	-1	-1	-1	0
3271	3132	3131	12	-1	-1	-1	0
3267	3141	3127	12	-1	-1	-1	0
3133	3271	3131	12	-1	-1	-1	0
3222	3087	3227	7	-1	-1	-1	0
3086	3226	3225	7	-1	-1	-1	0
3087	3225	3227	7	-1	-1	-1	0
3132	3272	3136	12	-1	-1	-1	0
3221	3230	3091	7	-1	-1	-1	0
3228	3226	3088	7	-1	-1	-1	0
3274	3134	3135	12	-1	-1	-1	0
3182	3183	3180	3	-1	-1	-1	0
3269	3129	3147	12	-1	-1	-1	0
3136	3276	3135	12	-1	-1	-1	0
3230	3229	3089	7	-1	-1	-1	0
3275	3139	3134	12	-1	-1	-1	0
3228	3090	3231	7	-1	-1	-1	0
3231	3090	3229	7	-1	-1	-1	0
3181	3179	3191	3	-1	-1	-1	0
3278	3137	3138	2	-1	-1	-1	0
3140	3137	3278	2	-1	-1	-1	0
3224	3237	3095	7	-1	-1	-1	0
3139	3279	3138	2	-1	-1	-1	0
3234	3232	3094	7	-1	-1	-1	0
3235	3094	3233	7	-1	-1	-1	0
3235	3234	3094	7	-1	-1	-1	0
3141	3281	3142	12	-1	-1	-1	0
3236	3233	3095	7	-1	-1	-1	0
3095	3237	3236	7	-1	-1	-1	0
3282	3145	3142	12	-1	-1	-1	0
3143	3144	3283	8	-1	-1	-1	0
3146	3143	3284	8	-1	-1	-1	0
3239	3238	3097	12	-1	-1	-1	0
3144	3145	3285	8	-1	-1	-1	0
3099	3238	3240	12	-1	-1	-1	0
3100	3241	3239	2	-1	-1	-1	0
3147	3146	3288	12	-1	-1	-1	0
3244	3107	3243	3	-1	-1	-1	0
3290	3150	3157	12	-1	-1	-1	0
3108	3246	3243	3	-1	-1	-1	0
3247	3109	3242	3	-1	-1	-1	0
3154	3293	3151	12	-1	-1	-1	0
3151	3293	3155	12	-1	-1	-1	0
3108	3245	3246	3	-1	-1	-1	0
3292	3158	3150	12	-1	-1	-1	0
3295	3153	3152	12	-1	-1	-1	0
3109	3247	3245	3	-1	-1	-1	0
3153	3296	3154	12	-1	-1	-1	0
3112	3244	3251	3	-1	-1	-1	0
3155	3298	3156	12	-1	-1	-1	0
3249	3110	3248	3	-1	-1	-1	0
3111	3249	3250	3	-1	-1	-1	0
3112	3251	3248	3	-1	-1	-1	0
3156	3299	3157	12	-1	-1	-1	0
3252	3115	3250	12	-1	-1	-1	0
3253	3113	3252	12	-1	-1	-1	0
3253	3255	3114	12	-1	-1	-1	0
3197	3198	3228	8	-1	-1	-1	0
3255	3254	3114	12	-1	-1	-1	0
3303	3162	3161	12	-1	-1	-1	0
3197	3231	3199	8	-1	-1	-1	0
3292	3178	3158	12	-1	-1	-1	0
3301	3159	3170	12	-1	-1	-1	0
3206	3226	3198	8	-1	-1	-1	0
3305	3165	3162	12	-1	-1	-1	0
3256	3257	3120	12	-1	-1	-1	0
3164	3306	3163	12	-1	-1	-1	0
3124	3254	3256	12	-1	-1	-1	0
3121	3257	3258	12	-1	-1	-1	0
3206	3207	3225	8	-1	-1	-1	0
3164	3166	3308	12	-1	-1	-1	0
3258	3259	3122	12	-1	-1	-1	0
3165	3309	3166	12	-1	-1	-1	0
3302	3161	3178	12	-1	-1	-1	0
3259	3261	3123	12	-1	-1	-1	0
3215	3213	3216	7	-1	-1	-1	0
3261	3260	3123	12	-1	-1	-1	0
3260	3262	3123	12	-1	-1	-1	0
3176	3163	3307	12	-1	-1	-1	0
3159	3301	3187	12	-1	-1	-1	0
3215	3216	3217	7	-1	-1	-1	0
3312	3167	3169	12	-1	-1	-1	0
3262	3263	3125	12	-1	-1	-1	0
3312	3171	3167	12	-1	-1	-1	0
3226	3228	3198	8	-1	-1	-1	0
3264	3126	3265	12	-1	-1	-1	0
3231	3197	3228	8	-1	-1	-1	0
3168	3175	3313	3	-1	-1	-1	0
3171	3315	3170	12	-1	-1	-1	0
3264	3266	3127	12	-1	-1	-1	0
3225	3226	3206	8	-1	-1	-1	0
3218	3219	3221	7	-1	-1	-1	0
3207	3227	3225	8	-1	-1	-1	0
3268	3128	3263	12	-1	-1	-1	0
3266	3267	3127	12	-1	-1	-1	0
3280	3241	3140	2	-1	-1	-1	0
3268	3265	3128	12	-1	-1	-1	0
3172	3173	3318	12	-1	-1	-1	0
3168	3313	3182	3	-1	-1	-1	0
3181	3314	3169	3	-1	-1	-1	0
3172	3319	3174	12	-1	-1	-1	0
3269	3270	3130	12	-1	-1	-1	0
3175	3174	3321	12	-1	-1	-1	0
3177	3320	3173	12	-1	-1	-1	0
3272	3132	3271	12	-1	-1	-1	0
3270	3273	3133	12	-1	-1	-1	0
3271	3133	3273	12	-1	-1	-1	0
3313	3183	3182	3	-1	-1	-1	0
3176	3327	3177	12	-1	-1	-1	0
3274	3275	3134	12	-1	-1	-1	0
3277	3136	3272	12	-1	-1	-1	0
3276	3274	3135	12	-1	-1	-1	0
3314	3181	3191	3	-1	-1	-1	0
3277	3276	3136	12	-1	-1	-1	0
3267	3281	3141	12	-1	-1	-1	0
3275	3279	3139	2	-1	-1	-1	0
3279	3278	3138	2	-1	-1	-1	0
3314	3191	3192	3	-1	-1	-1	0
3278	3280	3140	2	-1	-1	-1	0
3183	3331	3184	3	-1	-1	-1	0
3142	3281	3282	12	-1	-1	-1	0
3147	3289	3269	12	-1	-1	-1	0
3186	3335	3185	12	-1	-1	-1	0
3334	3188	3185	12	-1	-1	-1	0
3336	3186	3187	12	-1	-1	-1	0
3284	3143	3283	8	-1	-1	-1	0
3283	3144	3285	8	-1	-1	-1	0
3282	3286	3145	8	-1	-1	-1	0
3189	3188	3338	12	-1	-1	-1	0
3145	3286	3285	8	-1	-1	-1	0
3287	3146	3284	8	-1	-1	-1	0
3339	3190	3189	3	-1	-1	-1	0
3146	3287	3288	8	-1	-1	-1	0
3240	3289	3193	12	-1	-1	-1	0
3192	3190	3340	3	-1	-1	-1	0
3289	3147	3288	12	-1	-1	-1	0
3342	3194	3193	12	-1	-1	-1	0
3150	3290	3291	12	-1	-1	-1	0
3292	3150	3291	12	-1	-1	-1	0
3343	3195	3196	8	-1	-1	-1	0
3345	3196	3199	8	-1	-1	-1	0
3152	3294	3295	12	0	-1	-1	0
3194	3342	3208	8	-1	-1	-1	0
3293	3154	3297	12	-1	-1	-1	0
3296	3153	3295	12	-1	-1	-1	0
3298	3155	3293	12	-1	-1	-1	0
3154	3296	3297	12	-1	-1	-1	0
3300	3290	3157	12	-1	-1	-1	0
3200	3201	3347	8	-1	-1	-1	0
3348	3201	3203	8	-1	-1	-1	0
3298	3299	3156	12	-1	-1	-1	0
3349	3203	3202	8	-1	-1	-1	0
3347	3207	3200	8	-1	-1	-1	0
3217	3195	3343	8	-1	-1	-1	0
3157	3299	3300	12	-1	-1	-1	0
3202	3205	3349	8	-1	-1	-1	0
3333	3242	3184	3	-1	-1	-1	0
3204	3353	3205	8	-1	-1	-1	0
3210	3352	3204	8	-1	-1	-1	0
3303	3161	3302	12	-1	-1	-1	0
3304	3162	3303	12	-1	-1	-1	0
3304	3305	3162	12	-1	-1	-1	0
3209	3208	3355	8	-1	-1	-1	0
3307	3163	3306	12	-1	-1	-1	0
3209	3356	3212	8	-1	-1	-1	0
3346	3199	3231	8	-1	-1	-1	0
3306	3164	3308	12	-1	-1	-1	0
3357	3210	3211	8	-1	-1	-1	0
3165	3305	3309	12	-1	-1	-1	0
3269	3240	3270	12	-1	-1	-1	0
3347	3227	3207	8	-1	-1	-1	0
3211	3212	3359	8	-1	-1	-1	0
3166	3310	3308	12	-1	-1	-1	0
3311	3166	3309	12	-1	-1	-1	0
3166	3311	3310	12	-1	-1	-1	0
3301	3170	3316	12	-1	-1	-1	0
3362	3214	3215	7	-1	-1	-1	0
3215	3217	3362	7	-1	-1	-1	0
3312	3169	3314	3	-1	-1	-1	0
3214	3363	3220	7	-1	-1	-1	0
3240	3269	3289	12	-1	-1	-1	0
3178	3292	3330	12	-1	-1	-1	0
3317	3171	3312	12	-1	-1	-1	0
3315	3316	3170	12	-1	-1	-1	0
3317	3315	3171	12	-1	-1	-1	0
3220	3364	3219	7	-1	-1	-1	0
3364	3221	3219	7	-1	-1	-1	0
3229	3346	3231	7	-1	-1	-1	0
3176	3307	3325	12	-1	-1	-1	0
3172	3318	3319	12	-1	-1	-1	0
3330	3302	3178	12	-1	-1	-1	0
3173	3320	3318	12	-1	-1	-1	0
3223	3222	3366	7	-1	-1	-1	0
3175	3323	3313	3	-1	-1	-1	0
3224	3223	3367	7	-1	-1	-1	0
3366	3222	3227	7	-1	-1	-1	0
3322	3174	3319	12	-1	-1	-1	0
3221	3365	3230	7	-1	-1	-1	0
3322	3321	3174	12	-1	-1	-1	0
3175	3321	3324	3	-1	-1	-1	0
3324	3323	3175	3	-1	-1	-1	0
3342	3193	3289	12	-1	-1	-1	0
3187	3301	3337	12	-1	-1	-1	0
3177	3329	3320	12	-1	-1	-1	0
3237	3354	3236	8	-1	-1	-1	0
3176	3325	3326	12	-1	-1	-1	0
3368	3229	3230	7	-1	-1	-1	0
3237	3224	3367	7	-1	-1	-1	0
3313	3332	3183	3	-1	-1	-1	0
3326	3327	3176	12	-1	-1	-1	0
3327	3328	3177	12	-1	-1	-1	0
3329	3177	3328	12	-1	-1	-1	0
3232	3234	3369	7	-1	-1	-1	0
3370	3235	3233	7	-1	-1	-1	0
3370	3233	3236	7	-1	-1	-1	0
3372	3234	3235	7	-1	-1	-1	0
3332	3331	3183	3	-1	-1	-1	0
3341	3314	3192	3	-1	-1	-1	0
3333	3184	3331	3	-1	-1	-1	0
3375	3240	3238	12	-1	-1	-1	0
3239	3376	3238	12	-1	-1	-1	0
3185	3335	3334	12	-1	-1	-1	0
3376	3239	3241	12	-1	-1	-1	0
3336	3335	3186	12	-1	-1	-1	0
3338	3188	3334	12	-1	-1	-1	0
3187	3337	3336	12	-1	-1	-1	0
3339	3189	3338	3	-1	-1	-1	0
3244	3243	3379	3	-1	-1	-1	0
3247	3242	3378	3	-1	-1	-1	0
3246	3379	3243	3	-1	-1	-1	0
3339	3340	3190	3	-1	-1	-1	0
3381	3246	3245	12	-1	-1	-1	0
3340	3341	3192	3	-1	-1	-1	0
3247	3382	3245	12	-1	-1	-1	0
3244	3380	3251	3	-1	-1	-1	0
3385	3249	3248	3	-1	-1	-1	0
3343	3196	3344	8	-1	-1	-1	0
3385	3248	3251	3	-1	-1	-1	0
3240	3375	3270	12	-1	-1	-1	0
3249	3386	3250	3	-1	-1	-1	0
3344	3196	3345	8	-1	-1	-1	0
3252	3250	3387	12	-1	-1	-1	0
3345	3199	3346	8	-1	-1	-1	0
3252	3389	3253	12	-1	-1	-1	0
3201	3348	3347	8	-1	-1	-1	0
3255	3253	3390	12	-1	-1	-1	0
3241	3280	3377	12	-1	-1	-1	0
3350	3348	3203	8	-1	-1	-1	0
3256	3254	3391	12	-1	-1	-1	0
3392	3254	3255	12	-1	-1	-1	0
3349	3350	3203	8	-1	-1	-1	0
3342	3355	3208	8	-1	-1	-1	0
3257	3256	3394	12	-1	-1	-1	0
3204	3352	3351	8	-1	-1	-1	0
3351	3353	3204	8	-1	-1	-1	0
3205	3354	3349	8	-1	-1	-1	0
3258	3257	3397	12	-1	-1	-1	0
3205	3353	3354	8	-1	-1	-1	0
3398	3259	3258	12	-1	-1	-1	0
3273	3270	3375	12	-1	-1	-1	0
3210	3357	3352	8	-1	-1	-1	0
3289	3288	3342	12	-1	-1	-1	0
3399	3261	3259	12	-1	-1	-1	0
3209	3355	3356	8	-1	-1	-1	0
3217	3343	3362	7	-1	-1	-1	0
3260	3261	3401	12	-1	-1	-1	0
3400	3262	3260	12	-1	-1	-1	0
3211	3358	3357	8	-1	-1	-1	0
3262	3402	3263	12	-1	-1	-1	0
3358	3211	3359	8	-1	-1	-1	0
3356	3361	3212	8	-1	-1	-1	0
3287	3355	3288	8	-1	-1	-1	0
3212	3360	3359	8	-1	-1	-1	0
3361	3360	3212	8	-1	-1	-1	0
3265	3405	3264	12	-1	-1	-1	0
3404	3268	3263	12	-1	-1	-1	0
3266	3264	3406	12	-1	-1	-1	0
3214	3362	3363	7	-1	-1	-1	0
3354	3237	3349	8	-1	-1	-1	0
3366	3227	3347	8	-1	-1	-1	0
3408	3265	3268	12	-1	-1	-1	0
3266	3409	3267	12	-1	-1	-1	0
3346	3229	3368	7	-1	-1	-1	0
3363	3364	3220	7	-1	-1	-1	0
3221	3364	3365	7	-1	-1	-1	0
3378	3242	3333	3	-1	-1	-1	0
3367	3349	3237	8	-1	-1	-1	0
3366	3367	3223	7	-1	-1	-1	0
3273	3413	3271	12	-1	-1	-1	0
3271	3414	3272	12	-1	-1	-1	0
3267	3411	3281	12	-1	-1	-1	0
3368	3230	3365	7	-1	-1	-1	0
3415	3277	3272	12	-1	-1	-1	0
3354	3374	3236	8	-1	-1	-1	0
3275	3274	3416	12	-1	-1	-1	0
3274	3276	3416	12	-1	-1	-1	0
3312	3314	3341	3	-1	-1	-1	0
3332	3313	3323	3	-1	-1	-1	0
3312	3341	3317	3	-1	-1	-1	0
3418	3276	3277	12	-1	-1	-1	0
3279	3275	3417	2	-1	-1	-1	0
3281	3411	3282	12	-1	-1	-1	0
3371	3369	3234	7	-1	-1	-1	0
3278	3279	3417	2	-1	-1	-1	0
3234	3372	3371	7	-1	-1	-1	0
3419	3280	3278	2	-1	-1	-1	0
3373	3235	3370	7	-1	-1	-1	0
3373	3372	3235	7	-1	-1	-1	0
3374	3370	3236	8	-1	-1	-1	0
3355	3342	3288	8	-1	-1	-1	0
3238	3376	3375	12	-1	-1	-1	0
3422	3284	3283	8	-1	-1	-1	0
3421	3286	3282	8	-1	-1	-1	0
3285	3422	3283	8	-1	-1	-1	0
3241	3377	3376	12	-1	-1	-1	0
3287	3284	3423	8	-1	-1	-1	0
3286	3424	3285	8	-1	-1	-1	0
3287	3356	3355	8	-1	-1	-1	0
3379	3380	3244	3	-1	-1	-1	0
3291	3290	3427	12	-1	-1	-1	0
3246	3383	3379	12	-1	-1	-1	0
3382	3381	3245	12	-1	-1	-1	0
3247	3378	3384	12	-1	-1	-1	0
3246	3381	3383	12	-1	-1	-1	0
3292	3291	3428	12	-1	-1	-1	0
3382	3247	3384	12	-1	-1	-1	0
3427	3290	3300	12	-1	-1	-1	0
3251	3380	3388	3	-1	-1	-1	0
3429	3293	3297	12	-1	-1	-1	0
3385	3386	3249	3	-1	-1	-1	0
3295	3294	3431	12	-1	-1	-1	0
3293	3429	3298	12	-1	-1	-1	0
3296	3295	3432	12	-1	-1	-1	0
3250	3386	3387	3	-1	-1	-1	0
3385	3251	3388	3	-1	-1	-1	0
3375	3376	3273	12	-1	-1	-1	0
3297	3296	3433	12	-1	-1	-1	0
3376	3377	3273	12	-1	-1	-1	0
3252	3387	3389	12	-1	-1	-1	0
3390	3253	3389	12	-1	-1	-1	0
3299	3298	3435	12	-1	-1	-1	0
3300	3299	3436	12	-1	-1	-1	0
3391	3254	3392	12	-1	-1	-1	0
3390	3393	3255	12	-1	-1	-1	0
3392	3255	3393	12	-1	-1	-1	0
3256	3391	3394	12	-1	-1	-1	0
3303	3302	3441	12	-1	-1	-1	0
3396	3257	3394	12	-1	-1	-1	0
3396	3395	3257	12	-1	-1	-1	0
3257	3395	3397	12	-1	-1	-1	0
3330	3292	3428	12	-1	-1	-1	0
3303	3443	3304	12	-1	-1	-1	0
3258	3397	3398	12	-1	-1	-1	0
3304	3444	3305	12	-1	-1	-1	0
3398	3399	3259	12	-1	-1	-1	0
3316	3439	3301	12	-1	-1	-1	0
3345	3346	3368	7	-1	-1	-1	0
3446	3309	3305	12	-1	-1	-1	0
3401	3400	3260	12	-1	-1	-1	0
3366	3347	3348	8	-1	-1	-1	0
3306	3308	3447	12	-1	-1	-1	0
3399	3401	3261	12	-1	-1	-1	0
3448	3307	3306	12	-1	-1	-1	0
3413	3273	3377	12	-1	-1	-1	0
3348	3350	3366	8	-1	-1	-1	0
3400	3402	3262	12	-1	-1	-1	0
3310	3447	3308	12	-1	-1	-1	0
3367	3350	3349	8	-1	-1	-1	0
3287	3423	3356	8	-1	-1	-1	0
3402	3403	3263	12	-1	-1	-1	0
3404	3263	3403	12	-1	-1	-1	0
3309	3451	3311	12	-1	-1	-1	0
3330	3440	3302	12	-1	-1	-1	0
3310	3311	3452	12	-1	-1	-1	0
3264	3405	3406	12	-1	-1	-1	0
3337	3301	3439	12	-1	-1	-1	0
3377	3280	3420	12	-1	-1	-1	0
3407	3405	3265	12	-1	-1	-1	0
3408	3407	3265	12	-1	-1	-1	0
3307	3449	3325	12	-1	-1	-1	0
3266	3406	3409	12	-1	-1	-1	0
3366	3350	3367	8	-1	-1	-1	0
3412	3268	3404	12	-1	-1	-1	0
3454	3316	3315	12	-1	-1	-1	0
3454	3315	3317	12	-1	-1	-1	0
3410	3267	3409	12	-1	-1	-1	0
3268	3412	3408	12	-1	-1	-1	0
3267	3410	3411	12	-1	-1	-1	0
3318	3457	3319	12	-1	-1	-1	0
3458	3318	3320	12	-1	-1	-1	0
3414	3271	3413	12	-1	-1	-1	0
3460	3322	3319	12	-1	-1	-1	0
3415	3272	3414	12	-1	-1	-1	0
3321	3322	3464	12	-1	-1	-1	0
3275	3416	3417	2	-1	-1	-1	0
3463	3324	3321	3	-1	-1	-1	0
3415	3418	3277	12	-1	-1	-1	0
3320	3329	3461	12	-1	-1	-1	0
3418	3416	3276	12	-1	-1	-1	0
3341	3456	3317	3	-1	-1	-1	0
3282	3411	3421	8	-1	-1	-1	0
3278	3417	3419	2	-1	-1	-1	0
3323	3324	3467	3	-1	-1	-1	0
3419	3420	3280	12	-1	-1	-1	0
3469	3326	3325	12	-1	-1	-1	0
3466	3332	3323	3	-1	-1	-1	0
3327	3326	3470	12	-1	-1	-1	0
3327	3473	3328	12	-1	-1	-1	0
3422	3423	3284	8	-1	-1	-1	0
3424	3422	3285	8	-1	-1	-1	0
3475	3329	3328	12	-1	-1	-1	0
3421	3426	3286	8	-1	-1	-1	0
3286	3425	3424	8	-1	-1	-1	0
3340	3339	3456	3	-1	-1	-1	0
3456	3341	3340	3	-1	-1	-1	0
3286	3426	3425	8	-1	-1	-1	0
3423	3361	3356	8	-1	-1	-1	0
3332	3479	3331	3	-1	-1	-1	0
3479	3333	3331	3	-1	-1	-1	0
3291	3427	3428	12	-1	-1	-1	0
3335	3482	3334	12	-1	-1	-1	0
3335	3336	3483	12	-1	-1	-1	0
3482	3338	3334	12	-1	-1	-1	0
3294	3430	3431	12	0	-1	-1	0
3337	3483	3336	12	-1	-1	-1	0
3432	3295	3431	12	-1	-1	-1	0
3429	3297	3434	12	-1	-1	-1	0
3432	3433	3296	12	-1	-1	-1	0
3298	3429	3435	12	-1	-1	-1	0
3339	3338	3485	3	-1	-1	-1	0
3300	3437	3427	12	-1	-1	-1	0
3297	3433	3434	12	-1	-1	-1	0
3436	3299	3435	12	-1	-1	-1	0
3487	3343	3344	7	-1	-1	-1	0
3300	3436	3438	12	-1	-1	-1	0
3438	3437	3300	12	-1	-1	-1	0
3345	3488	3344	7	-1	-1	-1	0
3441	3302	3440	12	-1	-1	-1	0
3441	3442	3303	12	-1	-1	-1	0
3303	3442	3443	12	-1	-1	-1	0
3378	3333	3481	3	-1	-1	-1	0
3362	3343	3487	7	-1	-1	-1	0
3443	3445	3304	12	-1	-1	-1	0
3489	3353	3351	8	-1	-1	-1	0
3445	3444	3304	12	-1	-1	-1	0
3305	3444	3446	12	-1	-1	-1	0
3490	3354	3353	8	-1	-1	-1	0
3368	3488	3345	7	-1	-1	-1	0
3447	3448	3306	12	-1	-1	-1	0
3448	3450	3307	12	-1	-1	-1	0
3449	3307	3450	12	-1	-1	-1	0
3451	3309	3446	12	-1	-1	-1	0
3492	3358	3359	8	-1	-1	-1	0
3310	3452	3447	12	-1	-1	-1	0
3316	3455	3439	12	-1	-1	-1	0
3377	3420	3413	12	-1	-1	-1	0
3493	3359	3360	8	-1	-1	-1	0
3487	3363	3362	7	-1	-1	-1	0
3311	3451	3453	12	-1	-1	-1	0
3360	3361	3494	8	-1	-1	-1	0
3453	3452	3311	12	-1	-1	-1	0
3354	3490	3374	8	-1	-1	-1	0
3365	3488	3368	7	-1	-1	-1	0
3497	3364	3363	7	-1	-1	-1	0
3316	3454	3455	12	-1	-1	-1	0
3364	3497	3365	7	-1	-1	-1	0
3317	3456	3454	3	-1	-1	-1	0
3318	3458	3457	12	-1	-1	-1	0
3459	3319	3457	12	-1	-1	-1	0
3478	3330	3428	12	-1	-1	-1	0
3369	3371	3498	7	-1	-1	-1	0
3319	3459	3460	12	-1	-1	-1	0
3462	3458	3320	12	-1	-1	-1	0
3370	3499	3373	8	-1	-1	-1	0
3449	3469	3325	12	-1	-1	-1	0
3462	3320	3461	12	-1	-1	-1	0
3499	3370	3374	8	-1	-1	-1	0
3372	3500	3371	7	-1	-1	-1	0
3373	3502	3372	7	-1	-1	-1	0
3413	3420	3414	12	-1	-1	-1	0
3322	3460	3465	12	-1	-1	-1	0
3463	3321	3464	3	-1	-1	-1	0
3440	3330	3478	12	-1	-1	-1	0
3322	3465	3464	12	-1	-1	-1	0
3468	3324	3463	3	-1	-1	-1	0
3323	3467	3466	3	-1	-1	-1	0
3467	3324	3468	3	-1	-1	-1	0
3337	3439	3484	12	-1	-1	-1	0
3379	3506	3380	12	-1	-1	-1	0
3326	3469	3471	12	-1	-1	-1	0
3477	3461	3329	12	-1	-1	-1	0
3470	3326	3471	12	-1	-1	-1	0
3378	3505	3384	12	-1	-1	-1	0
3506	3379	3383	12	-1	-1	-1	0
3470	3472	3327	12	-1	-1	-1	0
3381	3382	3508	12	-1	-1	-1	0
3381	3508	3383	12	-1	-1	-1	0
3473	3327	3472	12	-1	-1	-1	0
3474	3328	3473	12	-1	-1	-1	0
3509	3382	3384	12	-1	-1	-1	0
3388	3380	3507	12	-1	-1	-1	0
3328	3474	3475	12	-1	-1	-1	0
3480	3332	3466	3	-1	-1	-1	0
3495	3361	3423	8	-1	-1	-1	0
3329	3475	3476	12	-1	-1	-1	0
3339	3486	3456	3	-1	-1	-1	0
3477	3329	3476	12	-1	-1	-1	0
3386	3385	3512	3	-1	-1	-1	0
3387	3386	3512	3	-1	-1	-1	0
3396	3506	3383	12	-1	-1	-1	0
3388	3513	3385	3	-1	-1	-1	0
3510	3396	3383	12	-1	-1	-1	0
3514	3389	3387	12	-1	-1	-1	0
3480	3479	3332	3	-1	-1	-1	0
3390	3389	3514	12	-1	-1	-1	0
3479	3481	3333	3	-1	-1	-1	0
3394	3506	3396	12	-1	-1	-1	0
3390	3516	3393	12	-1	-1	-1	0
3483	3482	3335	12	-1	-1	-1	0
3396	3510	3395	12	-1	-1	-1	0
3392	3518	3391	12	-1	-1	-1	0
3391	3517	3394	12	-1	-1	-1	0
3392	3393	3519	12	-1	-1	-1	0
3337	3484	3483	12	-1	-1	-1	0
3485	3338	3482	3	-1	-1	-1	0
3486	3339	3485	3	-1	-1	-1	0
3395	3520	3397	12	-1	-1	-1	0
3397	3523	3398	12	-1	-1	-1	0
3487	3344	3488	7	-1	-1	-1	0
3398	3523	3399	12	-1	-1	-1	0
3401	3399	3524	12	-1	-1	-1	0
3525	3402	3400	9	-1	-1	-1	0
3526	3400	3401	9	-1	-1	-1	0
3489	3490	3353	8	-1	-1	-1	0
3528	3403	3402	9	-1	-1	-1	0
3529	3404	3403	9	-1	-1	-1	0
3495	3423	3422	8	-1	-1	-1	0
3491	3358	3492	8	-1	-1	-1	0
3531	3406	3405	12	-1	-1	-1	0
3531	3405	3407	12	-1	-1	-1	0
3493	3492	3359	8	-1	-1	-1	0
3412	3404	3530	9	-1	-1	-1	0
3363	3487	3497	7	-1	-1	-1	0
3406	3532	3409	12	-1	-1	-1	0
3494	3493	3360	8	-1	-1	-1	0
3407	3408	3534	12	-1	-1	-1	0
3497	3488	3365	7	-1	-1	-1	0
3361	3496	3494	8	-1	-1	-1	0
3496	3361	3495	8	-1	-1	-1	0
3536	3408	3412	12	-1	-1	-1	0
3410	3409	3537	12	-1	-1	-1	0
3411	3410	3539	8	-1	-1	-1	0
3505	3378	3481	12	-1	-1	-1	0
3504	3374	3490	8	-1	-1	-1	0
3498	3371	3500	7	-1	-1	-1	0
3542	3415	3414	12	-1	-1	-1	0
3411	3539	3421	8	-1	-1	-1	0
3501	3500	3372	7	-1	-1	-1	0
3503	3373	3499	8	-1	-1	-1	0
3372	3502	3501	7	-1	-1	-1	0
3543	3418	3415	12	-1	-1	-1	0
3417	3416	3543	2	-1	-1	-1	0
3420	3542	3414	12	-1	-1	-1	0
3543	3416	3418	2	-1	-1	-1	0
3374	3504	3499	8	-1	-1	-1	0
3373	3503	3502	8	-1	-1	-1	0
3439	3455	3484	12	-1	-1	-1	0
3543	3419	3417	2	-1	-1	-1	0
3419	3542	3420	12	-1	-1	-1	0
3422	3424	3545	8	-1	-1	-1	0
3544	3426	3421	8	-1	-1	-1	0
3507	3380	3506	12	-1	-1	-1	0
3454	3486	3455	3	-1	-1	-1	0
3424	3425	3546	8	-1	-1	-1	0
3456	3486	3454	3	-1	-1	-1	0
3425	3426	3548	8	-1	-1	-1	0
3509	3508	3382	12	-1	-1	-1	0
3511	3384	3505	12	-1	-1	-1	0
3510	3383	3508	12	-1	-1	-1	0
3384	3511	3509	12	-1	-1	-1	0
3427	3551	3428	12	-1	-1	-1	0
3506	3394	3507	12	-1	-1	-1	0
3507	3515	3388	12	-1	-1	-1	0
3513	3512	3385	3	-1	-1	-1	0
3512	3514	3387	3	-1	-1	-1	0
3437	3550	3427	12	-1	-1	-1	0
3434	3552	3429	12	-1	-1	-1	0
3554	3431	3430	12	-1	-1	-1	0
3388	3515	3513	12	-1	-1	-1	0
3429	3552	3435	12	-1	-1	-1	0
3517	3507	3394	12	-1	-1	-1	0
3555	3432	3431	12	-1	-1	-1	0
3514	3516	3390	12	-1	-1	-1	0
3433	3432	3555	12	-1	-1	-1	0
3433	3556	3434	12	-1	-1	-1	0
3485	3484	3455	3	-1	-1	-1	0
3395	3510	3520	12	-1	-1	-1	0
3455	3486	3485	3	-1	-1	-1	0
3391	3518	3517	12	-1	-1	-1	0
3516	3519	3393	12	-1	-1	-1	0
3392	3519	3518	12	-1	-1	-1	0
3436	3435	3559	12	-1	-1	-1	0
3559	3438	3436	12	-1	-1	-1	0
3560	3437	3438	12	-1	-1	-1	0
3522	3397	3520	12	-1	-1	-1	0
3521	3397	3522	12	-1	-1	-1	0
3523	3397	3521	12	-1	-1	-1	0
3441	3440	3563	12	-1	-1	-1	0
3524	3399	3523	12	-1	-1	-1	0
3565	3442	3441	12	-1	-1	-1	0
3482	3483	3484	3	-1	-1	-1	0
3526	3525	3400	9	-1	-1	-1	0
3485	3482	3484	3	-1	-1	-1	0
3527	3401	3524	9	-1	-1	-1	0
3443	3442	3567	12	-1	-1	-1	0
3401	3527	3526	9	-1	-1	-1	0
3402	3525	3528	9	-1	-1	-1	0
3443	3568	3445	12	-1	-1	-1	0
3478	3428	3551	12	-1	-1	-1	0
3570	3444	3445	10	-1	-1	-1	0
3569	3446	3444	10	-1	-1	-1	0
3403	3528	3529	9	-1	-1	-1	0
3545	3495	3422	8	-1	-1	-1	0
3530	3404	3529	9	-1	-1	-1	0
3448	3447	3573	12	-1	-1	-1	0
3572	3451	3446	10	-1	-1	-1	0
3531	3533	3406	12	-1	-1	-1	0
3532	3406	3533	12	-1	-1	-1	0
3497	3487	3488	7	-1	-1	-1	0
3573	3447	3452	12	-1	-1	-1	0
3535	3531	3407	12	-1	-1	-1	0
3448	3576	3450	12	-1	-1	-1	0
3535	3407	3534	12	-1	-1	-1	0
3449	3450	3577	12	-1	-1	-1	0
3536	3534	3408	12	-1	-1	-1	0
3532	3538	3409	12	-1	-1	-1	0
3478	3564	3440	12	-1	-1	-1	0
3530	3541	3412	9	-1	-1	-1	0
3538	3537	3409	12	-1	-1	-1	0
3453	3451	3580	10	-1	-1	-1	0
3453	3581	3452	12	-1	-1	-1	0
3537	3540	3410	8	-1	-1	-1	0
3536	3412	3541	9	-1	-1	-1	0
3410	3540	3539	8	-1	-1	-1	0
3449	3578	3469	12	-1	-1	-1	0
3458	3583	3457	12	-1	-1	-1	0
3457	3584	3459	12	-1	-1	-1	0
3415	3542	3543	12	-1	-1	-1	0
3543	3542	3419	12	-1	-1	-1	0
3421	3539	3544	8	-1	-1	-1	0
3458	3462	3585	12	-1	-1	-1	0
3460	3459	3587	12	-1	-1	-1	0
3462	3461	3589	12	-1	-1	-1	0
3588	3465	3460	12	-1	-1	-1	0
3546	3545	3424	8	-1	-1	-1	0
3546	3425	3547	8	-1	-1	-1	0
3426	3544	3549	8	-1	-1	-1	0
3464	3592	3463	3	-1	-1	-1	0
3548	3547	3425	8	-1	-1	-1	0
3463	3591	3468	3	-1	-1	-1	0
3593	3464	3465	12	-1	-1	-1	0
3426	3549	3548	8	-1	-1	-1	0
3589	3461	3477	12	-1	-1	-1	0
3466	3467	3594	3	-1	-1	-1	0
3427	3550	3551	12	-1	-1	-1	0
3468	3595	3467	3	-1	-1	-1	0
3545	3496	3495	8	-1	-1	-1	0
3430	3553	3554	12	0	-1	-1	0
3597	3471	3469	12	-1	-1	-1	0
3471	3598	3470	12	-1	-1	-1	0
3515	3507	3517	12	-1	-1	-1	0
3554	3555	3431	12	-1	-1	-1	0
3466	3594	3480	3	-1	-1	-1	0
3599	3472	3470	12	-1	-1	-1	0
3558	3552	3434	12	-1	-1	-1	0
3555	3557	3433	12	-1	-1	-1	0
3552	3559	3435	12	-1	-1	-1	0
3557	3556	3433	12	-1	-1	-1	0
3560	3550	3437	12	-1	-1	-1	0
3473	3472	3602	12	-1	-1	-1	0
3556	3558	3434	12	-1	-1	-1	0
3473	3602	3474	12	-1	-1	-1	0
3518	3515	3517	12	-1	-1	-1	0
3474	3603	3475	9	-1	-1	-1	0
3475	3604	3476	9	-1	-1	-1	0
3561	3438	3559	12	-1	-1	-1	0
3606	3477	3476	12	-1	-1	-1	0
3562	3560	3438	12	-1	-1	-1	0
3438	3561	3562	12	-1	-1	-1	0
3564	3563	3440	12	-1	-1	-1	0
3609	3479	3480	3	-1	-1	-1	0
3479	3609	3481	3	-1	-1	-1	0
3441	3563	3565	12	-1	-1	-1	0
3566	3442	3565	12	-1	-1	-1	0
3442	3566	3567	12	-1	-1	-1	0
3568	3443	3567	12	-1	-1	-1	0
3444	3570	3569	10	-1	-1	-1	0
3571	3445	3568	10	-1	-1	-1	0
3571	3570	3445	10	-1	-1	-1	0
3569	3572	3446	10	-1	-1	-1	0
3490	3489	3612	8	-1	-1	-1	0
3575	3448	3573	12	-1	-1	-1	0
3574	3448	3575	12	-1	-1	-1	0
3481	3611	3505	12	-1	-1	-1	0
3491	3492	3614	8	-1	-1	-1	0
3574	3576	3448	12	-1	-1	-1	0
3615	3492	3493	8	-1	-1	-1	0
3572	3580	3451	10	-1	-1	-1	0
3494	3616	3493	8	-1	-1	-1	0
3578	3449	3577	12	-1	-1	-1	0
3450	3576	3579	12	-1	-1	-1	0
3612	3504	3490	8	-1	-1	-1	0
3581	3573	3452	12	-1	-1	-1	0
3450	3579	3577	12	-1	-1	-1	0
3496	3618	3494	8	-1	-1	-1	0
3582	3453	3580	10	-1	-1	-1	0
3540	3537	3538	8	-1	-1	-1	0
3581	3453	3582	10	-1	-1	-1	0
3621	3498	3500	7	-1	-1	-1	0
3622	3503	3499	8	-1	-1	-1	0
3623	3500	3501	7	-1	-1	-1	0
3457	3583	3584	12	-1	-1	-1	0
3622	3499	3504	8	-1	-1	-1	0
3458	3585	3583	12	-1	-1	-1	0
3502	3624	3501	7	-1	-1	-1	0
3459	3584	3586	12	-1	-1	-1	0
3503	3625	3502	8	-1	-1	-1	0
3459	3586	3587	12	-1	-1	-1	0
3460	3587	3588	12	-1	-1	-1	0
3462	3590	3585	12	-1	-1	-1	0
3608	3478	3551	12	-1	-1	-1	0
3589	3590	3462	12	-1	-1	-1	0
3505	3627	3511	12	-1	-1	-1	0
3469	3578	3597	12	-1	-1	-1	0
3628	3508	3509	12	-1	-1	-1	0
3465	3588	3593	12	-1	-1	-1	0
3628	3510	3508	12	-1	-1	-1	0
3463	3592	3591	3	-1	-1	-1	0
3592	3464	3593	3	-1	-1	-1	0
3608	3564	3478	12	-1	-1	-1	0
3511	3630	3509	12	-1	-1	-1	0
3591	3596	3468	3	-1	-1	-1	0
3595	3594	3467	3	-1	-1	-1	0
3633	3512	3513	3	-1	-1	-1	0
3510	3628	3520	12	-1	-1	-1	0
3512	3633	3514	3	-1	-1	-1	0
3596	3595	3468	3	-1	-1	-1	0
3545	3619	3496	8	-1	-1	-1	0
3513	3515	3634	12	-1	-1	-1	0
3516	3514	3633	3	-1	-1	-1	0
3634	3515	3518	12	-1	-1	-1	0
3470	3598	3599	12	-1	-1	-1	0
3516	3633	3519	12	-1	-1	-1	0
3598	3471	3600	12	-1	-1	-1	0
3597	3601	3471	12	-1	-1	-1	0
3518	3519	3634	12	-1	-1	-1	0
3629	3522	3520	12	-1	-1	-1	0
3600	3471	3601	12	-1	-1	-1	0
3602	3472	3599	12	-1	-1	-1	0
3477	3607	3589	12	-1	-1	-1	0
3602	3603	3474	9	-1	-1	-1	0
3636	3521	3522	12	-1	-1	-1	0
3521	3635	3523	12	-1	-1	-1	0
3475	3603	3604	9	-1	-1	-1	0
3635	3524	3523	12	-1	-1	-1	0
3480	3594	3610	3	-1	-1	-1	0
3604	3605	3476	9	-1	-1	-1	0
3476	3605	3606	9	-1	-1	-1	0
3527	3524	3638	9	-1	-1	-1	0
3607	3477	3606	12	-1	-1	-1	0
3525	3526	3639	9	-1	-1	-1	0
3528	3525	3639	9	-1	-1	-1	0
3640	3526	3527	9	-1	-1	-1	0
3642	3529	3528	9	-1	-1	-1	0
3609	3480	3610	3	-1	-1	-1	0
3481	3609	3611	12	-1	-1	-1	0
3530	3529	3643	9	-1	-1	-1	0
3619	3545	3546	8	-1	-1	-1	0
3646	3533	3531	12	-1	-1	-1	0
3535	3645	3531	12	-1	-1	-1	0
3533	3647	3532	12	-1	-1	-1	0
3541	3530	3644	9	-1	-1	-1	0
3538	3532	3647	12	-1	-1	-1	0
3535	3534	3649	12	-1	-1	-1	0
3613	3491	3614	8	-1	-1	-1	0
3649	3534	3536	12	-1	-1	-1	0
3615	3614	3492	8	-1	-1	-1	0
3615	3493	3616	8	-1	-1	-1	0
3494	3617	3616	8	-1	-1	-1	0
3651	3536	3541	9	-1	-1	-1	0
3618	3617	3494	8	-1	-1	-1	0
3652	3540	3538	8	-1	-1	-1	0
3654	3539	3540	8	-1	-1	-1	0
3496	3620	3618	8	-1	-1	-1	0
3496	3619	3620	8	-1	-1	-1	0
3654	3544	3539	8	-1	-1	-1	0
3504	3612	3626	8	-1	-1	-1	0
3611	3627	3505	12	-1	-1	-1	0
3621	3500	3623	7	-1	-1	-1	0
3623	3501	3624	7	-1	-1	-1	0
3503	3622	3625	8	-1	-1	-1	0
3544	3657	3549	8	-1	-1	-1	0
3546	3547	3658	8	-1	-1	-1	0
3625	3624	3502	8	-1	-1	-1	0
3622	3504	3626	8	-1	-1	-1	0
3547	3548	3660	8	-1	-1	-1	0
3548	3549	3661	8	-1	-1	-1	0
3628	3509	3629	12	-1	-1	-1	0
3551	3550	3665	12	-1	-1	-1	0
3629	3509	3630	12	-1	-1	-1	0
3627	3632	3511	12	-1	-1	-1	0
3630	3511	3631	12	-1	-1	-1	0
3664	3550	3560	12	-1	-1	-1	0
3631	3511	3632	12	-1	-1	-1	0
3552	3558	3666	12	-1	-1	-1	0
3553	3669	3554	12	-1	-1	-1	0
3629	3520	3628	12	-1	-1	-1	0
3552	3666	3559	12	-1	-1	-1	0
3555	3554	3669	12	-1	-1	-1	0
3633	3513	3634	12	-1	-1	-1	0
3669	3557	3555	12	-1	-1	-1	0
3557	3670	3556	12	-1	-1	-1	0
3556	3670	3558	12	-1	-1	-1	0
3633	3634	3519	12	-1	-1	-1	0
3666	3561	3559	12	-1	-1	-1	0
3637	3522	3629	12	-1	-1	-1	0
3636	3635	3521	12	-1	-1	-1	0
3637	3636	3522	12	-1	-1	-1	0
3562	3674	3560	12	-1	-1	-1	0
3635	3638	3524	9	-1	-1	-1	0
3562	3561	3676	12	-1	-1	-1	0
3640	3639	3526	9	-1	-1	-1	0
3527	3638	3641	9	-1	-1	-1	0
3679	3565	3563	12	-1	-1	-1	0
3563	3564	3680	12	-1	-1	-1	0
3640	3527	3641	9	-1	-1	-1	0
3528	3639	3642	9	-1	-1	-1	0
3682	3566	3565	12	-1	-1	-1	0
3642	3643	3529	9	-1	-1	-1	0
3567	3566	3683	12	-1	-1	-1	0
3644	3530	3643	9	-1	-1	-1	0
3685	3568	3567	12	-1	-1	-1	0
3531	3645	3646	12	-1	-1	-1	0
3619	3546	3659	8	-1	-1	-1	0
3665	3608	3551	12	-1	-1	-1	0
3571	3568	3686	10	-1	-1	-1	0
3569	3570	3687	10	-1	-1	-1	0
3533	3646	3648	12	-1	-1	-1	0
3533	3648	3647	12	-1	-1	-1	0
3569	3688	3572	10	-1	-1	-1	0
3650	3645	3535	12	-1	-1	-1	0
3689	3570	3571	10	-1	-1	-1	0
3649	3650	3535	12	-1	-1	-1	0
3649	3536	3651	9	-1	-1	-1	0
3538	3647	3653	8	-1	-1	-1	0
3656	3541	3644	9	-1	-1	-1	0
3573	3694	3575	12	-1	-1	-1	0
3652	3538	3653	8	-1	-1	-1	0
3695	3574	3575	12	-1	-1	-1	0
3580	3572	3693	10	-1	-1	-1	0
3540	3652	3654	8	-1	-1	-1	0
3576	3574	3696	12	-1	-1	-1	0
3655	3651	3541	9	-1	-1	-1	0
3573	3581	3694	12	-1	-1	-1	0
3541	3656	3655	9	-1	-1	-1	0
3576	3698	3579	12	-1	-1	-1	0
3608	3681	3564	12	-1	-1	-1	0
3577	3699	3578	12	-1	-1	-1	0
3654	3657	3544	8	-1	-1	-1	0
3579	3700	3577	12	-1	-1	-1	0
3658	3659	3546	8	-1	-1	-1	0
3658	3547	3660	8	-1	-1	-1	0
3580	3703	3582	10	-1	-1	-1	0
3704	3581	3582	10	-1	-1	-1	0
3549	3657	3663	8	-1	-1	-1	0
3662	3660	3548	8	-1	-1	-1	0
3548	3661	3662	8	-1	-1	-1	0
3705	3584	3583	12	-1	-1	-1	0
3585	3705	3583	12	-1	-1	-1	0
3549	3663	3661	8	-1	-1	-1	0
3584	3706	3586	12	-1	-1	-1	0
3578	3702	3597	12	-1	-1	-1	0
3664	3665	3550	12	-1	-1	-1	0
3587	3586	3709	12	-1	-1	-1	0
3590	3707	3585	12	-1	-1	-1	0
3588	3587	3710	12	-1	-1	-1	0
3667	3553	3668	12	-1	0	-1	0
3669	3553	3667	12	-1	-1	-1	0
3589	3712	3590	12	-1	-1	-1	0
3711	3593	3588	12	-1	-1	-1	0
3629	3630	3637	12	-1	-1	-1	0
3666	3558	3673	12	-1	-1	-1	0
3714	3591	3592	3	-1	-1	-1	0
3557	3669	3671	12	-1	-1	-1	0
3620	3619	3659	8	-1	-1	-1	0
3560	3674	3664	12	-1	-1	-1	0
3671	3670	3557	12	-1	-1	-1	0
3670	3672	3558	12	-1	-1	-1	0
3593	3715	3592	3	-1	-1	-1	0
3596	3591	3714	3	-1	-1	-1	0
3666	3675	3561	12	-1	-1	-1	0
3672	3673	3558	12	-1	-1	-1	0
3594	3595	3716	3	-1	-1	-1	0
3596	3717	3595	3	-1	-1	-1	0
3712	3589	3607	12	-1	-1	-1	0
3561	3675	3676	12	-1	-1	-1	0
3562	3677	3674	12	-1	-1	-1	0
3678	3562	3676	12	-1	-1	-1	0
3598	3720	3599	9	-1	-1	-1	0
3678	3677	3562	12	-1	-1	-1	0
3601	3597	3719	12	-1	-1	-1	0
3721	3598	3600	9	-1	-1	-1	0
3594	3716	3610	3	-1	-1	-1	0
3680	3679	3563	12	-1	-1	-1	0
3722	3602	3599	9	-1	-1	-1	0
3723	3600	3601	9	-1	-1	-1	0
3680	3564	3681	12	-1	-1	-1	0
3565	3679	3682	12	-1	-1	-1	0
3722	3603	3602	9	-1	-1	-1	0
3682	3684	3566	12	-1	-1	-1	0
3603	3725	3604	9	-1	-1	-1	0
3684	3683	3566	12	-1	-1	-1	0
3567	3683	3685	12	-1	-1	-1	0
3727	3605	3604	9	-1	-1	-1	0
3685	3686	3568	10	-1	-1	-1	0
3606	3605	3728	9	-1	-1	-1	0
3607	3606	3730	12	-1	-1	-1	0
3687	3688	3569	10	-1	-1	-1	0
3690	3687	3570	10	-1	-1	-1	0
3691	3571	3686	10	-1	-1	-1	0
3570	3689	3690	10	-1	-1	-1	0
3691	3689	3571	10	-1	-1	-1	0
3609	3610	3732	12	-1	-1	-1	0
3712	3607	3632	12	-1	-1	-1	0
3572	3688	3692	10	-1	-1	-1	0
3611	3609	3732	12	-1	-1	-1	0
3572	3692	3693	10	-1	-1	-1	0
3736	3613	3614	8	-1	-1	-1	0
3695	3575	3694	12	-1	-1	-1	0
3696	3574	3695	12	-1	-1	-1	0
3615	3738	3614	8	-1	-1	-1	0
3616	3738	3615	8	-1	-1	-1	0
3730	3632	3607	12	-1	-1	-1	0
3697	3576	3696	12	-1	-1	-1	0
3698	3576	3697	12	-1	-1	-1	0
3611	3734	3627	12	-1	-1	-1	0
3617	3740	3616	8	-1	-1	-1	0
3699	3577	3700	12	-1	-1	-1	0
3617	3618	3741	8	-1	-1	-1	0
3580	3693	3703	10	-1	-1	-1	0
3579	3698	3700	12	-1	-1	-1	0
3701	3578	3699	12	-1	-1	-1	0
3704	3694	3581	10	-1	-1	-1	0
3618	3620	3742	8	-1	-1	-1	0
3578	3701	3702	12	-1	-1	-1	0
3744	3621	3623	7	-1	-1	-1	0
3704	3582	3703	10	-1	-1	-1	0
3730	3631	3632	12	-1	-1	-1	0
3632	3627	3734	12	-1	-1	-1	0
3746	3625	3622	8	-1	-1	-1	0
3626	3745	3622	8	-1	-1	-1	0
3747	3623	3624	7	-1	-1	-1	0
3706	3584	3705	12	-1	-1	-1	0
3625	3748	3624	8	-1	-1	-1	0
3705	3585	3707	12	-1	-1	-1	0
3708	3586	3706	12	-1	-1	-1	0
3708	3709	3586	12	-1	-1	-1	0
3731	3608	3665	12	-1	-1	-1	0
3709	3710	3587	12	-1	-1	-1	0
3710	3711	3588	12	-1	-1	-1	0
3707	3590	3713	12	-1	-1	-1	0
3750	3630	3631	9	-1	-1	-1	0
3672	3670	3671	12	-1	-1	-1	0
3673	3675	3666	12	-1	-1	-1	0
3712	3713	3590	12	-1	-1	-1	0
3637	3630	3749	9	-1	-1	-1	0
3702	3719	3597	12	-1	-1	-1	0
3711	3715	3593	3	-1	-1	-1	0
3731	3681	3608	12	-1	-1	-1	0
3715	3714	3592	3	-1	-1	-1	0
3620	3659	3743	8	-1	-1	-1	0
3752	3635	3636	9	-1	-1	-1	0
3752	3638	3635	9	-1	-1	-1	0
3636	3637	3753	9	-1	-1	-1	0
3714	3718	3596	3	-1	-1	-1	0
3595	3717	3716	3	-1	-1	-1	0
3718	3717	3596	3	-1	-1	-1	0
3641	3638	3752	9	-1	-1	-1	0
3640	3754	3639	9	-1	-1	-1	0
3755	3642	3639	9	-1	-1	-1	0
3640	3641	3756	9	-1	-1	-1	0
3721	3720	3598	9	-1	-1	-1	0
3720	3722	3599	9	-1	-1	-1	0
3719	3724	3601	9	-1	-1	-1	0
3643	3642	3759	9	-1	-1	-1	0
3721	3600	3723	9	-1	-1	-1	0
3723	3601	3724	9	-1	-1	-1	0
3644	3643	3761	9	-1	-1	-1	0
3603	3722	3726	9	-1	-1	-1	0
3762	3646	3645	12	-1	-1	-1	0
3726	3725	3603	9	-1	-1	-1	0
3762	3648	3646	12	-1	-1	-1	0
3727	3604	3725	9	-1	-1	-1	0
3645	3650	3762	12	-1	-1	-1	0
3763	3647	3648	8	-1	-1	-1	0
3716	3733	3610	12	-1	-1	-1	0
3644	3761	3656	9	-1	-1	-1	0
3729	3605	3727	9	-1	-1	-1	0
3729	3728	3605	9	-1	-1	-1	0
3647	3763	3653	8	-1	-1	-1	0
3730	3606	3728	9	-1	-1	-1	0
3650	3649	3765	9	-1	-1	-1	0
3651	3765	3649	9	-1	-1	-1	0
3651	3655	3766	9	-1	-1	-1	0
3652	3653	3768	8	-1	-1	-1	0
3654	3652	3767	8	-1	-1	-1	0
3610	3733	3732	12	-1	-1	-1	0
3611	3732	3734	12	-1	-1	-1	0
3712	3632	3734	12	-1	-1	-1	0
3767	3657	3654	8	-1	-1	-1	0
3770	3655	3656	9	-1	-1	-1	0
3613	3736	3735	8	-1	-1	-1	0
3737	3736	3614	8	-1	-1	-1	0
3737	3614	3738	8	-1	-1	-1	0
3659	3658	3774	8	-1	-1	-1	0
3773	3663	3657	8	-1	-1	-1	0
3739	3738	3616	8	-1	-1	-1	0
3658	3660	3775	8	-1	-1	-1	0
3616	3740	3739	8	-1	-1	-1	0
3740	3617	3741	8	-1	-1	-1	0
3776	3660	3662	8	-1	-1	-1	0
3661	3777	3662	8	-1	-1	-1	0
3742	3741	3618	8	-1	-1	-1	0
3778	3661	3663	8	-1	-1	-1	0
3742	3620	3743	8	-1	-1	-1	0
3780	3665	3664	12	-1	-1	-1	0
3751	3631	3730	9	-1	-1	-1	0
3746	3622	3745	8	-1	-1	-1	0
3623	3747	3744	7	-1	-1	-1	0
3624	3748	3747	8	-1	-1	-1	0
3746	3748	3625	8	-1	-1	-1	0
3669	3667	3783	12	-1	-1	-1	0
3674	3781	3664	12	-1	-1	-1	0
3784	3667	3668	12	-1	-1	-1	0
3671	3669	3783	12	-1	-1	-1	0
3630	3750	3749	9	-1	-1	-1	0
3672	3671	3787	12	-1	-1	-1	0
3751	3750	3631	9	-1	-1	-1	0
3789	3673	3672	12	-1	-1	-1	0
3753	3637	3749	9	-1	-1	-1	0
3673	3791	3675	12	-1	-1	-1	0
3752	3636	3753	9	-1	-1	-1	0
3675	3791	3676	12	-1	-1	-1	0
3674	3677	3792	12	-1	-1	-1	0
3793	3678	3676	12	-1	-1	-1	0
3754	3755	3639	9	-1	-1	-1	0
3678	3794	3677	12	-1	-1	-1	0
3757	3641	3752	9	-1	-1	-1	0
3756	3754	3640	9	-1	-1	-1	0
3641	3758	3756	9	-1	-1	-1	0
3641	3757	3758	9	-1	-1	-1	0
3755	3760	3642	9	-1	-1	-1	0
3798	3679	3680	12	-1	-1	-1	0
3713	3712	3733	12	-1	-1	-1	0
3682	3679	3798	12	-1	-1	-1	0
3759	3642	3760	9	-1	-1	-1	0
3680	3681	3800	12	-1	-1	-1	0
3759	3761	3643	9	-1	-1	-1	0
3682	3801	3684	12	-1	-1	-1	0
3683	3803	3685	12	-1	-1	-1	0
3684	3804	3683	12	-1	-1	-1	0
3648	3762	3764	8	-1	-1	-1	0
3764	3763	3648	8	-1	-1	-1	0
3659	3774	3743	8	-1	-1	-1	0
3762	3650	3765	8	-1	-1	-1	0
3685	3807	3686	10	-1	-1	-1	0
3665	3782	3731	12	-1	-1	-1	0
3734	3733	3712	12	-1	-1	-1	0
3765	3651	3766	9	-1	-1	-1	0
3688	3687	3809	10	-1	-1	-1	0
3808	3691	3686	10	-1	-1	-1	0
3763	3769	3653	8	-1	-1	-1	0
3687	3690	3809	10	-1	-1	-1	0
3767	3652	3768	8	-1	-1	-1	0
3772	3656	3761	9	-1	-1	-1	0
3692	3688	3810	10	-1	-1	-1	0
3768	3653	3769	8	-1	-1	-1	0
3766	3655	3770	9	-1	-1	-1	0
3690	3689	3814	10	-1	-1	-1	0
3813	3689	3691	10	-1	-1	-1	0
3770	3656	3771	9	-1	-1	-1	0
3767	3773	3657	8	-1	-1	-1	0
3771	3656	3772	9	-1	-1	-1	0
3732	3733	3734	12	-1	-1	-1	0
3818	3693	3692	10	-1	-1	-1	0
3658	3775	3774	8	-1	-1	-1	0
3728	3729	3751	9	-1	-1	-1	0
3730	3728	3751	9	-1	-1	-1	0
3695	3694	3820	10	-1	-1	-1	0
3776	3775	3660	8	-1	-1	-1	0
3821	3696	3695	10	-1	-1	-1	0
3731	3800	3681	12	-1	-1	-1	0
3773	3778	3663	8	-1	-1	-1	0
3693	3819	3703	10	-1	-1	-1	0
3697	3696	3822	10	-1	-1	-1	0
3778	3777	3661	8	-1	-1	-1	0
3776	3662	3779	8	-1	-1	-1	0
3779	3662	3777	8	-1	-1	-1	0
3694	3704	3820	10	-1	-1	-1	0
3824	3698	3697	12	-1	-1	-1	0
3698	3826	3700	12	-1	-1	-1	0
3781	3780	3664	12	-1	-1	-1	0
3665	3780	3782	12	-1	-1	-1	0
3700	3828	3699	12	-1	-1	-1	0
3701	3699	3828	12	-1	-1	-1	0
3701	3830	3702	12	-1	-1	-1	0
3784	3783	3667	12	-1	-1	-1	0
3668	3786	3784	12	-1	-1	-1	0
3786	3668	3785	12	-1	0	-1	0
3704	3703	3833	10	-1	-1	-1	0
3783	3788	3671	12	-1	-1	-1	0
3787	3671	3788	12	-1	-1	-1	0
3705	3836	3706	12	-1	-1	-1	0
3674	3792	3781	12	-1	-1	-1	0
3707	3835	3705	12	-1	-1	-1	0
3787	3789	3672	12	-1	-1	-1	0
3706	3837	3708	12	-1	-1	-1	0
3790	3673	3789	12	-1	-1	-1	0
3719	3702	3832	12	-1	-1	-1	0
3791	3673	3790	12	-1	-1	-1	0
3708	3840	3709	12	-1	-1	-1	0
3753	3749	3757	9	-1	-1	-1	0
3713	3839	3707	12	-1	-1	-1	0
3793	3676	3791	12	-1	-1	-1	0
3710	3709	3841	12	-1	-1	-1	0
3711	3710	3841	12	-1	-1	-1	0
3752	3753	3757	9	-1	-1	-1	0
3677	3795	3792	12	-1	-1	-1	0
3794	3795	3677	12	-1	-1	-1	0
3678	3793	3796	12	-1	-1	-1	0
3715	3711	3842	3	-1	-1	-1	0
3797	3794	3678	12	-1	-1	-1	0
3796	3797	3678	12	-1	-1	-1	0
3714	3715	3842	3	-1	-1	-1	0
3716	3717	3839	12	-1	-1	-1	0
3717	3718	3838	12	-1	-1	-1	0
3843	3718	3714	3	-1	-1	-1	0
3799	3798	3680	12	-1	-1	-1	0
3799	3680	3800	12	-1	-1	-1	0
3802	3682	3798	12	-1	-1	-1	0
3733	3839	3713	12	-1	-1	-1	0
3682	3802	3801	12	-1	-1	-1	0
3721	3846	3720	9	-1	-1	-1	0
3846	3722	3720	9	-1	-1	-1	0
3716	3839	3733	12	-1	-1	-1	0
3724	3719	3845	9	-1	-1	-1	0
3803	3683	3804	12	-1	-1	-1	0
3801	3806	3684	12	-1	-1	-1	0
3721	3723	3847	9	-1	-1	-1	0
3764	3762	3765	8	-1	-1	-1	0
3684	3805	3804	12	-1	-1	-1	0
3806	3805	3684	12	-1	-1	-1	0
3764	3765	3766	8	-1	-1	-1	0
3803	3807	3685	10	-1	-1	-1	0
3760	3776	3759	9	-1	-1	-1	0
3724	3849	3723	9	-1	-1	-1	0
3726	3722	3848	9	-1	-1	-1	0
3759	3779	3761	9	-1	-1	-1	0
3807	3808	3686	10	-1	-1	-1	0
3725	3726	3851	9	-1	-1	-1	0
3725	3851	3727	9	-1	-1	-1	0
3809	3811	3688	10	-1	-1	-1	0
3767	3768	3773	8	-1	-1	-1	0
3727	3853	3729	9	-1	-1	-1	0
3810	3688	3811	10	-1	-1	-1	0
3775	3776	3760	9	-1	-1	-1	0
3779	3759	3776	9	-1	-1	-1	0
3815	3809	3690	10	-1	-1	-1	0
3813	3812	3689	10	-1	-1	-1	0
3812	3814	3689	10	-1	-1	-1	0
3808	3817	3691	10	-1	-1	-1	0
3816	3690	3814	10	-1	-1	-1	0
3810	3818	3692	10	-1	-1	-1	0
3691	3817	3813	10	-1	-1	-1	0
3690	3816	3815	10	-1	-1	-1	0
3858	3735	3736	8	-1	-1	-1	0
3818	3819	3693	10	-1	-1	-1	0
3859	3736	3737	8	-1	-1	-1	0
3729	3854	3751	9	-1	-1	-1	0
3860	3737	3738	8	-1	-1	-1	0
3820	3821	3695	10	-1	-1	-1	0
3860	3738	3739	8	-1	-1	-1	0
3696	3821	3823	10	-1	-1	-1	0
3696	3823	3822	10	-1	-1	-1	0
3863	3739	3740	9	-1	-1	-1	0
3825	3697	3822	10	-1	-1	-1	0
3740	3741	3864	9	-1	-1	-1	0
3697	3825	3824	10	-1	-1	-1	0
3742	3865	3741	9	-1	-1	-1	0
3827	3698	3824	12	-1	-1	-1	0
3826	3698	3827	12	-1	-1	-1	0
3742	3743	3867	9	-1	-1	-1	0
3854	3750	3751	9	-1	-1	-1	0
3826	3829	3700	12	-1	-1	-1	0
3788	3783	3784	12	-1	-1	-1	0
3819	3834	3703	10	-1	-1	-1	0
3828	3700	3829	12	-1	-1	-1	0
3820	3704	3833	10	-1	-1	-1	0
3831	3701	3828	12	-1	-1	-1	0
3744	3747	3869	7	-1	-1	-1	0
3745	3870	3746	8	-1	-1	-1	0
3701	3831	3830	12	-1	-1	-1	0
3870	3748	3746	8	-1	-1	-1	0
3702	3830	3832	12	-1	-1	-1	0
3871	3747	3748	8	-1	-1	-1	0
3856	3731	3782	12	-1	-1	-1	0
3833	3703	3834	10	-1	-1	-1	0
3750	3872	3749	9	-1	-1	-1	0
3836	3705	3835	12	-1	-1	-1	0
3749	3872	3757	9	-1	-1	-1	0
3837	3706	3836	12	-1	-1	-1	0
3835	3707	3838	12	-1	-1	-1	0
3873	3755	3754	9	-1	-1	-1	0
3754	3756	3873	9	-1	-1	-1	0
3839	3838	3707	12	-1	-1	-1	0
3774	3868	3743	9	-1	-1	-1	0
3840	3708	3837	12	-1	-1	-1	0
3856	3800	3731	12	-1	-1	-1	0
3756	3758	3875	9	-1	-1	-1	0
3760	3755	3874	9	-1	-1	-1	0
3841	3709	3840	12	-1	-1	-1	0
3757	3876	3758	9	-1	-1	-1	0
3711	3841	3842	3	-1	-1	-1	0
3717	3838	3839	12	-1	-1	-1	0
3845	3719	3832	9	-1	-1	-1	0
3714	3842	3843	3	-1	-1	-1	0
3838	3718	3844	12	-1	-1	-1	0
3843	3844	3718	12	-1	-1	-1	0
3880	3763	3764	8	-1	-1	-1	0
3874	3775	3760	9	-1	-1	-1	0
3764	3766	3880	8	-1	-1	-1	0
3772	3761	3879	9	-1	-1	-1	0
3763	3881	3769	8	-1	-1	-1	0
3846	3721	3847	9	-1	-1	-1	0
3766	3770	3880	8	-1	-1	-1	0
3846	3848	3722	9	-1	-1	-1	0
3849	3847	3723	9	-1	-1	-1	0
3845	3850	3724	9	-1	-1	-1	0
3879	3761	3779	9	-1	-1	-1	0
3769	3882	3768	8	-1	-1	-1	0
3882	3773	3768	8	-1	-1	-1	0
3774	3775	3874	9	-1	-1	-1	0
3850	3849	3724	9	-1	-1	-1	0
3883	3770	3771	8	-1	-1	-1	0
3851	3726	3848	9	-1	-1	-1	0
3772	3884	3771	8	-1	-1	-1	0
3727	3851	3852	9	-1	-1	-1	0
3852	3853	3727	9	-1	-1	-1	0
3777	3879	3779	8	-1	-1	-1	0
3773	3886	3778	8	-1	-1	-1	0
3853	3855	3729	9	-1	-1	-1	0
3855	3854	3729	9	-1	-1	-1	0
3885	3777	3778	8	-1	-1	-1	0
3781	3887	3780	12	-1	-1	-1	0
3735	3858	3857	8	-1	-1	-1	0
3780	3888	3782	12	-1	-1	-1	0
3736	3859	3858	8	-1	-1	-1	0
3861	3859	3737	8	-1	-1	-1	0
3737	3860	3861	8	-1	-1	-1	0
3784	3786	3890	12	-1	-1	-1	0
3862	3860	3739	9	-1	-1	-1	0
3889	3781	3792	12	-1	-1	-1	0
3784	3891	3788	12	-1	-1	-1	0
3893	3786	3785	12	-1	-1	-1	0
3863	3862	3739	9	-1	-1	-1	0
3863	3740	3864	9	-1	-1	-1	0
3864	3741	3865	9	-1	-1	-1	0
3895	3787	3788	12	-1	-1	-1	0
3787	3894	3789	12	-1	-1	-1	0
3742	3866	3865	9	-1	-1	-1	0
3742	3867	3866	9	-1	-1	-1	0
3789	3897	3790	12	-1	-1	-1	0
3872	3750	3854	9	-1	-1	-1	0
3867	3743	3868	9	-1	-1	-1	0
3897	3791	3790	12	-1	-1	-1	0
3899	3793	3791	12	-1	-1	-1	0
3792	3795	3900	12	-1	-1	-1	0
3871	3869	3747	8	-1	-1	-1	0
3870	3871	3748	8	-1	-1	-1	0
3793	3902	3796	12	-1	-1	-1	0
3795	3794	3903	12	-1	-1	-1	0
3797	3904	3794	12	-1	-1	-1	0
3796	3902	3797	12	-1	-1	-1	0
3873	3868	3755	9	-1	-1	-1	0
3874	3755	3868	9	-1	-1	-1	0
3875	3873	3756	9	-1	-1	-1	0
3907	3798	3799	12	-1	-1	-1	0
3872	3876	3757	9	-1	-1	-1	0
3800	3908	3799	12	-1	-1	-1	0
3802	3798	3907	12	-1	-1	-1	0
3875	3758	3877	9	-1	-1	-1	0
3758	3876	3878	9	-1	-1	-1	0
3758	3878	3877	9	-1	-1	-1	0
3802	3910	3801	12	-1	-1	-1	0
3835	3844	3836	12	-1	-1	-1	0
3874	3868	3774	9	-1	-1	-1	0
3838	3844	3835	12	-1	-1	-1	0
3911	3806	3801	12	-1	-1	-1	0
3804	3913	3803	12	-1	-1	-1	0
3804	3805	3913	12	-1	-1	-1	0
3913	3807	3803	10	-1	-1	-1	0
3763	3880	3881	8	-1	-1	-1	0
3914	3805	3806	12	-1	-1	-1	0
3782	3888	3856	12	-1	-1	-1	0
3916	3808	3807	10	-1	-1	-1	0
3881	3882	3769	8	-1	-1	-1	0
3880	3770	3883	8	-1	-1	-1	0
3772	3879	3885	8	-1	-1	-1	0
3809	3918	3811	10	-1	-1	-1	0
3883	3771	3884	8	-1	-1	-1	0
3920	3810	3811	10	-1	-1	-1	0
3773	3882	3886	8	-1	-1	-1	0
3885	3884	3772	8	-1	-1	-1	0
3808	3916	3817	10	-1	-1	-1	0
3879	3777	3885	8	-1	-1	-1	0
3809	3815	3919	10	-1	-1	-1	0
3885	3778	3886	8	-1	-1	-1	0
3812	3813	3925	10	-1	-1	-1	0
3810	3922	3818	10	-1	-1	-1	0
3812	3926	3814	10	-1	-1	-1	0
3888	3780	3887	12	-1	-1	-1	0
3781	3889	3887	12	-1	-1	-1	0
3927	3813	3817	10	-1	-1	-1	0
3814	3928	3816	10	-1	-1	-1	0
3818	3922	3819	10	-1	-1	-1	0
3815	3816	3929	10	-1	-1	-1	0
3800	3856	3908	12	-1	-1	-1	0
3891	3784	3890	12	-1	-1	-1	0
3786	3893	3890	12	-1	-1	-1	0
3892	3893	3785	12	-1	-1	0	0
3896	3788	3891	12	-1	-1	-1	0
3934	3821	3820	10	-1	-1	-1	0
3895	3894	3787	12	-1	-1	-1	0
3821	3935	3823	10	-1	-1	-1	0
3896	3895	3788	12	-1	-1	-1	0
3789	3894	3898	12	-1	-1	-1	0
3900	3889	3792	12	-1	-1	-1	0
3823	3936	3822	10	-1	-1	-1	0
3936	3825	3822	10	-1	-1	-1	0
3789	3898	3897	12	-1	-1	-1	0
3933	3834	3819	10	-1	-1	-1	0
3824	3825	3937	10	-1	-1	-1	0
3897	3899	3791	12	-1	-1	-1	0
3833	3934	3820	10	-1	-1	-1	0
3937	3827	3824	10	-1	-1	-1	0
3827	3939	3826	12	-1	-1	-1	0
3899	3901	3793	12	-1	-1	-1	0
3939	3829	3826	12	-1	-1	-1	0
3902	3793	3901	12	-1	-1	-1	0
3942	3828	3829	12	-1	-1	-1	0
3941	3831	3828	12	-1	-1	-1	0
3905	3900	3795	12	-1	-1	-1	0
3794	3904	3903	12	-1	-1	-1	0
3795	3903	3905	12	-1	-1	-1	0
3863	3864	3878	9	-1	-1	-1	0
3902	3906	3797	12	-1	-1	-1	0
3831	3944	3830	12	-1	-1	-1	0
3944	3832	3830	12	-1	-1	-1	0
3865	3877	3864	9	-1	-1	-1	0
3797	3906	3904	12	-1	-1	-1	0
3866	3867	3875	9	-1	-1	-1	0
3867	3868	3873	9	-1	-1	-1	0
3865	3866	3877	9	-1	-1	-1	0
3947	3833	3834	10	-1	-1	-1	0
3909	3907	3799	12	-1	-1	-1	0
3873	3875	3867	9	-1	-1	-1	0
3799	3908	3909	12	-1	-1	-1	0
3866	3875	3877	9	-1	-1	-1	0
3878	3864	3877	9	-1	-1	-1	0
3907	3912	3802	12	-1	-1	-1	0
3911	3801	3910	12	-1	-1	-1	0
3949	3837	3836	12	-1	-1	-1	0
3946	3845	3832	9	-1	-1	-1	0
3802	3912	3910	12	-1	-1	-1	0
3840	3837	3950	12	-1	-1	-1	0
3844	3949	3836	12	-1	-1	-1	0
3841	3840	3950	3	-1	-1	-1	0
3911	3915	3806	12	-1	-1	-1	0
3913	3805	3914	12	-1	-1	-1	0
3842	3841	3950	3	-1	-1	-1	0
3806	3915	3914	12	-1	-1	-1	0
3950	3843	3842	3	-1	-1	-1	0
3843	3949	3844	12	-1	-1	-1	0
3917	3807	3913	10	-1	-1	-1	0
3807	3917	3916	10	-1	-1	-1	0
3883	3881	3880	8	-1	-1	-1	0
3918	3809	3919	10	-1	-1	-1	0
3845	3952	3850	9	-1	-1	-1	0
3953	3848	3846	9	-1	-1	-1	0
3846	3847	3954	9	-1	-1	-1	0
3849	3955	3847	9	-1	-1	-1	0
3810	3920	3921	10	-1	-1	-1	0
3811	3918	3923	10	-1	-1	-1	0
3810	3921	3922	10	-1	-1	-1	0
3811	3924	3920	10	-1	-1	-1	0
3886	3884	3885	8	-1	-1	-1	0
3848	3956	3851	9	-1	-1	-1	0
3849	3850	3958	9	-1	-1	-1	0
3811	3923	3924	10	-1	-1	-1	0
3959	3852	3851	9	-1	-1	-1	0
3929	3919	3815	10	-1	-1	-1	0
3926	3812	3925	10	-1	-1	-1	0
3853	3852	3960	9	-1	-1	-1	0
3817	3916	3932	10	-1	-1	-1	0
3925	3813	3927	10	-1	-1	-1	0
3814	3926	3928	10	-1	-1	-1	0
3855	3853	3961	9	-1	-1	-1	0
3854	3855	3963	9	-1	-1	-1	0
3930	3816	3928	10	-1	-1	-1	0
3922	3933	3819	10	-1	-1	-1	0
3930	3929	3816	10	-1	-1	-1	0
3931	3927	3817	10	-1	-1	-1	0
3932	3931	3817	10	-1	-1	-1	0
3857	3858	3969	8	-1	-1	-1	0
3859	3969	3858	8	-1	-1	-1	0
3854	3963	3872	9	-1	-1	-1	0
3821	3934	3935	10	-1	-1	-1	0
3861	3971	3859	8	-1	-1	-1	0
3860	3972	3861	9	-1	-1	-1	0
3972	3860	3862	9	-1	-1	-1	0
3935	3936	3823	10	-1	-1	-1	0
3938	3825	3936	10	-1	-1	-1	0
3938	3937	3825	10	-1	-1	-1	0
3863	3975	3862	9	-1	-1	-1	0
3827	3937	3940	10	-1	-1	-1	0
3827	3940	3939	10	-1	-1	-1	0
3829	3939	3943	12	-1	-1	-1	0
3941	3828	3942	12	-1	-1	-1	0
3876	3872	3963	9	-1	-1	-1	0
3888	3967	3856	12	-1	-1	-1	0
3934	3833	3947	10	-1	-1	-1	0
3943	3942	3829	12	-1	-1	-1	0
3834	3933	3948	10	-1	-1	-1	0
3945	3831	3941	12	-1	-1	-1	0
3878	3976	3863	9	-1	-1	-1	0
3944	3831	3945	12	-1	-1	-1	0
3832	3944	3946	9	-1	-1	-1	0
3948	3947	3834	10	-1	-1	-1	0
3856	3966	3908	12	-1	-1	-1	0
3977	3878	3876	9	-1	-1	-1	0
3837	3949	3950	12	-1	-1	-1	0
3978	3882	3881	8	-1	-1	-1	0
3946	3951	3845	9	-1	-1	-1	0
3950	3949	3843	12	-1	-1	-1	0
3881	3883	3978	8	-1	-1	-1	0
3913	3914	3917	10	-1	-1	-1	0
3978	3883	3884	8	-1	-1	-1	0
3882	3978	3886	8	-1	-1	-1	0
3978	3884	3886	8	-1	-1	-1	0
3845	3951	3952	9	-1	-1	-1	0
3954	3953	3846	9	-1	-1	-1	0
3979	3887	3889	12	-1	-1	-1	0
3888	3887	3980	12	-1	-1	-1	0
3955	3954	3847	9	-1	-1	-1	0
3848	3953	3957	9	-1	-1	-1	0
3958	3850	3952	9	-1	-1	-1	0
3956	3848	3957	9	-1	-1	-1	0
3958	3955	3849	9	-1	-1	-1	0
3916	3917	3932	10	-1	-1	-1	0
3891	3890	3984	12	-1	-1	-1	0
3956	3959	3851	9	-1	-1	-1	0
3984	3890	3893	12	-1	-1	-1	0
3960	3852	3959	9	-1	-1	-1	0
3900	3983	3889	12	-1	-1	-1	0
3892	3987	3893	12	-1	-1	-1	0
3896	3891	3985	12	-1	-1	-1	0
3960	3962	3853	9	-1	-1	-1	0
3961	3853	3962	9	-1	-1	-1	0
3989	3894	3895	12	-1	-1	-1	0
3964	3855	3961	9	-1	-1	-1	0
3989	3895	3896	12	-1	-1	-1	0
3989	3898	3894	12	-1	-1	-1	0
3965	3963	3855	9	-1	-1	-1	0
3855	3964	3965	9	-1	-1	-1	0
3898	3992	3897	12	-1	-1	-1	0
3897	3992	3899	12	-1	-1	-1	0
3856	3967	3966	12	-1	-1	-1	0
3968	3857	3969	8	-1	-1	-1	0
3994	3901	3899	12	-1	-1	-1	0
3970	3969	3859	8	-1	-1	-1	0
3901	3996	3902	12	-1	-1	-1	0
3900	3905	3995	12	-1	-1	-1	0
3859	3971	3970	8	-1	-1	-1	0
3861	3973	3971	9	-1	-1	-1	0
3902	3998	3906	12	-1	-1	-1	0
3973	3861	3972	9	-1	-1	-1	0
3999	3903	3904	12	-1	-1	-1	0
3903	3999	3905	12	-1	-1	-1	0
3974	3972	3862	9	-1	-1	-1	0
4000	3904	3906	12	-1	-1	-1	0
3974	3862	3975	9	-1	-1	-1	0
3975	3863	3976	9	-1	-1	-1	0
3963	3977	3876	9	-1	-1	-1	0
3907	3909	4005	12	-1	-1	-1	0
3909	3908	4006	12	-1	-1	-1	0
3907	4005	3912	12	-1	-1	-1	0
3911	3910	4008	12	-1	-1	-1	0
3910	3912	4009	12	-1	-1	-1	0
3878	3977	3976	9	-1	-1	-1	0
3981	3967	3888	12	-1	-1	-1	0
3915	3911	4010	12	-1	-1	-1	0
3915	4013	3914	10	-1	-1	-1	0
4013	3917	3914	10	-1	-1	-1	0
3980	3887	3979	12	-1	-1	-1	0
3888	3980	3981	12	-1	-1	-1	0
3982	3979	3889	12	-1	-1	-1	0
3889	3983	3982	12	-1	-1	-1	0
3921	3920	4017	10	-1	-1	-1	0
3891	3984	3985	12	-1	-1	-1	0
4016	3920	3924	10	-1	-1	-1	0
3921	4019	3922	10	-1	-1	-1	0
4015	3932	3917	10	-1	-1	-1	0
3987	3892	3986	12	-1	0	-1	0
3988	3984	3893	12	-1	-1	-1	0
3924	3923	4020	10	-1	-1	-1	0
3987	3988	3893	12	-1	-1	-1	0
3990	3896	3985	12	-1	-1	-1	0
3925	4022	3926	10	-1	-1	-1	0
4019	3933	3922	10	-1	-1	-1	0
3927	4022	3925	10	-1	-1	-1	0
3991	3989	3896	12	-1	-1	-1	0
3926	4023	3928	10	-1	-1	-1	0
3991	3896	3990	12	-1	-1	-1	0
3900	3995	3983	12	-1	-1	-1	0
3966	4006	3908	12	-1	-1	-1	0
3993	3898	3989	12	-1	-1	-1	0
3992	3898	3993	12	-1	-1	-1	0
4025	3927	3931	10	-1	-1	-1	0
4026	3930	3928	10	-1	-1	-1	0
3994	3899	3992	12	-1	-1	-1	0
3931	3932	4029	10	-1	-1	-1	0
3994	3997	3901	12	-1	-1	-1	0
3997	3996	3901	12	-1	-1	-1	0
3996	3998	3902	12	-1	-1	-1	0
3935	3934	4032	10	-1	-1	-1	0
4002	3995	3905	12	-1	-1	-1	0
4000	3999	3904	12	-1	-1	-1	0
3935	4034	3936	10	-1	-1	-1	0
3963	3965	3977	9	-1	-1	-1	0
3999	4001	3905	12	-1	-1	-1	0
4003	3906	3998	12	-1	-1	-1	0
3938	3936	4034	10	-1	-1	-1	0
4001	4002	3905	12	-1	-1	-1	0
3906	4004	4000	12	-1	-1	-1	0
3938	4035	3937	10	-1	-1	-1	0
4035	3940	3937	10	-1	-1	-1	0
3948	3933	4031	10	-1	-1	-1	0
4004	3906	4003	12	-1	-1	-1	0
4033	3934	3947	10	-1	-1	-1	0
4038	3939	3940	10	-1	-1	-1	0
4038	3943	3939	10	-1	-1	-1	0
4005	3909	4007	12	-1	-1	-1	0
3909	4006	4007	12	-1	-1	-1	0
3942	4040	3941	12	-1	-1	-1	0
3943	4040	3942	12	-1	-1	-1	0
3945	3941	4040	12	-1	-1	-1	0
3910	4009	4008	12	-1	-1	-1	0
4012	3912	4005	12	-1	-1	-1	0
4008	4011	3911	12	-1	-1	-1	0
3944	3945	4042	9	-1	-1	-1	0
4010	3911	4011	12	-1	-1	-1	0
3946	3944	4042	9	-1	-1	-1	0
4012	4009	3912	12	-1	-1	-1	0
3947	3948	4044	10	-1	-1	-1	0
4014	3915	4010	10	-1	-1	-1	0
3946	4043	3951	9	-1	-1	-1	0
4014	4013	3915	10	-1	-1	-1	0
4015	3917	4013	10	-1	-1	-1	0
4047	3952	3951	9	-1	-1	-1	0
3920	4016	4017	10	-1	-1	-1	0
4017	4018	3921	10	-1	-1	-1	0
3954	4050	3953	9	-1	-1	-1	0
4018	4019	3921	10	-1	-1	-1	0
3952	4049	3958	9	-1	-1	-1	0
4050	3957	3953	9	-1	-1	-1	0
3954	3955	4052	9	-1	-1	-1	0
3924	4021	4016	10	-1	-1	-1	0
4020	4021	3924	10	-1	-1	-1	0
3958	4053	3955	9	-1	-1	-1	0
3956	3957	4054	9	-1	-1	-1	0
4055	3959	3956	9	-1	-1	-1	0
3926	4022	4024	10	-1	-1	-1	0
3989	3991	3993	12	-1	-1	-1	0
4024	4023	3926	10	-1	-1	-1	0
3927	4025	4022	10	-1	-1	-1	0
3959	4058	3960	9	-1	-1	-1	0
4030	3932	4015	10	-1	-1	-1	0
4023	4027	3928	10	-1	-1	-1	0
3960	4058	3962	9	-1	-1	-1	0
4026	3928	4027	10	-1	-1	-1	0
4059	3961	3962	9	-1	-1	-1	0
3933	4019	4031	10	-1	-1	-1	0
4059	3964	3961	9	-1	-1	-1	0
4025	3931	4028	10	-1	-1	-1	0
3931	4029	4028	10	-1	-1	-1	0
3932	4030	4029	10	-1	-1	-1	0
3967	4065	3966	12	-1	-1	-1	0
4032	3934	4033	10	-1	-1	-1	0
4001	3999	4000	12	-1	-1	-1	0
3935	4032	4034	10	-1	-1	-1	0
3965	4063	3977	9	-1	-1	-1	0
3968	3969	4069	8	-1	-1	-1	0
4069	3969	3970	8	-1	-1	-1	0
4037	3938	4034	10	-1	-1	-1	0
4035	3938	4036	10	-1	-1	-1	0
4036	3938	4037	10	-1	-1	-1	0
3971	4070	3970	8	-1	-1	-1	0
3940	4035	4039	10	-1	-1	-1	0
3973	4071	3971	9	-1	-1	-1	0
3967	3981	4067	12	-1	-1	-1	0
3976	3977	4063	9	-1	-1	-1	0
4038	3940	4039	10	-1	-1	-1	0
4072	3973	3972	9	-1	-1	-1	0
4072	3972	3974	9	-1	-1	-1	0
3943	4038	4041	10	-1	-1	-1	0
4074	3974	3975	9	-1	-1	-1	0
4033	3947	4044	10	-1	-1	-1	0
4041	4040	3943	10	-1	-1	-1	0
4046	3948	4031	10	-1	-1	-1	0
4075	3975	3976	9	-1	-1	-1	0
3945	4040	4042	10	-1	-1	-1	0
4042	4043	3946	9	-1	-1	-1	0
3980	3979	4076	12	-1	-1	-1	0
4064	4006	3966	12	-1	-1	-1	0
4045	4044	3948	10	-1	-1	-1	0
3982	4076	3979	12	-1	-1	-1	0
3980	4077	3981	12	-1	-1	-1	0
3948	4046	4045	10	-1	-1	-1	0
3951	4043	4047	9	-1	-1	-1	0
4014	4015	4013	10	-1	-1	-1	0
4079	3982	3983	11	-1	-1	-1	0
4048	3952	4047	9	-1	-1	-1	0
4046	3957	4045	9	-1	-1	-1	0
4049	3952	4048	9	-1	-1	-1	0
3984	4081	3985	12	-1	-1	-1	0
3957	4050	4045	9	-1	-1	-1	0
3988	4081	3984	12	-1	-1	-1	0
4050	3954	4051	9	-1	-1	-1	0
3990	3985	4082	12	-1	-1	-1	0
4084	3987	3986	12	-1	-1	-1	0
4054	3957	4046	9	-1	-1	-1	0
3954	4052	4051	9	-1	-1	-1	0
3983	3995	4080	11	-1	-1	-1	0
4085	3988	3987	12	-1	-1	-1	0
4053	4052	3955	9	-1	-1	-1	0
4056	3958	4049	9	-1	-1	-1	0
4055	3956	4054	9	-1	-1	-1	0
3958	4057	4053	9	-1	-1	-1	0
3991	3990	4087	12	-1	-1	-1	0
4057	3958	4056	9	-1	-1	-1	0
3993	3991	4088	12	-1	-1	-1	0
3959	4055	4058	9	-1	-1	-1	0
3993	4089	3992	12	-1	-1	-1	0
3992	4089	3994	12	-1	-1	-1	0
4006	4064	4007	12	-1	-1	-1	0
3962	4060	4059	9	-1	-1	-1	0
3962	4058	4061	9	-1	-1	-1	0
3997	3994	4091	12	-1	-1	-1	0
4061	4060	3962	9	-1	-1	-1	0
4062	3964	4059	9	-1	-1	-1	0
4093	3996	3997	12	-1	-1	-1	0
4093	3998	3996	12	-1	-1	-1	0
4002	4092	3995	11	-1	-1	-1	0
4064	3966	4065	12	-1	-1	-1	0
3998	4095	4003	12	-1	-1	-1	0
4001	4000	4096	12	-1	-1	-1	0
4065	3967	4066	12	-1	-1	-1	0
4066	3967	4067	12	-1	-1	-1	0
4004	4096	4000	12	-1	-1	-1	0
4002	4001	4097	12	-1	-1	-1	0
4032	4037	4034	10	-1	-1	-1	0
4068	3968	4069	8	-1	-1	-1	0
4099	4004	4003	12	-1	-1	-1	0
4069	3970	4070	8	-1	-1	-1	0
4071	4070	3971	9	-1	-1	-1	0
4075	3976	4063	9	-1	-1	-1	0
4005	4007	4102	12	-1	-1	-1	0
3973	4072	4071	9	-1	-1	-1	0
4012	4005	4101	12	-1	-1	-1	0
4073	4072	3974	9	-1	-1	-1	0
4073	3974	4074	9	-1	-1	-1	0
4106	4008	4009	12	-1	-1	-1	0
4042	4040	4041	10	-1	-1	-1	0
4074	3975	4075	9	-1	-1	-1	0
4011	4008	4105	12	-1	-1	-1	0
4077	4067	3981	12	-1	-1	-1	0
4043	4042	4041	10	-1	-1	-1	0
4012	4107	4009	12	-1	-1	-1	0
4109	4010	4011	10	-1	-1	-1	0
4077	3980	4076	12	-1	-1	-1	0
4014	4010	4109	10	-1	-1	-1	0
3982	4078	4076	11	-1	-1	-1	0
4078	3982	4079	11	-1	-1	-1	0
4015	4014	4112	10	-1	-1	-1	0
4080	4079	3983	11	-1	-1	-1	0
4016	4114	4017	10	-1	-1	-1	0
3985	4081	4082	12	-1	-1	-1	0
4114	4016	4021	10	-1	-1	-1	0
4017	4116	4018	10	-1	-1	-1	0
3986	4083	4084	12	0	-1	-1	0
4117	4019	4018	10	-1	-1	-1	0
4086	4081	3988	12	-1	-1	-1	0
4084	4085	3987	12	-1	-1	-1	0
4113	4030	4015	10	-1	-1	-1	0
4082	4087	3990	12	-1	-1	-1	0
4085	4086	3988	12	-1	-1	-1	0
4119	4021	4020	10	-1	-1	-1	0
4088	3991	4087	12	-1	-1	-1	0
4092	4080	3995	11	-1	-1	-1	0
4122	4024	4022	10	-1	-1	-1	0
4121	4022	4025	10	-1	-1	-1	0
4031	4019	4118	10	-1	-1	-1	0
3993	4088	4089	12	-1	-1	-1	0
4024	4123	4023	10	-1	-1	-1	0
3994	4089	4090	12	-1	-1	-1	0
4027	4023	4123	10	-1	-1	-1	0
4091	3994	4090	12	-1	-1	-1	0
4007	4064	4104	12	-1	-1	-1	0
4028	4125	4025	10	-1	-1	-1	0
4126	4026	4027	10	-1	-1	-1	0
4094	3997	4091	12	-1	-1	-1	0
4094	4093	3997	12	-1	-1	-1	0
3998	4093	4095	12	-1	-1	-1	0
4028	4029	4129	10	-1	-1	-1	0
4131	4029	4030	10	-1	-1	-1	0
4098	4092	4002	11	-1	-1	-1	0
4001	4096	4097	12	-1	-1	-1	0
4118	4046	4031	10	-1	-1	-1	0
4095	4099	4003	12	-1	-1	-1	0
4098	4002	4097	11	-1	-1	-1	0
4032	4033	4132	10	-1	-1	-1	0
4100	4096	4004	12	-1	-1	-1	0
4032	4132	4037	10	-1	-1	-1	0
4004	4099	4100	12	-1	-1	-1	0
4036	4135	4035	10	-1	-1	-1	0
4102	4101	4005	12	-1	-1	-1	0
4039	4035	4135	10	-1	-1	-1	0
4036	4037	4136	10	-1	-1	-1	0
4033	4044	4134	10	-1	-1	-1	0
4007	4103	4102	12	-1	-1	-1	0
4007	4104	4103	12	-1	-1	-1	0
4038	4039	4140	10	-1	-1	-1	0
4046	4118	4054	9	-1	-1	-1	0
4038	4139	4041	10	-1	-1	-1	0
4106	4105	4008	12	-1	-1	-1	0
4009	4108	4106	12	-1	-1	-1	0
4043	4041	4139	10	-1	-1	-1	0
4012	4101	4111	12	-1	-1	-1	0
4107	4108	4009	12	-1	-1	-1	0
4105	4110	4011	10	-1	-1	-1	0
4054	4118	4055	9	-1	-1	-1	0
4047	4043	4139	10	-1	-1	-1	0
4141	4044	4045	10	-1	-1	-1	0
4109	4011	4110	10	-1	-1	-1	0
4055	4117	4058	9	-1	-1	-1	0
4012	4111	4107	12	-1	-1	-1	0
4065	4104	4064	12	-1	-1	-1	0
4116	4061	4058	9	-1	-1	-1	0
4014	4109	4112	10	-1	-1	-1	0
4050	4141	4045	9	-1	-1	-1	0
4048	4047	4142	10	-1	-1	-1	0
4048	4143	4049	10	-1	-1	-1	0
4015	4112	4113	10	-1	-1	-1	0
4050	4051	4141	9	-1	-1	-1	0
4114	4115	4017	10	-1	-1	-1	0
4116	4017	4115	10	-1	-1	-1	0
4051	4052	4145	9	-1	-1	-1	0
4056	4049	4144	10	-1	-1	-1	0
4018	4116	4117	10	-1	-1	-1	0
4146	4052	4053	9	-1	-1	-1	0
4019	4117	4118	10	-1	-1	-1	0
4120	4114	4021	10	-1	-1	-1	0
4053	4057	4146	9	-1	-1	-1	0
4119	4120	4021	10	-1	-1	-1	0
4057	4056	4147	10	-1	-1	-1	0
4121	4122	4022	10	-1	-1	-1	0
4060	4149	4059	9	-1	-1	-1	0
4124	4024	4122	10	-1	-1	-1	0
4062	4059	4149	9	-1	-1	-1	0
4061	4150	4060	9	-1	-1	-1	0
4125	4121	4025	10	-1	-1	-1	0
4124	4123	4024	10	-1	-1	-1	0
4113	4131	4030	10	-1	-1	-1	0
4128	4027	4123	10	-1	-1	-1	0
4127	4126	4027	10	-1	-1	-1	0
4128	4127	4027	10	-1	-1	-1	0
4129	4125	4028	10	-1	-1	-1	0
4152	4065	4066	12	-1	-1	-1	0
4153	4066	4067	12	-1	-1	-1	0
4129	4029	4130	10	-1	-1	-1	0
4118	4117	4055	9	-1	-1	-1	0
4029	4131	4130	10	-1	-1	-1	0
4117	4116	4058	9	-1	-1	-1	0
4115	4061	4116	9	-1	-1	-1	0
4069	4156	4068	8	-1	-1	-1	0
4156	4069	4070	8	-1	-1	-1	0
4071	4157	4070	9	-1	-1	-1	0
4133	4132	4033	10	-1	-1	-1	0
4067	4077	4154	12	-1	-1	-1	0
4134	4133	4033	10	-1	-1	-1	0
4158	4071	4072	9	-1	-1	-1	0
4073	4159	4072	9	-1	-1	-1	0
4138	4037	4132	10	-1	-1	-1	0
4137	4135	4036	10	-1	-1	-1	0
4036	4136	4137	10	-1	-1	-1	0
4138	4136	4037	10	-1	-1	-1	0
4076	4160	4077	12	-1	-1	-1	0
4039	4135	4140	10	-1	-1	-1	0
4161	4076	4078	11	-1	-1	-1	0
4139	4038	4140	10	-1	-1	-1	0
4134	4044	4141	10	-1	-1	-1	0
4079	4162	4078	11	-1	-1	-1	0
4152	4104	4065	12	-1	-1	-1	0
4080	4164	4079	11	-1	-1	-1	0
4115	4150	4061	9	-1	-1	-1	0
4047	4139	4142	10	-1	-1	-1	0
4082	4081	4167	12	-1	-1	-1	0
4143	4048	4142	10	-1	-1	-1	0
4081	4086	4167	12	-1	-1	-1	0
4143	4144	4049	10	-1	-1	-1	0
4145	4141	4051	9	-1	-1	-1	0
4168	4087	4082	12	-1	-1	-1	0
4084	4083	4170	12	-1	-1	-1	0
4092	4166	4080	11	-1	-1	-1	0
4084	4171	4085	12	-1	-1	-1	0
4086	4085	4171	12	-1	-1	-1	0
4052	4146	4145	9	-1	-1	-1	0
4056	4144	4147	10	-1	-1	-1	0
4087	4174	4088	12	-1	-1	-1	0
4057	4148	4146	10	-1	-1	-1	0
4057	4147	4148	10	-1	-1	-1	0
4088	4176	4089	12	-1	-1	-1	0
4090	4089	4177	12	-1	-1	-1	0
4149	4060	4150	9	-1	-1	-1	0
4091	4090	4178	12	-1	-1	-1	0
4151	4062	4149	9	-1	-1	-1	0
4094	4091	4179	12	-1	-1	-1	0
4093	4094	4182	12	-1	-1	-1	0
4095	4093	4182	12	-1	-1	-1	0
4153	4152	4066	12	-1	-1	-1	0
4098	4181	4092	11	-1	-1	-1	0
4153	4067	4154	12	-1	-1	-1	0
4099	4095	4185	12	-1	-1	-1	0
4155	4068	4156	8	-1	-1	-1	0
4097	4096	4186	12	-1	-1	-1	0
4100	4186	4096	12	-1	-1	-1	0
4070	4157	4156	9	-1	-1	-1	0
4097	4188	4098	11	-1	-1	-1	0
4158	4157	4071	9	-1	-1	-1	0
4158	4072	4159	9	-1	-1	-1	0
4099	4191	4100	12	-1	-1	-1	0
4160	4154	4077	12	-1	-1	-1	0
4193	4101	4102	12	-1	-1	-1	0
4076	4161	4160	11	-1	-1	-1	0
4195	4102	4103	12	-1	-1	-1	0
4161	4078	4163	11	-1	-1	-1	0
4132	4133	4138	10	-1	-1	-1	0
4196	4103	4104	12	-1	-1	-1	0
4078	4162	4163	11	-1	-1	-1	0
4111	4101	4194	12	-1	-1	-1	0
4079	4165	4162	11	-1	-1	-1	0
4165	4079	4164	11	-1	-1	-1	0
4105	4106	4198	12	-1	-1	-1	0
4164	4080	4166	11	-1	-1	-1	0
4110	4105	4199	10	-1	-1	-1	0
4200	4106	4108	12	-1	-1	-1	0
4108	4107	4201	12	-1	-1	-1	0
4137	4136	4144	10	-1	-1	-1	0
4082	4167	4168	12	-1	-1	-1	0
4111	4201	4107	12	-1	-1	-1	0
4138	4133	4148	10	-1	-1	-1	0
4145	4134	4141	10	-1	-1	-1	0
4136	4138	4147	10	-1	-1	-1	0
4139	4140	4142	10	-1	-1	-1	0
4169	4170	4083	12	-1	-1	0	0
4110	4203	4109	10	-1	-1	-1	0
4137	4144	4143	10	-1	-1	-1	0
4203	4112	4109	10	-1	-1	-1	0
4086	4172	4167	12	-1	-1	-1	0
4170	4171	4084	12	-1	-1	-1	0
4147	4144	4136	10	-1	-1	-1	0
4086	4171	4173	12	-1	-1	-1	0
4168	4175	4087	12	-1	-1	-1	0
4173	4172	4086	12	-1	-1	-1	0
4207	4113	4112	10	-1	-1	-1	0
4138	4148	4147	10	-1	-1	-1	0
4174	4087	4175	12	-1	-1	-1	0
4174	4176	4088	12	-1	-1	-1	0
4166	4092	4181	11	-1	-1	-1	0
4114	4211	4115	10	-1	-1	-1	0
4176	4177	4089	12	-1	-1	-1	0
4114	4120	4210	10	-1	-1	-1	0
4177	4178	4090	12	-1	-1	-1	0
4091	4178	4180	12	-1	-1	-1	0
4180	4179	4091	12	-1	-1	-1	0
4120	4119	4212	10	-1	-1	-1	0
4131	4113	4208	10	-1	-1	-1	0
4104	4152	4196	12	-1	-1	-1	0
4094	4179	4183	12	-1	-1	-1	0
4214	4122	4121	11	-1	-1	-1	0
4182	4094	4183	12	-1	-1	-1	0
4215	4121	4125	11	-1	-1	-1	0
4182	4184	4095	12	-1	-1	-1	0
4122	4216	4124	11	-1	-1	-1	0
4217	4123	4124	10	-1	-1	-1	0
4184	4185	4095	12	-1	-1	-1	0
4217	4128	4123	10	-1	-1	-1	0
4181	4098	4189	11	-1	-1	-1	0
4187	4097	4186	12	-1	-1	-1	0
4097	4187	4188	11	-1	-1	-1	0
4126	4127	4220	10	-1	-1	-1	0
4125	4129	4219	11	-1	-1	-1	0
4188	4189	4098	11	-1	-1	-1	0
4190	4099	4185	12	-1	-1	-1	0
4211	4150	4115	9	-1	-1	-1	0
4222	4127	4128	10	-1	-1	-1	0
4100	4192	4186	12	-1	-1	-1	0
4099	4190	4191	12	-1	-1	-1	0
4100	4191	4192	12	-1	-1	-1	0
4224	4129	4130	11	-1	-1	-1	0
4131	4225	4130	10	-1	-1	-1	0
4193	4194	4101	12	-1	-1	-1	0
4195	4193	4102	12	-1	-1	-1	0
4227	4133	4134	10	-1	-1	-1	0
4103	4197	4195	12	-1	-1	-1	0
4196	4197	4103	12	-1	-1	-1	0
4137	4228	4135	10	-1	-1	-1	0
4199	4105	4198	10	-1	-1	-1	0
4135	4228	4140	10	-1	-1	-1	0
4106	4200	4198	12	-1	-1	-1	0
4145	4227	4134	10	-1	-1	-1	0
4168	4167	4172	12	-1	-1	-1	0
4143	4228	4137	10	-1	-1	-1	0
4148	4133	4227	10	-1	-1	-1	0
4111	4194	4205	12	-1	-1	-1	0
4108	4202	4200	12	-1	-1	-1	0
4142	4140	4228	10	-1	-1	-1	0
4201	4202	4108	12	-1	-1	-1	0
4228	4143	4142	10	-1	-1	-1	0
4199	4204	4110	10	-1	-1	-1	0
4204	4203	4110	10	-1	-1	-1	0
4146	4227	4145	10	-1	-1	-1	0
4111	4206	4201	12	-1	-1	-1	0
4227	4146	4148	10	-1	-1	-1	0
4203	4207	4112	10	-1	-1	-1	0
4111	4205	4206	12	-1	-1	-1	0
4229	4149	4150	9	-1	-1	-1	0
4113	4207	4209	10	-1	-1	-1	0
4113	4209	4208	10	-1	-1	-1	0
4230	4151	4149	9	-1	-1	-1	0
4210	4211	4114	10	-1	-1	-1	0
4152	4153	4232	12	-1	-1	-1	0
4154	4233	4153	12	-1	-1	-1	0
4213	4210	4120	10	-1	-1	-1	0
4155	4156	4234	9	-1	-1	-1	0
4120	4212	4213	10	-1	-1	-1	0
4234	4156	4157	9	-1	-1	-1	0
4233	4154	4160	12	-1	-1	-1	0
4121	4215	4214	11	-1	-1	-1	0
4235	4157	4158	9	-1	-1	-1	0
4159	4235	4158	9	-1	-1	-1	0
4216	4122	4214	11	-1	-1	-1	0
4236	4160	4161	11	-1	-1	-1	0
4218	4124	4216	11	-1	-1	-1	0
4125	4219	4215	11	-1	-1	-1	0
4218	4217	4124	11	-1	-1	-1	0
4163	4237	4161	11	-1	-1	-1	0
4238	4163	4162	11	-1	-1	-1	0
4131	4208	4225	10	-1	-1	-1	0
4187	4186	4192	12	-1	-1	-1	0
4165	4239	4162	11	-1	-1	-1	0
4221	4220	4127	10	-1	-1	-1	0
4128	4217	4223	10	-1	-1	-1	0
4127	4222	4221	10	-1	-1	-1	0
4242	4165	4164	11	-1	-1	-1	0
4129	4224	4219	11	-1	-1	-1	0
4166	4242	4164	11	-1	-1	-1	0
4223	4222	4128	10	-1	-1	-1	0
4130	4226	4224	11	-1	-1	-1	0
4196	4152	4232	12	-1	-1	-1	0
4225	4226	4130	11	-1	-1	-1	0
4172	4247	4168	12	-1	-1	-1	0
4170	4169	4249	12	-1	-1	-1	0
4168	4246	4175	12	-1	-1	-1	0
4211	4229	4150	9	-1	-1	-1	0
4166	4181	4244	11	-1	-1	-1	0
4171	4170	4251	12	-1	-1	-1	0
4171	4251	4173	12	-1	-1	-1	0
4252	4172	4173	12	-1	-1	-1	0
4175	4254	4174	12	-1	-1	-1	0
4176	4174	4254	12	-1	-1	-1	0
4149	4229	4230	9	-1	-1	-1	0
4177	4176	4257	12	-1	-1	-1	0
4151	4230	4231	9	-1	-1	-1	0
4178	4177	4258	12	-1	-1	-1	0
4180	4178	4259	12	-1	-1	-1	0
4233	4232	4153	12	-1	-1	-1	0
4261	4179	4180	12	-1	-1	-1	0
4179	4260	4183	12	-1	-1	-1	0
4232	4197	4196	12	-1	-1	-1	0
4235	4234	4157	9	-1	-1	-1	0
4236	4233	4160	11	-1	-1	-1	0
4182	4264	4184	12	-1	-1	-1	0
4183	4265	4182	12	-1	-1	-1	0
4263	4181	4189	11	-1	-1	-1	0
4236	4161	4237	11	-1	-1	-1	0
4184	4266	4185	12	-1	-1	-1	0
4238	4162	4239	11	-1	-1	-1	0
4238	4240	4163	11	-1	-1	-1	0
4163	4241	4237	11	-1	-1	-1	0
4185	4269	4190	12	-1	-1	-1	0
4163	4240	4241	11	-1	-1	-1	0
4187	4271	4188	11	-1	-1	-1	0
4165	4243	4239	11	-1	-1	-1	0
4189	4188	4272	11	-1	-1	-1	0
4187	4192	4270	12	-1	-1	-1	0
4165	4242	4243	11	-1	-1	-1	0
4245	4242	4166	11	-1	-1	-1	0
4244	4245	4166	11	-1	-1	-1	0
4274	4191	4190	12	-1	-1	-1	0
4274	4192	4191	12	-1	-1	-1	0
4247	4246	4168	12	-1	-1	-1	0
4194	4193	4275	12	-1	-1	-1	0
4276	4193	4195	12	-1	-1	-1	0
4248	4249	4169	12	-1	-1	0	0
4250	4170	4249	12	-1	-1	-1	0
4279	4195	4197	12	-1	-1	-1	0
4251	4170	4250	12	-1	-1	-1	0
4172	4252	4247	12	-1	-1	-1	0
4205	4194	4278	12	-1	-1	-1	0
4256	4175	4246	12	-1	-1	-1	0
4253	4173	4251	12	-1	-1	-1	0
4253	4252	4173	12	-1	-1	-1	0
4282	4199	4198	10	-1	-1	-1	0
4281	4198	4200	12	-1	-1	-1	0
4281	4200	4202	12	-1	-1	-1	0
4254	4175	4255	12	-1	-1	-1	0
4256	4255	4175	12	-1	-1	-1	0
4257	4176	4254	12	-1	-1	-1	0
4199	4284	4204	10	-1	-1	-1	0
4285	4202	4201	12	-1	-1	-1	0
4263	4244	4181	11	-1	-1	-1	0
4258	4177	4257	12	-1	-1	-1	0
4286	4201	4206	12	-1	-1	-1	0
4258	4259	4178	12	-1	-1	-1	0
4203	4204	4288	10	-1	-1	-1	0
4288	4207	4203	10	-1	-1	-1	0
4261	4260	4179	12	-1	-1	-1	0
4289	4206	4205	12	-1	-1	-1	0
4180	4259	4262	12	-1	-1	-1	0
4261	4180	4262	12	-1	-1	-1	0
4291	4209	4207	10	-1	-1	-1	0
4183	4260	4265	12	-1	-1	-1	0
4280	4197	4232	12	-1	-1	-1	0
4208	4209	4292	10	-1	-1	-1	0
4264	4182	4265	12	-1	-1	-1	0
4267	4184	4264	12	-1	-1	-1	0
4211	4210	4295	10	-1	-1	-1	0
4213	4294	4210	10	-1	-1	-1	0
4266	4184	4267	12	-1	-1	-1	0
4266	4268	4185	12	-1	-1	-1	0
4296	4213	4212	10	-1	-1	-1	0
4268	4269	4185	12	-1	-1	-1	0
4273	4263	4189	11	-1	-1	-1	0
4292	4225	4208	10	-1	-1	-1	0
4270	4271	4187	11	-1	-1	-1	0
4214	4215	4299	11	-1	-1	-1	0
4216	4214	4299	11	-1	-1	-1	0
4271	4272	4188	11	-1	-1	-1	0
4269	4274	4190	12	-1	-1	-1	0
4300	4215	4219	11	-1	-1	-1	0
4273	4189	4272	11	-1	-1	-1	0
4301	4218	4216	11	-1	-1	-1	0
4295	4229	4211	9	-1	-1	-1	0
4274	4270	4192	12	-1	-1	-1	0
4303	4217	4218	11	-1	-1	-1	0
4217	4303	4223	11	-1	-1	-1	0
4224	4300	4219	11	-1	-1	-1	0
4275	4193	4276	12	-1	-1	-1	0
4232	4233	4280	12	-1	-1	-1	0
4277	4194	4275	12	-1	-1	-1	0
4220	4221	4306	10	-1	-1	-1	0
4256	4246	4247	12	-1	-1	-1	0
4278	4194	4277	12	-1	-1	-1	0
4222	4307	4221	10	-1	-1	-1	0
4195	4279	4276	12	-1	-1	-1	0
4299	4215	4240	11	-1	-1	-1	0
4223	4309	4222	10	-1	-1	-1	0
4215	4300	4240	11	-1	-1	-1	0
4280	4279	4197	12	-1	-1	-1	0
4198	4281	4282	10	-1	-1	-1	0
4311	4224	4226	11	-1	-1	-1	0
4282	4283	4199	10	-1	-1	-1	0
4313	4226	4225	11	-1	-1	-1	0
4199	4283	4284	10	-1	-1	-1	0
4281	4202	4287	12	-1	-1	-1	0
4278	4289	4205	12	-1	-1	-1	0
4285	4201	4286	12	-1	-1	-1	0
4315	4230	4229	9	-1	-1	-1	0
4285	4287	4202	12	-1	-1	-1	0
4288	4204	4284	10	-1	-1	-1	0
4316	4231	4230	9	-1	-1	-1	0
4299	4240	4238	11	-1	-1	-1	0
4240	4300	4241	11	-1	-1	-1	0
4286	4206	4290	12	-1	-1	-1	0
4289	4290	4206	12	-1	-1	-1	0
4288	4291	4207	10	-1	-1	-1	0
4318	4233	4236	11	-1	-1	-1	0
4236	4237	4319	11	-1	-1	-1	0
4293	4209	4291	10	-1	-1	-1	0
4209	4293	4292	10	-1	-1	-1	0
4238	4239	4320	11	-1	-1	-1	0
4241	4319	4237	11	-1	-1	-1	0
4294	4295	4210	10	-1	-1	-1	0
4239	4243	4322	11	-1	-1	-1	0
4294	4213	4298	10	-1	-1	-1	0
4297	4213	4296	10	-1	-1	-1	0
4323	4243	4242	11	-1	-1	-1	0
4297	4298	4213	10	-1	-1	-1	0
4242	4245	4323	11	-1	-1	-1	0
4245	4244	4326	11	-1	-1	-1	0
4299	4302	4216	11	-1	-1	-1	0
4302	4301	4216	11	-1	-1	-1	0
4218	4301	4305	11	-1	-1	-1	0
4218	4304	4303	11	-1	-1	-1	0
4304	4218	4305	11	-1	-1	-1	0
4247	4252	4330	12	-1	-1	-1	0
4248	4332	4249	12	-1	-1	-1	0
4292	4313	4225	11	-1	-1	-1	0
4318	4280	4233	11	-1	-1	-1	0
4256	4247	4329	12	-1	-1	-1	0
4263	4325	4244	11	-1	-1	-1	0
4249	4334	4250	12	-1	-1	-1	0
4306	4221	4307	10	-1	-1	-1	0
4252	4253	4330	12	-1	-1	-1	0
4312	4300	4224	11	-1	-1	-1	0
4250	4335	4251	12	-1	-1	-1	0
4310	4223	4303	11	-1	-1	-1	0
4308	4307	4222	10	-1	-1	-1	0
4222	4309	4308	10	-1	-1	-1	0
4295	4315	4229	9	-1	-1	-1	0
4251	4335	4253	12	-1	-1	-1	0
4238	4302	4299	11	-1	-1	-1	0
4223	4310	4309	11	-1	-1	-1	0
4312	4224	4311	11	-1	-1	-1	0
4254	4255	4338	12	-1	-1	-1	0
4254	4338	4257	12	-1	-1	-1	0
4256	4339	4255	12	-1	-1	-1	0
4314	4311	4226	11	-1	-1	-1	0
4300	4312	4241	11	-1	-1	-1	0
4314	4226	4313	11	-1	-1	-1	0
4342	4258	4257	12	-1	-1	-1	0
4320	4302	4238	11	-1	-1	-1	0
4259	4258	4343	12	-1	-1	-1	0
4230	4315	4316	9	-1	-1	-1	0
4231	4316	4317	9	-1	-1	-1	0
4345	4262	4259	12	-1	-1	-1	0
4260	4261	4346	12	-1	-1	-1	0
4261	4262	4349	12	-1	-1	-1	0
4265	4260	4347	12	-1	-1	-1	0
4241	4312	4319	11	-1	-1	-1	0
4236	4319	4318	11	-1	-1	-1	0
4321	4320	4239	11	-1	-1	-1	0
4352	4264	4265	12	-1	-1	-1	0
4322	4321	4239	11	-1	-1	-1	0
4267	4264	4352	12	-1	-1	-1	0
4266	4267	4353	12	-1	-1	-1	0
4351	4263	4273	11	-1	-1	-1	0
4268	4266	4354	12	-1	-1	-1	0
4322	4243	4324	11	-1	-1	-1	0
4323	4324	4243	11	-1	-1	-1	0
4356	4269	4268	12	-1	-1	-1	0
4325	4326	4244	11	-1	-1	-1	0
4323	4245	4328	11	-1	-1	-1	0
4245	4326	4327	11	-1	-1	-1	0
4327	4328	4245	11	-1	-1	-1	0
4270	4359	4271	11	-1	-1	-1	0
4269	4357	4274	12	-1	-1	-1	0
4274	4360	4270	12	-1	-1	-1	0
4362	4272	4271	11	-1	-1	-1	0
4330	4329	4247	12	-1	-1	-1	0
4272	4362	4273	11	-1	-1	-1	0
4331	4333	4248	12	-1	-1	0	0
4332	4248	4333	12	-1	-1	-1	0
4334	4249	4332	12	-1	-1	-1	0
4275	4276	4366	11	-1	-1	-1	0
4330	4253	4336	12	-1	-1	-1	0
4334	4335	4250	12	-1	-1	-1	0
4275	4367	4277	11	-1	-1	-1	0
4369	4276	4279	11	-1	-1	-1	0
4340	4256	4329	12	-1	-1	-1	0
4335	4337	4253	12	-1	-1	-1	0
4370	4278	4277	11	-1	-1	-1	0
4253	4337	4336	12	-1	-1	-1	0
4279	4280	4372	11	-1	-1	-1	0
4338	4255	4339	12	-1	-1	-1	0
4256	4341	4339	12	-1	-1	-1	0
4282	4281	4373	10	-1	-1	-1	0
4256	4340	4341	12	-1	-1	-1	0
4342	4257	4338	12	-1	-1	-1	0
4278	4371	4289	11	-1	-1	-1	0
4325	4263	4351	11	-1	-1	-1	0
4282	4374	4283	10	-1	-1	-1	0
4281	4287	4373	10	-1	-1	-1	0
4375	4284	4283	10	-1	-1	-1	0
4258	4342	4344	12	-1	-1	-1	0
4343	4258	4344	12	-1	-1	-1	0
4286	4378	4285	12	-1	-1	-1	0
4343	4345	4259	12	-1	-1	-1	0
4287	4285	4378	12	-1	-1	-1	0
4284	4377	4288	10	-1	-1	-1	0
4290	4378	4286	12	-1	-1	-1	0
4346	4347	4260	12	-1	-1	-1	0
4346	4261	4348	12	-1	-1	-1	0
4262	4345	4350	12	-1	-1	-1	0
4348	4261	4349	12	-1	-1	-1	0
4288	4380	4291	10	-1	-1	-1	0
4381	4290	4289	11	-1	-1	-1	0
4349	4262	4350	12	-1	-1	-1	0
4347	4352	4265	12	-1	-1	-1	0
4291	4380	4293	10	-1	-1	-1	0
4293	4383	4292	11	-1	-1	-1	0
4280	4318	4372	11	-1	-1	-1	0
4354	4266	4353	12	-1	-1	-1	0
4295	4294	4385	10	-1	-1	-1	0
4352	4355	4267	12	-1	-1	-1	0
4294	4298	4385	10	-1	-1	-1	0
4355	4353	4267	12	-1	-1	-1	0
4268	4354	4356	12	-1	-1	-1	0
4296	4386	4297	10	-1	-1	-1	0
4297	4387	4298	10	-1	-1	-1	0
4358	4269	4356	12	-1	-1	-1	0
4269	4358	4357	12	-1	-1	-1	0
4351	4273	4363	11	-1	-1	-1	0
4292	4383	4313	11	-1	-1	-1	0
4360	4359	4270	11	-1	-1	-1	0
4271	4359	4361	11	-1	-1	-1	0
4274	4357	4360	12	-1	-1	-1	0
4302	4389	4301	11	-1	-1	-1	0
4361	4362	4271	11	-1	-1	-1	0
4295	4385	4315	9	-1	-1	-1	0
4389	4305	4301	11	-1	-1	-1	0
4390	4303	4304	11	-1	-1	-1	0
4273	4362	4364	11	-1	-1	-1	0
4391	4304	4305	11	-1	-1	-1	0
4363	4273	4365	11	-1	-1	-1	0
4273	4364	4365	11	-1	-1	-1	0
4390	4310	4303	11	-1	-1	-1	0
4334	4337	4335	12	-1	-1	-1	0
4394	4306	4307	10	-1	-1	-1	0
4367	4275	4366	11	-1	-1	-1	0
4276	4368	4366	11	-1	-1	-1	0
4395	4307	4308	10	-1	-1	-1	0
4389	4302	4320	11	-1	-1	-1	0
4309	4396	4308	10	-1	-1	-1	0
4276	4369	4368	11	-1	-1	-1	0
4277	4367	4370	11	-1	-1	-1	0
4310	4397	4309	11	-1	-1	-1	0
4278	4370	4371	11	-1	-1	-1	0
4372	4369	4279	11	-1	-1	-1	0
4398	4312	4311	11	-1	-1	-1	0
4314	4399	4311	11	-1	-1	-1	0
4314	4313	4400	11	-1	-1	-1	0
4373	4374	4282	10	-1	-1	-1	0
4398	4319	4312	11	-1	-1	-1	0
4283	4374	4375	10	-1	-1	-1	0
4315	4404	4316	9	-1	-1	-1	0
4376	4284	4375	10	-1	-1	-1	0
4318	4319	4398	11	-1	-1	-1	0
4377	4284	4376	10	-1	-1	-1	0
4317	4316	4404	9	-1	-1	-1	0
4287	4378	4373	11	-1	-1	-1	0
4381	4289	4371	11	-1	-1	-1	0
4379	4288	4377	10	-1	-1	-1	0
4321	4406	4320	11	-1	-1	-1	0
4380	4288	4379	10	-1	-1	-1	0
4382	4378	4290	11	-1	-1	-1	0
4407	4321	4322	11	-1	-1	-1	0
4324	4407	4322	11	-1	-1	-1	0
4290	4381	4382	11	-1	-1	-1	0
4347	4355	4352	12	-1	-1	-1	0
4323	4408	4324	11	-1	-1	-1	0
4380	4384	4293	11	-1	-1	-1	0
4328	4408	4323	11	-1	-1	-1	0
4383	4293	4384	11	-1	-1	-1	0
4325	4409	4326	11	-1	-1	-1	0
4411	4327	4326	11	-1	-1	-1	0
4413	4328	4327	11	-1	-1	-1	0
4386	4387	4297	10	-1	-1	-1	0
4298	4388	4385	10	-1	-1	-1	0
4298	4387	4388	10	-1	-1	-1	0
4329	4330	4415	12	-1	-1	-1	0
4330	4336	4416	12	-1	-1	-1	0
4418	4333	4331	12	-1	-1	-1	0
4415	4340	4329	12	-1	-1	-1	0
4419	4332	4333	12	-1	-1	-1	0
4332	4419	4334	12	-1	-1	-1	0
4304	4392	4390	11	-1	-1	-1	0
4410	4325	4351	11	-1	-1	-1	0
4393	4305	4389	11	-1	-1	-1	0
4304	4391	4392	11	-1	-1	-1	0
4372	4318	4398	11	-1	-1	-1	0
4391	4305	4393	11	-1	-1	-1	0
4419	4337	4334	12	-1	-1	-1	0
4422	4336	4337	12	-1	-1	-1	0
4383	4400	4313	11	-1	-1	-1	0
4394	4307	4395	10	-1	-1	-1	0
4310	4390	4397	11	-1	-1	-1	0
4395	4308	4396	10	-1	-1	-1	0
4338	4339	4423	12	-1	-1	-1	0
4397	4396	4309	11	-1	-1	-1	0
4315	4385	4403	9	-1	-1	-1	0
4338	4424	4342	12	-1	-1	-1	0
4341	4425	4339	12	-1	-1	-1	0
4398	4311	4399	11	-1	-1	-1	0
4340	4427	4341	12	-1	-1	-1	0
4344	4342	4424	12	-1	-1	-1	0
4406	4389	4320	11	-1	-1	-1	0
4402	4399	4314	11	-1	-1	-1	0
4400	4401	4314	11	-1	-1	-1	0
4343	4429	4345	12	-1	-1	-1	0
4402	4314	4401	11	-1	-1	-1	0
4344	4430	4343	12	-1	-1	-1	0
4403	4404	4315	9	-1	-1	-1	0
4405	4317	4404	9	-1	-1	-1	0
4347	4346	4435	12	-1	-1	-1	0
4345	4433	4350	12	-1	-1	-1	0
4434	4346	4348	12	-1	-1	-1	0
4374	4373	4382	11	-1	-1	-1	0
4373	4378	4382	11	-1	-1	-1	0
4349	4437	4348	12	-1	-1	-1	0
4406	4321	4407	11	-1	-1	-1	0
4355	4347	4436	12	-1	-1	-1	0
4439	4349	4350	12	-1	-1	-1	0
4399	4369	4372	11	-1	-1	-1	0
4409	4325	4410	11	-1	-1	-1	0
4326	4409	4411	11	-1	-1	-1	0
4327	4411	4412	11	-1	-1	-1	0
4414	4408	4328	11	-1	-1	-1	0
4353	4443	4354	12	-1	-1	-1	0
4353	4355	4442	12	-1	-1	-1	0
4412	4413	4327	11	-1	-1	-1	0
4354	4444	4356	12	-1	-1	-1	0
4363	4441	4351	11	-1	-1	-1	0
4414	4328	4413	11	-1	-1	-1	0
4356	4446	4358	12	-1	-1	-1	0
4415	4330	4416	12	-1	-1	-1	0
4358	4447	4357	12	-1	-1	-1	0
4360	4357	4447	12	-1	-1	-1	0
4417	4418	4331	12	-1	-1	0	0
4384	4400	4383	11	-1	-1	-1	0
4449	4359	4360	11	-1	-1	-1	0
4398	4399	4372	11	-1	-1	-1	0
4359	4450	4361	11	-1	-1	-1	0
4420	4333	4418	12	-1	-1	-1	0
4419	4333	4420	12	-1	-1	-1	0
4336	4421	4416	12	-1	-1	-1	0
4451	4362	4361	11	-1	-1	-1	0
4385	4388	4403	9	-1	-1	-1	0
4451	4364	4362	11	-1	-1	-1	0
4419	4422	4337	12	-1	-1	-1	0
4422	4421	4336	12	-1	-1	-1	0
4363	4365	4452	11	-1	-1	-1	0
4426	4340	4415	12	-1	-1	-1	0
4453	4365	4364	11	-1	-1	-1	0
4424	4338	4423	12	-1	-1	-1	0
4423	4339	4425	12	-1	-1	-1	0
4389	4406	4393	11	-1	-1	-1	0
4456	4367	4366	11	-1	-1	-1	0
4368	4456	4366	11	-1	-1	-1	0
4427	4340	4426	12	-1	-1	-1	0
4457	4370	4367	11	-1	-1	-1	0
4341	4428	4425	12	-1	-1	-1	0
4369	4458	4368	11	-1	-1	-1	0
4427	4428	4341	12	-1	-1	-1	0
4344	4424	4431	12	-1	-1	-1	0
4459	4371	4370	11	-1	-1	-1	0
4351	4441	4410	11	-1	-1	-1	0
4343	4430	4429	12	-1	-1	-1	0
4432	4430	4344	12	-1	-1	-1	0
4344	4431	4432	12	-1	-1	-1	0
4429	4433	4345	12	-1	-1	-1	0
4375	4374	4461	11	-1	-1	-1	0
4381	4371	4460	11	-1	-1	-1	0
4376	4375	4462	11	-1	-1	-1	0
4434	4435	4346	12	-1	-1	-1	0
4376	4463	4377	11	-1	-1	-1	0
4374	4382	4461	11	-1	-1	-1	0
4435	4436	4347	12	-1	-1	-1	0
4438	4434	4348	12	-1	-1	-1	0
4379	4377	4464	11	-1	-1	-1	0
4433	4440	4350	12	-1	-1	-1	0
4437	4438	4348	12	-1	-1	-1	0
4380	4379	4465	11	-1	-1	-1	0
4381	4461	4382	11	-1	-1	-1	0
4437	4349	4439	12	-1	-1	-1	0
4369	4399	4458	11	-1	-1	-1	0
4439	4350	4440	12	-1	-1	-1	0
4380	4465	4384	11	-1	-1	-1	0
4436	4442	4355	12	-1	-1	-1	0
4443	4353	4442	12	-1	-1	-1	0
4386	4468	4387	10	-1	-1	-1	0
4354	4443	4445	12	-1	-1	-1	0
4444	4354	4445	12	-1	-1	-1	0
4388	4387	4469	10	-1	-1	-1	0
4356	4444	4446	12	-1	-1	-1	0
4467	4400	4384	11	-1	-1	-1	0
4358	4446	4448	12	-1	-1	-1	0
4358	4448	4447	12	-1	-1	-1	0
4471	4390	4392	11	-1	-1	-1	0
4447	4449	4360	11	-1	-1	-1	0
4452	4441	4363	11	-1	-1	-1	0
4450	4359	4449	11	-1	-1	-1	0
4458	4399	4402	11	-1	-1	-1	0
4472	4397	4390	11	-1	-1	-1	0
4470	4403	4388	9	-1	-1	-1	0
4361	4450	4451	11	-1	-1	-1	0
4473	4394	4395	10	-1	-1	-1	0
4474	4395	4396	10	-1	-1	-1	0
4401	4400	4467	11	-1	-1	-1	0
4397	4475	4396	11	-1	-1	-1	0
4454	4364	4451	11	-1	-1	-1	0
4453	4364	4454	11	-1	-1	-1	0
4455	4452	4365	11	-1	-1	-1	0
4453	4455	4365	11	-1	-1	-1	0
4470	4404	4403	9	-1	-1	-1	0
4402	4401	4476	11	-1	-1	-1	0
4405	4404	4470	9	-1	-1	-1	0
4457	4367	4456	11	-1	-1	-1	0
4458	4456	4368	11	-1	-1	-1	0
4457	4459	4370	11	-1	-1	-1	0
4371	4459	4460	11	-1	-1	-1	0
4479	4409	4410	11	-1	-1	-1	0
4375	4461	4462	11	-1	-1	-1	0
4479	4411	4409	11	-1	-1	-1	0
4463	4376	4462	11	-1	-1	-1	0
4463	4464	4377	11	-1	-1	-1	0
4411	4481	4412	11	-1	-1	-1	0
4381	4460	4466	11	-1	-1	-1	0
4483	4413	4412	11	-1	-1	-1	0
4379	4464	4465	11	-1	-1	-1	0
4461	4381	4466	11	-1	-1	-1	0
4413	4484	4414	11	-1	-1	-1	0
4467	4384	4465	11	-1	-1	-1	0
4416	4486	4415	12	-1	-1	-1	0
4487	4416	4421	12	-1	-1	-1	0
4417	4489	4418	12	-1	-1	-1	0
4468	4469	4387	10	-1	-1	-1	0
4485	4426	4415	12	-1	-1	-1	0
4469	4470	4388	9	-1	-1	-1	0
4418	4491	4420	12	-1	-1	-1	0
4487	4421	4422	12	-1	-1	-1	0
4480	4410	4441	11	-1	-1	-1	0
4492	4419	4420	12	-1	-1	-1	0
4422	4419	4492	12	-1	-1	-1	0
4472	4390	4471	11	-1	-1	-1	0
4458	4402	4477	11	-1	-1	-1	0
4423	4494	4424	12	-1	-1	-1	0
4423	4425	4494	12	-1	-1	-1	0
4395	4474	4473	10	-1	-1	-1	0
4472	4475	4397	11	-1	-1	-1	0
4467	4476	4401	11	-1	-1	-1	0
4396	4475	4474	11	-1	-1	-1	0
4425	4428	4495	12	-1	-1	-1	0
4424	4494	4431	12	-1	-1	-1	0
4427	4426	4497	12	-1	-1	-1	0
4427	4498	4428	12	-1	-1	-1	0
4478	4405	4470	9	-1	-1	-1	0
4454	4451	4450	11	-1	-1	-1	0
4402	4476	4477	11	-1	-1	-1	0
4430	4500	4429	12	-1	-1	-1	0
4500	4433	4429	12	-1	-1	-1	0
4432	4501	4430	12	-1	-1	-1	0
4502	4432	4431	12	-1	-1	-1	0
4410	4480	4479	11	-1	-1	-1	0
4481	4411	4479	11	-1	-1	-1	0
4482	4412	4481	11	-1	-1	-1	0
4482	4483	4412	11	-1	-1	-1	0
4435	4434	4508	12	-1	-1	-1	0
4484	4413	4483	11	-1	-1	-1	0
4434	4438	4508	12	-1	-1	-1	0
4507	4440	4433	12	-1	-1	-1	0
4435	4509	4436	12	-1	-1	-1	0
4486	4485	4415	12	-1	-1	-1	0
4438	4437	4512	12	-1	-1	-1	0
4437	4439	4511	12	-1	-1	-1	0
4436	4510	4442	12	-1	-1	-1	0
4461	4466	4462	11	-1	-1	-1	0
4486	4416	4487	12	-1	-1	-1	0
4457	4456	4477	11	-1	-1	-1	0
4458	4477	4456	11	-1	-1	-1	0
4439	4440	4515	12	-1	-1	-1	0
4417	4488	4490	12	0	-1	-1	0
4491	4418	4489	12	-1	-1	-1	0
4489	4417	4490	12	-1	-1	-1	0
4487	4422	4493	12	-1	-1	-1	0
4420	4491	4492	12	-1	-1	-1	0
4519	4443	4442	12	-1	-1	-1	0
4492	4493	4422	12	-1	-1	-1	0
4520	4445	4443	12	-1	-1	-1	0
4497	4426	4485	12	-1	-1	-1	0
4445	4521	4444	12	-1	-1	-1	0
4476	4457	4477	11	-1	-1	-1	0
4446	4444	4521	12	-1	-1	-1	0
4452	4518	4441	11	-1	-1	-1	0
4496	4494	4425	12	-1	-1	-1	0
4495	4496	4425	12	-1	-1	-1	0
4522	4448	4446	12	-1	-1	-1	0
4470	4469	4478	9	-1	-1	-1	0
4523	4447	4448	11	-1	-1	-1	0
4447	4523	4449	11	-1	-1	-1	0
4428	4499	4495	12	-1	-1	-1	0
4450	4449	4523	11	-1	-1	-1	0
4497	4498	4427	12	-1	-1	-1	0
4428	4498	4499	12	-1	-1	-1	0
4503	4431	4494	12	-1	-1	-1	0
4454	4450	4525	11	-1	-1	-1	0
4500	4430	4501	12	-1	-1	-1	0
4452	4455	4526	11	-1	-1	-1	0
4454	4527	4453	11	-1	-1	-1	0
4527	4455	4453	11	-1	-1	-1	0
4431	4503	4502	12	-1	-1	-1	0
4432	4505	4501	12	-1	-1	-1	0
4504	4432	4502	12	-1	-1	-1	0
4506	4433	4500	12	-1	-1	-1	0
4518	4480	4441	11	-1	-1	-1	0
4505	4432	4504	12	-1	-1	-1	0
4507	4433	4506	12	-1	-1	-1	0
4459	4457	4531	11	-1	-1	-1	0
4460	4459	4532	11	-1	-1	-1	0
4435	4508	4509	12	-1	-1	-1	0
4510	4436	4509	12	-1	-1	-1	0
4460	4532	4466	11	-1	-1	-1	0
4533	4463	4462	11	-1	-1	-1	0
4438	4514	4508	12	-1	-1	-1	0
4511	4512	4437	12	-1	-1	-1	0
4462	4466	4533	11	-1	-1	-1	0
4534	4464	4463	11	-1	-1	-1	0
4513	4438	4512	12	-1	-1	-1	0
4465	4464	4535	11	-1	-1	-1	0
4517	4440	4507	12	-1	-1	-1	0
4531	4457	4476	11	-1	-1	-1	0
4514	4438	4513	12	-1	-1	-1	0
4511	4439	4516	12	-1	-1	-1	0
4535	4467	4465	11	-1	-1	-1	0
4515	4516	4439	12	-1	-1	-1	0
4519	4442	4510	12	-1	-1	-1	0
4517	4515	4440	12	-1	-1	-1	0
4536	4469	4468	10	-1	-1	-1	0
4467	4535	4476	11	-1	-1	-1	0
4471	4537	4472	11	-1	-1	-1	0
4519	4520	4443	12	-1	-1	-1	0
4478	4469	4536	9	-1	-1	-1	0
4537	4475	4472	11	-1	-1	-1	0
4473	4474	4538	10	-1	-1	-1	0
4445	4520	4521	12	-1	-1	-1	0
4539	4474	4475	11	-1	-1	-1	0
4446	4521	4522	12	-1	-1	-1	0
4496	4503	4494	12	-1	-1	-1	0
4524	4448	4522	11	-1	-1	-1	0
4524	4523	4448	11	-1	-1	-1	0
4518	4452	4526	11	-1	-1	-1	0
4523	4525	4450	11	-1	-1	-1	0
4540	4479	4480	11	-1	-1	-1	0
4481	4479	4540	11	-1	-1	-1	0
4481	4543	4482	11	-1	-1	-1	0
4525	4528	4454	11	-1	-1	-1	0
4528	4527	4454	11	-1	-1	-1	0
4526	4455	4529	12	-1	-1	-1	0
4483	4482	4545	11	-1	-1	-1	0
4455	4527	4530	12	-1	-1	-1	0
4483	4546	4484	11	-1	-1	-1	0
4455	4530	4529	12	-1	-1	-1	0
4485	4486	4547	12	-1	-1	-1	0
4487	4548	4486	12	-1	-1	-1	0
4531	4532	4459	11	-1	-1	-1	0
4493	4549	4487	12	-1	-1	-1	0
4547	4497	4485	12	-1	-1	-1	0
4463	4533	4534	11	-1	-1	-1	0
4488	4552	4490	12	-1	-1	-1	0
4532	4533	4466	11	-1	-1	-1	0
4490	4553	4489	12	-1	-1	-1	0
4534	4535	4464	11	-1	-1	-1	0
4553	4491	4489	12	-1	-1	-1	0
4556	4492	4491	12	-1	-1	-1	0
4542	4480	4518	11	-1	-1	-1	0
4493	4492	4556	12	-1	-1	-1	0
4531	4476	4535	11	-1	-1	-1	0
4558	4496	4495	12	-1	-1	-1	0
4539	4538	4474	11	-1	-1	-1	0
4537	4539	4475	11	-1	-1	-1	0
4495	4499	4558	12	-1	-1	-1	0
4497	4560	4498	12	-1	-1	-1	0
4559	4503	4496	12	-1	-1	-1	0
4562	4499	4498	12	-1	-1	-1	0
4540	4480	4541	11	-1	-1	-1	0
4541	4480	4542	11	-1	-1	-1	0
4481	4540	4544	11	-1	-1	-1	0
4501	4564	4500	12	-1	-1	-1	0
4543	4481	4544	11	-1	-1	-1	0
4500	4564	4506	12	-1	-1	-1	0
4543	4545	4482	11	-1	-1	-1	0
4505	4565	4501	12	-1	-1	-1	0
4504	4502	4566	12	-1	-1	-1	0
4567	4502	4503	12	-1	-1	-1	0
4525	4523	4524	11	-1	-1	-1	0
4546	4483	4545	11	-1	-1	-1	0
4529	4530	4516	12	-1	-1	-1	0
4504	4570	4505	12	-1	-1	-1	0
4547	4486	4548	12	-1	-1	-1	0
4548	4487	4550	12	-1	-1	-1	0
4506	4572	4507	12	-1	-1	-1	0
4518	4526	4542	11	-1	-1	-1	0
4550	4487	4549	12	-1	-1	-1	0
4551	4552	4488	12	-1	-1	0	0
4508	4575	4509	12	-1	-1	-1	0
4510	4509	4576	12	-1	-1	-1	0
4490	4552	4554	12	-1	-1	-1	0
4553	4490	4554	12	-1	-1	-1	0
4514	4575	4508	12	-1	-1	-1	0
4534	4532	4531	11	-1	-1	-1	0
4507	4574	4517	12	-1	-1	-1	0
4557	4549	4493	12	-1	-1	-1	0
4555	4491	4553	12	-1	-1	-1	0
4534	4533	4532	11	-1	-1	-1	0
4531	4535	4534	11	-1	-1	-1	0
4512	4511	4578	12	-1	-1	-1	0
4491	4555	4556	12	-1	-1	-1	0
4513	4512	4579	12	-1	-1	-1	0
4516	4578	4511	12	-1	-1	-1	0
4497	4547	4561	12	-1	-1	-1	0
4493	4556	4557	12	-1	-1	-1	0
4577	4519	4510	12	-1	-1	-1	0
4513	4580	4514	12	-1	-1	-1	0
4559	4496	4558	12	-1	-1	-1	0
4582	4516	4515	12	-1	-1	-1	0
4583	4515	4517	12	-1	-1	-1	0
4561	4560	4497	12	-1	-1	-1	0
4498	4560	4562	12	-1	-1	-1	0
4563	4558	4499	12	-1	-1	-1	0
4499	4562	4563	12	-1	-1	-1	0
4530	4578	4516	12	-1	-1	-1	0
4586	4520	4519	12	-1	-1	-1	0
4582	4529	4516	12	-1	-1	-1	0
4587	4521	4520	12	-1	-1	-1	0
4565	4564	4501	12	-1	-1	-1	0
4503	4559	4568	12	-1	-1	-1	0
4522	4521	4588	12	-1	-1	-1	0
4566	4502	4567	12	-1	-1	-1	0
4524	4522	4589	11	-1	-1	-1	0
4582	4526	4529	12	-1	-1	-1	0
4503	4568	4567	12	-1	-1	-1	0
4524	4590	4525	11	-1	-1	-1	0
4566	4569	4504	12	-1	-1	-1	0
4505	4571	4565	12	-1	-1	-1	0
4504	4569	4570	12	-1	-1	-1	0
4564	4573	4506	12	-1	-1	-1	0
4528	4525	4592	11	-1	-1	-1	0
4570	4571	4505	12	-1	-1	-1	0
4527	4528	4595	12	-1	-1	-1	0
4506	4573	4572	12	-1	-1	-1	0
4595	4530	4527	12	-1	-1	-1	0
4574	4507	4572	12	-1	-1	-1	0
4575	4576	4509	12	-1	-1	-1	0
4542	4526	4594	12	-1	-1	-1	0
4555	4553	4554	12	-1	-1	-1	0
4576	4577	4510	12	-1	-1	-1	0
4512	4578	4579	12	-1	-1	-1	0
4575	4514	4581	12	-1	-1	-1	0
4579	4580	4513	12	-1	-1	-1	0
4517	4574	4584	12	-1	-1	-1	0
4580	4581	4514	12	-1	-1	-1	0
4597	4540	4541	11	-1	-1	-1	0
4515	4583	4582	12	-1	-1	-1	0
4519	4577	4585	12	-1	-1	-1	0
4544	4540	4598	11	-1	-1	-1	0
4542	4600	4541	12	-1	-1	-1	0
4517	4584	4583	12	-1	-1	-1	0
4602	4543	4544	11	-1	-1	-1	0
4601	4545	4543	11	-1	-1	-1	0
4585	4586	4519	12	-1	-1	-1	0
4520	4586	4587	12	-1	-1	-1	0
4546	4545	4604	11	-1	-1	-1	0
4588	4521	4587	12	-1	-1	-1	0
4522	4588	4589	11	-1	-1	-1	0
4606	4547	4548	12	-1	-1	-1	0
4582	4594	4526	12	-1	-1	-1	0
4530	4595	4578	12	-1	-1	-1	0
4589	4591	4524	11	-1	-1	-1	0
4590	4524	4591	11	-1	-1	-1	0
4548	4550	4607	12	-1	-1	-1	0
4549	4608	4550	12	-1	-1	-1	0
4590	4593	4525	11	-1	-1	-1	0
4592	4525	4593	11	-1	-1	-1	0
4561	4547	4606	12	-1	-1	-1	0
4608	4549	4557	12	-1	-1	-1	0
4551	4611	4552	12	-1	-1	-1	0
4596	4528	4592	12	-1	-1	-1	0
4554	4552	4612	12	-1	-1	-1	0
4595	4528	4596	12	-1	-1	-1	0
4613	4555	4554	12	-1	-1	-1	0
4555	4615	4556	12	-1	-1	-1	0
4556	4616	4557	12	-1	-1	-1	0
4559	4558	4617	12	-1	-1	-1	0
4598	4540	4597	11	-1	-1	-1	0
4594	4600	4542	12	-1	-1	-1	0
4541	4599	4597	12	-1	-1	-1	0
4563	4617	4558	12	-1	-1	-1	0
4560	4561	4619	12	-1	-1	-1	0
4599	4541	4600	12	-1	-1	-1	0
4560	4620	4562	12	-1	-1	-1	0
4562	4620	4563	12	-1	-1	-1	0
4544	4598	4603	11	-1	-1	-1	0
4568	4559	4618	12	-1	-1	-1	0
4602	4601	4543	11	-1	-1	-1	0
4603	4602	4544	11	-1	-1	-1	0
4601	4605	4545	11	-1	-1	-1	0
4595	4579	4578	12	-1	-1	-1	0
4580	4579	4595	12	-1	-1	-1	0
4605	4604	4545	11	-1	-1	-1	0
4564	4565	4625	12	-1	-1	-1	0
4583	4594	4582	12	-1	-1	-1	0
4628	4566	4567	12	-1	-1	-1	0
4548	4607	4606	12	-1	-1	-1	0
4628	4569	4566	12	-1	-1	-1	0
4571	4627	4565	12	-1	-1	-1	0
4573	4564	4626	12	-1	-1	-1	0
4568	4628	4567	12	-1	-1	-1	0
4550	4609	4607	12	-1	-1	-1	0
4550	4608	4609	12	-1	-1	-1	0
4580	4595	4596	12	-1	-1	-1	0
4611	4551	4610	12	-1	0	-1	0
4573	4630	4572	12	-1	-1	-1	0
4611	4612	4552	12	-1	-1	-1	0
4600	4594	4583	12	-1	-1	-1	0
4631	4574	4572	12	-1	-1	-1	0
4554	4612	4613	12	-1	-1	-1	0
4557	4616	4608	12	-1	-1	-1	0
4613	4614	4555	12	-1	-1	-1	0
4614	4615	4555	12	-1	-1	-1	0
4575	4634	4576	12	-1	-1	-1	0
4616	4556	4615	12	-1	-1	-1	0
4621	4561	4606	12	-1	-1	-1	0
4576	4636	4577	12	-1	-1	-1	0
4574	4633	4584	12	-1	-1	-1	0
4581	4635	4575	12	-1	-1	-1	0
4559	4617	4618	12	-1	-1	-1	0
4580	4638	4581	12	-1	-1	-1	0
4560	4619	4620	12	-1	-1	-1	0
4577	4637	4585	12	-1	-1	-1	0
4621	4619	4561	12	-1	-1	-1	0
4563	4624	4617	12	-1	-1	-1	0
4620	4623	4563	12	-1	-1	-1	0
4583	4584	4640	12	-1	-1	-1	0
4622	4563	4623	12	-1	-1	-1	0
4563	4622	4624	12	-1	-1	-1	0
4586	4585	4642	12	-1	-1	-1	0
4638	4580	4596	12	-1	-1	-1	0
4629	4568	4618	12	-1	-1	-1	0
4626	4564	4625	12	-1	-1	-1	0
4587	4586	4643	12	-1	-1	-1	0
4565	4627	4625	12	-1	-1	-1	0
4643	4588	4587	12	-1	-1	-1	0
4644	4589	4588	11	-1	-1	-1	0
4583	4640	4600	12	-1	-1	-1	0
4592	4593	4638	12	-1	-1	-1	0
4589	4644	4591	11	-1	-1	-1	0
4628	4568	4629	12	-1	-1	-1	0
4596	4592	4638	12	-1	-1	-1	0
4590	4591	4645	11	-1	-1	-1	0
4593	4590	4645	11	-1	-1	-1	0
4632	4573	4626	12	-1	-1	-1	0
4572	4630	4631	12	-1	-1	-1	0
4607	4621	4606	12	-1	-1	-1	0
4632	4630	4573	12	-1	-1	-1	0
4631	4633	4574	12	-1	-1	-1	0
4599	4600	4640	12	-1	-1	-1	0
4647	4598	4597	12	-1	-1	-1	0
4597	4599	4647	12	-1	-1	-1	0
4634	4575	4635	12	-1	-1	-1	0
4634	4636	4576	12	-1	-1	-1	0
4647	4603	4598	12	-1	-1	-1	0
4637	4577	4636	12	-1	-1	-1	0
4602	4649	4601	11	-1	-1	-1	0
4635	4581	4639	12	-1	-1	-1	0
4651	4602	4603	11	-1	-1	-1	0
4601	4650	4605	11	-1	-1	-1	0
4639	4581	4638	12	-1	-1	-1	0
4641	4584	4633	12	-1	-1	-1	0
4624	4618	4617	12	-1	-1	-1	0
4604	4605	4654	11	-1	-1	-1	0
4637	4642	4585	12	-1	-1	-1	0
4641	4640	4584	12	-1	-1	-1	0
4639	4638	4593	12	-1	-1	-1	0
4642	4643	4586	12	-1	-1	-1	0
4609	4658	4607	12	-1	-1	-1	0
4588	4643	4644	11	-1	-1	-1	0
4645	4639	4593	12	-1	-1	-1	0
4609	4608	4660	12	-1	-1	-1	0
4591	4644	4646	11	-1	-1	-1	0
4591	4646	4645	11	-1	-1	-1	0
4608	4616	4659	12	-1	-1	-1	0
4611	4610	4663	12	-1	-1	-1	0
4657	4621	4607	12	-1	-1	-1	0
4640	4648	4599	12	-1	-1	-1	0
4611	4665	4612	12	-1	-1	-1	0
4615	4659	4616	12	-1	-1	-1	0
4665	4613	4612	12	-1	-1	-1	0
4599	4648	4647	12	-1	-1	-1	0
4613	4667	4614	12	-1	-1	-1	0
4668	4615	4614	12	-1	-1	-1	0
4650	4601	4649	11	-1	-1	-1	0
4647	4652	4603	12	-1	-1	-1	0
4649	4602	4651	11	-1	-1	-1	0
4603	4653	4651	12	-1	-1	-1	0
4653	4603	4652	12	-1	-1	-1	0
4672	4620	4619	12	-1	-1	-1	0
4656	4605	4650	11	-1	-1	-1	0
4621	4673	4619	12	-1	-1	-1	0
4671	4618	4624	12	-1	-1	-1	0
4655	4654	4605	11	-1	-1	-1	0
4605	4656	4655	11	-1	-1	-1	0
4620	4674	4623	12	-1	-1	-1	0
4629	4618	4670	12	-1	-1	-1	0
4675	4622	4623	12	-1	-1	-1	0
4676	4624	4622	12	-1	-1	-1	0
4657	4607	4658	12	-1	-1	-1	0
4660	4608	4659	12	-1	-1	-1	0
4658	4609	4661	12	-1	-1	-1	0
4625	4677	4626	12	-1	-1	-1	0
4648	4640	4641	12	-1	-1	-1	0
4627	4677	4625	12	-1	-1	-1	0
4660	4661	4609	12	-1	-1	-1	0
4662	4664	4610	12	-1	-1	0	0
4610	4664	4663	12	-1	-1	-1	0
4626	4678	4632	12	-1	-1	-1	0
4611	4663	4666	12	-1	-1	-1	0
4630	4679	4631	12	-1	-1	-1	0
4632	4680	4630	12	-1	-1	-1	0
4659	4615	4668	12	-1	-1	-1	0
4665	4611	4666	12	-1	-1	-1	0
4665	4667	4613	12	-1	-1	-1	0
4681	4633	4631	12	-1	-1	-1	0
4667	4669	4614	12	-1	-1	-1	0
4673	4621	4657	12	-1	-1	-1	0
4614	4669	4668	12	-1	-1	-1	0
4682	4634	4635	12	-1	-1	-1	0
4636	4634	4682	12	-1	-1	-1	0
4681	4641	4633	12	-1	-1	-1	0
4683	4637	4636	12	-1	-1	-1	0
4635	4639	4682	12	-1	-1	-1	0
4671	4670	4618	12	-1	-1	-1	0
4684	4642	4637	12	-1	-1	-1	0
4619	4673	4672	12	-1	-1	-1	0
4672	4674	4620	12	-1	-1	-1	0
4682	4639	4645	12	-1	-1	-1	0
4643	4642	4684	11	-1	-1	-1	0
4641	4681	4648	12	-1	-1	-1	0
4676	4671	4624	12	-1	-1	-1	0
4644	4643	4684	11	-1	-1	-1	0
4674	4675	4623	12	-1	-1	-1	0
4645	4646	4682	12	-1	-1	-1	0
4676	4622	4675	12	-1	-1	-1	0
4684	4646	4644	11	-1	-1	-1	0
4685	4647	4648	12	-1	-1	-1	0
4626	4677	4678	12	-1	-1	-1	0
4647	4685	4652	12	-1	-1	-1	0
4686	4650	4649	11	-1	-1	-1	0
4649	4651	4686	11	-1	-1	-1	0
4660	4659	4668	12	-1	-1	-1	0
4679	4630	4680	12	-1	-1	-1	0
4678	4680	4632	12	-1	-1	-1	0
4679	4681	4631	12	-1	-1	-1	0
4651	4653	4688	12	-1	-1	-1	0
4656	4650	4687	11	-1	-1	-1	0
4664	4666	4663	12	-1	-1	-1	0
4653	4652	4689	12	-1	-1	-1	0
4654	4655	4691	11	-1	-1	-1	0
4636	4682	4683	12	-1	-1	-1	0
4656	4692	4655	11	-1	-1	-1	0
4637	4683	4684	12	-1	-1	-1	0
4695	4657	4658	12	-1	-1	-1	0
4646	4683	4682	12	-1	-1	-1	0
4684	4683	4646	12	-1	-1	-1	0
4681	4685	4648	12	-1	-1	-1	0
4696	4658	4661	12	-1	-1	-1	0
4698	4661	4660	12	-1	-1	-1	0
4650	4686	4687	11	-1	-1	-1	0
4695	4673	4657	12	-1	-1	-1	0
4686	4651	4688	12	-1	-1	-1	0
4662	4700	4664	12	-1	-1	-1	0
4660	4668	4698	12	-1	-1	-1	0
4689	4652	4685	12	-1	-1	-1	0
4653	4690	4688	12	-1	-1	-1	0
4666	4664	4702	12	-1	-1	-1	0
4690	4653	4689	12	-1	-1	-1	0
4665	4666	4703	12	-1	-1	-1	0
4698	4668	4669	12	-1	-1	-1	0
4667	4665	4703	12	-1	-1	-1	0
4687	4694	4656	11	-1	-1	-1	0
4691	4655	4692	11	-1	-1	-1	0
4704	4669	4667	12	-1	-1	-1	0
4693	4692	4656	11	-1	-1	-1	0
4656	4694	4693	11	-1	-1	-1	0
4707	4670	4671	12	-1	-1	-1	0
4697	4695	4658	12	-1	-1	-1	0
4697	4658	4696	12	-1	-1	-1	0
4673	4708	4672	12	-1	-1	-1	0
4676	4707	4671	12	-1	-1	-1	0
4674	4672	4708	12	-1	-1	-1	0
4661	4698	4696	12	-1	-1	-1	0
4709	4675	4674	12	-1	-1	-1	0
4699	4700	4662	12	-1	-1	0	0
4676	4675	4710	12	-1	-1	-1	0
4664	4700	4701	12	-1	-1	-1	0
4702	4664	4701	12	-1	-1	-1	0
4678	4712	4680	12	-1	-1	-1	0
4703	4666	4702	12	-1	-1	-1	0
4698	4669	4706	12	-1	-1	-1	0
4714	4679	4680	12	-1	-1	-1	0
4713	4681	4679	12	-1	-1	-1	0
4667	4703	4704	12	-1	-1	-1	0
4673	4695	4708	12	-1	-1	-1	0
4705	4669	4704	12	-1	-1	-1	0
4705	4706	4669	12	-1	-1	-1	0
4681	4715	4685	12	-1	-1	-1	0
4685	4715	4689	12	-1	-1	-1	0
4687	4686	4716	12	-1	-1	-1	0
4688	4716	4686	12	-1	-1	-1	0
4708	4709	4674	12	-1	-1	-1	0
4675	4709	4710	12	-1	-1	-1	0
4707	4676	4711	12	-1	-1	-1	0
4719	4688	4690	12	-1	-1	-1	0
4710	4711	4676	12	-1	-1	-1	0
4694	4687	4718	12	-1	-1	-1	0
4689	4720	4690	12	-1	-1	-1	0
4722	4691	4692	11	-1	-1	-1	0
4680	4712	4714	12	-1	-1	-1	0
4714	4713	4679	12	-1	-1	-1	0
4723	4692	4693	11	-1	-1	-1	0
4713	4715	4681	12	-1	-1	-1	0
4694	4724	4693	11	-1	-1	-1	0
4697	4726	4695	12	-1	-1	-1	0
4716	4717	4687	12	-1	-1	-1	0
4729	4697	4696	12	-1	-1	-1	0
4718	4687	4717	12	-1	-1	-1	0
4698	4728	4696	12	-1	-1	-1	0
4719	4716	4688	12	-1	-1	-1	0
4720	4689	4715	12	-1	-1	-1	0
4727	4708	4695	12	-1	-1	-1	0
4721	4719	4690	12	-1	-1	-1	0
4690	4720	4721	12	-1	-1	-1	0
4728	4698	4706	12	-1	-1	-1	0
4699	4734	4700	12	-1	-1	-1	0
4701	4700	4736	12	-1	-1	-1	0
4725	4694	4718	12	-1	-1	-1	0
4722	4692	4723	11	-1	-1	-1	0
4723	4693	4724	11	-1	-1	-1	0
4702	4701	4737	12	-1	-1	-1	0
4724	4694	4725	12	-1	-1	-1	0
4738	4703	4702	12	-1	-1	-1	0
4727	4709	4708	12	-1	-1	-1	0
4704	4703	4738	12	-1	-1	-1	0
4727	4695	4726	12	-1	-1	-1	0
4704	4740	4705	12	-1	-1	-1	0
4706	4705	4741	12	-1	-1	-1	0
4719	4717	4716	12	-1	-1	-1	0
4729	4696	4728	12	-1	-1	-1	0
4697	4731	4726	12	-1	-1	-1	0
4697	4729	4730	12	-1	-1	-1	0
4732	4697	4730	12	-1	-1	-1	0
4731	4697	4732	12	-1	-1	-1	0
4710	4709	4743	12	-1	-1	-1	0
4699	4733	4734	12	0	-1	-1	0
4711	4710	4745	12	-1	-1	-1	0
4735	4700	4734	12	-1	-1	-1	0
4700	4735	4736	12	-1	-1	-1	0
4714	4712	4747	12	-1	-1	-1	0
4701	4736	4737	12	-1	-1	-1	0
4748	4713	4714	12	-1	-1	-1	0
4728	4706	4742	12	-1	-1	-1	0
4715	4713	4749	12	-1	-1	-1	0
4737	4738	4702	12	-1	-1	-1	0
4727	4744	4709	12	-1	-1	-1	0
4704	4738	4739	12	-1	-1	-1	0
4704	4739	4740	12	-1	-1	-1	0
4720	4715	4749	12	-1	-1	-1	0
4731	4727	4726	12	-1	-1	-1	0
4717	4750	4718	12	-1	-1	-1	0
4719	4750	4717	12	-1	-1	-1	0
4705	4740	4741	12	-1	-1	-1	0
4706	4741	4742	12	-1	-1	-1	0
4719	4721	4750	12	-1	-1	-1	0
4752	4721	4720	12	-1	-1	-1	0
4751	4725	4718	12	-1	-1	-1	0
4709	4744	4743	12	-1	-1	-1	0
4742	4729	4728	12	-1	-1	-1	0
4710	4743	4746	12	-1	-1	-1	0
4755	4722	4723	11	-1	-1	-1	0
4745	4710	4746	12	-1	-1	-1	0
4756	4723	4724	11	-1	-1	-1	0
4757	4724	4725	12	-1	-1	-1	0
4747	4748	4714	12	-1	-1	-1	0
4748	4749	4713	12	-1	-1	-1	0
4731	4759	4727	12	-1	-1	-1	0
4760	4730	4729	12	-1	-1	-1	0
4718	4750	4751	12	-1	-1	-1	0
4720	4749	4752	12	-1	-1	-1	0
4730	4761	4732	12	-1	-1	-1	0
4721	4753	4750	12	-1	-1	-1	0
4762	4731	4732	12	-1	-1	-1	0
4754	4721	4752	12	-1	-1	-1	0
4753	4721	4754	12	-1	-1	-1	0
4759	4744	4727	12	-1	-1	-1	0
4729	4742	4760	12	-1	-1	-1	0
4734	4733	4766	12	-1	-1	-1	0
4725	4751	4758	12	-1	-1	-1	0
4723	4756	4755	11	-1	-1	-1	0
4767	4735	4734	12	-1	-1	-1	0
4757	4756	4724	12	-1	-1	-1	0
4768	4736	4735	12	-1	-1	-1	0
4757	4725	4758	12	-1	-1	-1	0
4736	4770	4737	12	-1	-1	-1	0
4738	4737	4772	12	-1	-1	-1	0
4738	4773	4739	12	-1	-1	-1	0
4761	4730	4760	12	-1	-1	-1	0
4759	4731	4762	12	-1	-1	-1	0
4740	4739	4774	12	-1	-1	-1	0
4753	4751	4750	12	-1	-1	-1	0
4763	4732	4761	12	-1	-1	-1	0
4741	4740	4775	12	-1	-1	-1	0
4764	4762	4732	12	-1	-1	-1	0
4741	4776	4742	12	-1	-1	-1	0
4764	4732	4763	12	-1	-1	-1	0
4777	4743	4744	12	-1	-1	-1	0
4765	4766	4733	12	-1	-1	0	0
4746	4743	4777	12	-1	-1	-1	0
4766	4767	4734	12	-1	-1	-1	0
4746	4779	4745	12	-1	-1	-1	0
4735	4767	4769	12	-1	-1	-1	0
4768	4735	4769	12	-1	-1	0	0
4770	4736	4768	12	-1	-1	0	0
4747	4780	4748	12	-1	-1	-1	0
4749	4748	4780	12	-1	-1	-1	0
4737	4770	4771	12	-1	0	-1	0
4760	4742	4776	12	-1	-1	-1	0
4771	4772	4737	12	-1	-1	-1	0
4778	4744	4759	12	-1	-1	-1	0
4749	4781	4752	12	-1	-1	-1	0
4773	4738	4772	12	-1	-1	-1	0
4739	4773	4774	12	-1	-1	-1	0
4751	4753	4782	12	-1	-1	-1	0
4782	4753	4754	12	-1	-1	-1	0
4752	4783	4754	12	-1	-1	-1	0
4740	4774	4775	12	-1	-1	-1	0
4758	4751	4782	12	-1	-1	-1	0
4741	4775	4776	12	-1	-1	-1	0
4785	4755	4756	11	-1	-1	-1	0
4762	4778	4759	12	-1	-1	-1	0
4756	4757	4786	12	-1	-1	-1	0
4744	4778	4777	12	-1	-1	-1	0
4787	4757	4758	12	-1	-1	-1	0
4779	4746	4777	12	-1	-1	-1	0
4780	4781	4749	12	-1	-1	-1	0
4760	4790	4761	12	-1	-1	-1	0
4791	4763	4761	12	-1	-1	-1	0
4781	4783	4752	12	-1	-1	-1	0
4764	4792	4762	12	-1	-1	-1	0
4754	4784	4782	12	-1	-1	-1	0
4763	4793	4764	12	-1	-1	-1	0
4754	4783	4784	12	-1	-1	-1	0
4789	4760	4776	12	-1	-1	-1	0
4756	4786	4785	12	-1	-1	-1	0
4797	4766	4765	12	-1	-1	-1	0
4788	4758	4782	12	-1	-1	-1	0
4787	4786	4757	12	-1	-1	-1	0
4798	4767	4766	12	-1	-1	-1	0
4762	4792	4778	12	-1	-1	-1	0
4758	4788	4787	12	-1	-1	-1	0
4767	4799	4769	12	-1	0	-1	0
4790	4760	4789	12	-1	-1	-1	0
4761	4790	4791	12	-1	-1	-1	0
4800	4772	4771	12	-1	-1	0	0
4773	4772	4800	12	-1	-1	-1	0
4791	4793	4763	12	-1	-1	-1	0
4801	4774	4773	12	-1	-1	-1	0
4794	4792	4764	12	-1	-1	-1	0
4774	4802	4775	12	-1	-1	-1	0
4764	4793	4795	12	-1	-1	-1	0
4776	4775	4802	12	-1	-1	-1	0
4795	4794	4764	12	-1	-1	-1	0
4782	4784	4788	12	-1	-1	-1	0
4797	4765	4796	12	-1	0	-1	0
4777	4778	4803	12	-1	-1	-1	0
4777	4803	4779	12	-1	-1	-1	0
4797	4798	4766	12	-1	-1	-1	0
4767	4798	4799	12	-1	-1	-1	0
4776	4802	4789	12	-1	-1	-1	0
4801	4773	4800	12	-1	-1	0	0
4778	4792	4804	12	-1	-1	-1	0
4801	4802	4774	12	-1	-1	-1	0
4804	4803	4778	12	-1	-1	-1	0
4789	4807	4790	12	-1	-1	-1	0
4805	4779	4803	12	-1	-1	-1	0
4804	4792	4794	12	-1	-1	-1	0
4791	4790	4809	12	-1	-1	-1	0
4809	4793	4791	12	-1	-1	-1	0
4806	4789	4802	12	-1	-1	-1	0
4793	4810	4795	12	-1	-1	-1	0
4812	4794	4795	12	-1	-1	-1	0
4806	4807	4789	12	-1	-1	-1	0
4807	4808	4790	12	-1	-1	-1	0
4808	4809	4790	12	-1	-1	-1	0
4804	4794	4811	12	-1	-1	-1	0
4796	4816	4797	12	-1	-1	-1	0
4816	4798	4797	12	-1	-1	-1	0
4810	4793	4809	12	-1	-1	-1	0
4803	4804	4805	12	-1	-1	-1	0
4798	4817	4799	12	-1	0	-1	0
4811	4794	4812	12	-1	-1	-1	0
4813	4795	4810	12	-1	-1	-1	0
4795	4814	4812	12	-1	-1	-1	0
4813	4814	4795	12	-1	-1	-1	0
4801	4819	4802	12	0	-1	-1	0
4816	4796	4815	12	-1	0	-1	0
4806	4802	4819	12	-1	-1	-1	0
4804	4820	4805	12	-1	-1	-1	0
4798	4816	4818	12	-1	-1	-1	0
4817	4798	4818	12	-1	-1	-1	0
4821	4807	4806	12	-1	-1	-1	0
4820	4804	4811	12	-1	-1	-1	0
4821	4808	4807	12	-1	-1	-1	0
4822	4809	4808	12	-1	-1	-1	0
4824	4810	4809	12	-1	-1	-1	0
4821	4806	4819	12	-1	-1	0	0
4824	4813	4810	12	-1	-1	-1	0
4825	4811	4812	12	-1	-1	-1	0
4808	4821	4822	12	-1	0	-1	0
4814	4827	4812	12	-1	-1	-1	0
4823	4809	4822	12	-1	-1	0	0
4828	4814	4813	12	-1	-1	-1	0
4811	4825	4820	12	-1	-1	-1	0
4809	4823	4824	12	-1	-1	-1	0
4812	4826	4825	12	-1	-1	-1	0
4815	4833	4816	12	-1	-1	-1	0
4826	4812	4827	12	-1	-1	-1	0
4828	4813	4824	12	-1	-1	-1	0
4818	4816	4833	12	-1	-1	-1	0
4834	4817	4818	12	0	-1	-1	0
4829	4814	4828	12	-1	-1	-1	0
4814	4831	4827	12	-1	-1	-1	0
4814	4829	4830	12	-1	-1	-1	0
4814	4830	4831	12	-1	-1	-1	0
4832	4833	4815	12	-1	-1	0	0
4823	4836	4824	12	-1	-1	-1	0
4818	4833	4834	12	-1	-1	-1	0
4836	4828	4824	12	-1	-1	-1	0
4827	4837	4826	12	-1	-1	-1	0
4823	4835	4836	12	0	-1	-1	0
4837	4827	4831	12	-1	-1	-1	0
4838	4829	4828	12	-1	-1	-1	0
4830	4829	4839	12	-1	-1	-1	0
4831	4830	4840	12	-1	-1	-1	0
4828	4836	4838	12	-1	-1	-1	0
4838	4839	4829	12	-1	-1	-1	0
4836	4835	4838	12	-1	-1	-1	0
4840	4830	4841	12	-1	-1	-1	0
4842	4830	4839	12	-1	-1	-1	0
4833	4832	4846	12	-1	-1	-1	0
4837	4831	4843	12	-1	-1	-1	0
4846	4834	4833	12	0	-1	-1	0
4841	4830	4842	12	-1	-1	-1	0
4840	4844	4831	12	-1	-1	-1	0
4831	4844	4843	12	-1	-1	-1	0
4835	4847	4838	12	0	-1	-1	0
4846	4832	4845	12	-1	0	0	0
4847	4839	4838	12	-1	-1	-1	0
4848	4842	4839	12	-1	-1	-1	0
4841	4849	4840	12	-1	-1	-1	0
4840	4849	4844	12	-1	-1	-1	0
4841	4842	4850	12	-1	-1	-1	0
4848	4839	4847	12	-1	-1	0	0
4851	4849	4841	12	-1	-1	-1	0
4854	4843	4844	12	-1	-1	-1	0
4850	4851	4841	12	-1	-1	-1	0
4852	4842	4848	12	-1	-1	0	0
4842	4853	4850	12	-1	-1	-1	0
4852	4853	4842	12	-1	-1	-1	0
4854	4844	4849	12	-1	-1	-1	0
4856	4849	4851	12	-1	-1	-1	0
4850	4857	4851	12	-1	-1	-1	0
4854	4849	4855	12	-1	-1	-1	0
4856	4855	4849	12	-1	-1	-1	0
4858	4850	4853	12	-1	-1	-1	0
4857	4850	4858	12	-1	-1	-1	0
4856	4851	4859	12	-1	-1	-1	0
4861	4853	4852	12	-1	-1	0	0
4860	4851	4857	12	-1	-1	-1	0
4859	4851	4860	12	-1	-1	-1	0
4861	4858	4853	12	-1	-1	-1	0
4856	4862	4855	12	-1	-1	-1	0
4859	4863	4856	12	-1	-1	-1	0
4857	4858	4864	12	-1	-1	-1	0
4856	4863	4862	12	-1	-1	-1	0
4857	4864	4860	12	-1	-1	-1	0
4858	4861	4865	12	-1	0	-1	0
4867	4859	4860	12	-1	-1	-1	0
4864	4858	4865	12	-1	-1	-1	0
4863	4859	4866	12	-1	-1	-1	0
4866	4859	4867	12	-1	-1	-1	0
4868	4860	4864	12	-1	-1	-1	0
4863	4869	4862	12	-1	-1	-1	0
4867	4860	4868	12	-1	-1	-1	0
4870	4863	4866	12	-1	-1	-1	0
4865	4871	4864	12	0	-1	-1	0
4863	4870	4869	12	-1	-1	-1	0
4871	4868	4864	12	-1	-1	-1	0
4866	4867	4872	12	-1	-1	-1	0
4873	4867	4868	12	-1	-1	-1	0
4866	4872	4870	12	-1	-1	-1	0
4872	4867	4873	12	-1	-1	-1	0
4871	4874	4868	12	0	-1	-1	0
4870	4875	4869	12	-1	-1	-1	0
4868	4874	4873	12	-1	-1	-1	0
4870	4872	4876	12	-1	-1	-1	0
4876	4875	4870	12	-1	-1	-1	0
4873	4877	4872	12	-1	-1	-1	0
4876	4872	4877	12	-1	-1	-1	0
4874	4878	4873	12	0	-1	-1	0
4873	4878	4877	12	-1	-1	-1	0
4876	4879	4875	12	-1	-1	-1	0
4877	4880	4876	12	-1	-1	-1	0
4876	4880	4879	12	-1	-1	-1	0
4878	4881	4877	12	0	-1	-1	0
4881	4880	4877	12	-1	-1	-1	0
4880	4882	4879	12	-1	-1	-1	0
4881	4883	4880	12	0	-1	-1	0
4882	4880	4883	12	-1	-1	-1	0
4883	4884	4882	12	0	-1	-1	0
13
1	0
1	-0
1	0
1	-0
1	0
1	0
1	0
1	0
1	0
1	0
1	0
1	0
1	0
0
0
